round,item,latency_ns
0,0,11635825
0,1,11552843
0,2,11462523
0,3,11329782
0,4,11274596
0,5,11305199
0,6,11556976
0,7,11590477
0,8,39115
0,9,11414195
0,10,11737444
0,11,11725152
0,12,11476719
0,13,11494656
0,14,11372222
0,15,11320067
0,16,11396938
0,17,11496233
0,18,11435984
0,19,11513731
0,20,11296212
0,21,11300422
0,22,11398462
0,23,11257013
0,24,11388941
0,25,11556480
0,26,11438415
0,27,11497633
0,28,11384645
0,29,11306999
0,30,11413132
0,31,11584982
0,32,11453563
0,33,11410771
0,34,11400703
0,35,11496140
0,36,11414396
0,37,11454210
0,38,11531720
0,39,11766525
0,40,11519438
0,41,11553186
0,42,11376842
0,43,11342122
0,44,11357279
0,45,11314392
0,46,11286464
0,47,11261313
0,48,11334416
0,49,11472111
0,50,11525417
0,51,11444986
0,52,11567635
0,53,11428884
0,54,11558687
0,55,11464140
0,56,11381944
0,57,11335531
0,58,11329740
0,59,11561959
0,60,11596382
0,61,11652453
0,62,12185520
0,63,11774374
0,64,11707248
0,65,11908659
0,66,11769430
0,67,11722823
0,68,11730889
0,69,11871209
0,70,12259764
0,71,11794192
0,72,11705586
0,73,11766856
0,74,12020990
0,75,12087881
0,76,12295757
0,77,54359
0,78,12295577
0,79,12036001
0,80,11870250
0,81,11814388
0,82,11694903
0,83,12659749
0,84,11969115
0,85,12105592
0,86,11914846
0,87,11663624
0,88,11874270
0,89,11851356
0,90,12004411
0,91,12177097
0,92,12477633
0,93,12406837
0,94,12135462
0,95,12142085
0,96,12309908
0,97,12155003
0,98,12017798
0,99,12320790
0,100,12182699
0,101,12935687
0,102,12215043
0,103,12281891
0,104,12274500
0,105,12282589
0,106,12333165
0,107,12166794
0,108,12206826
0,109,11937878
0,110,11893633
0,111,11728273
0,112,11574591
0,113,11520580
0,114,11489187
0,115,11632630
0,116,11693987
0,117,11870634
0,118,11894934
0,119,11756712
0,120,11801380
0,121,11637748
0,122,11750379
0,123,11684866
0,124,11565872
0,125,11713624
0,126,11540340
0,127,11559204
0,128,11527164
0,129,11497211
0,130,11666432
0,131,11985958
0,132,11631580
0,133,11654313
0,134,11576598
0,135,11381005
0,136,11416492
0,137,11276326
0,138,11200194
0,139,11226757
0,140,11203137
0,141,11223805
0,142,11393182
0,143,12316012
0,144,11976545
0,145,11783288
0,146,37159
0,147,11399540
0,148,11359958
0,149,11401077
0,150,11366076
0,151,11229427
0,152,11168789
0,153,11252577
0,154,11383805
0,155,11579108
0,156,11623068
0,157,11896415
0,158,11613455
0,159,11663393
0,160,11542818
0,161,11691275
0,162,11647497
0,163,11684872
0,164,11563514
0,165,11577159
0,166,11519968
0,167,11488981
0,168,11808498
0,169,11878340
0,170,11788759
0,171,11607103
0,172,11441602
0,173,11306851
0,174,11409535
0,175,11240512
0,176,11191089
0,177,11415066
0,178,11387318
0,179,11389298
0,180,11382478
0,181,11465592
0,182,11362628
0,183,11253858
0,184,11293580
0,185,11188171
0,186,11264525
0,187,11212450
0,188,11299004
0,189,11221789
0,190,11292203
0,191,11504820
0,192,11400366
0,193,11328382
0,194,11219636
0,195,11210664
0,196,11234207
0,197,11250755
0,198,11239849
0,199,11308057
0,200,11430216
0,201,11323288
0,202,11275374
0,203,11241757
0,204,11181531
0,205,11221228
0,206,11172880
0,207,11252601
0,208,11234941
0,209,11242135
0,210,11315989
0,211,11464211
0,212,11476440
0,213,11620412
0,214,11525785
0,215,35004
0,216,11248807
0,217,11346794
0,218,11244181
0,219,11182862
0,220,11223234
0,221,11534500
0,222,11477072
0,223,11571416
0,224,11332159
0,225,11294226
0,226,11237978
0,227,11246597
0,228,11162327
0,229,11252880
0,230,11601708
0,231,11629853
0,232,11650500
0,233,11550616
0,234,11420838
0,235,11350594
0,236,11349826
0,237,11305153
0,238,11300142
0,239,11386681
0,240,11428456
0,241,11515160
0,242,11473322
0,243,11413962
0,244,11566869
0,245,11229682
0,246,11281930
0,247,11207947
0,248,11141886
0,249,11355536
0,250,11415328
0,251,11413581
0,252,11439156
0,253,11299313
0,254,11203271
0,255,11260896
0,256,11214221
0,257,11329620
0,258,11307530
0,259,11208621
0,260,11502181
0,261,11663524
0,262,11735154
0,263,11637639
0,264,11432733
0,265,11268023
0,266,11270714
0,267,11258305
0,268,11389221
0,269,11542303
0,270,11473649
0,271,11264388
0,272,11282251
0,273,11242704
0,274,11157336
0,275,11799590
0,276,11407283
0,277,11535078
0,278,11709967
0,279,11726962
0,280,11675789
0,281,11647399
0,282,11719465
0,283,12786161
0,284,34433
0,285,12072261
0,286,11412093
0,287,11434897
0,288,11663327
0,289,11998047
0,290,11646762
0,291,11910263
0,292,11870364
0,293,11638699
0,294,11623065
0,295,11652102
0,296,11974850
0,297,12181064
0,298,12061405
0,299,12384304
0,300,12071116
0,301,11731316
0,302,11712440
0,303,11722881
0,304,11875364
0,305,11999912
0,306,12167014
0,307,11846522
0,308,11715486
0,309,11617582
0,310,11628319
0,311,11804431
0,312,11952674
0,313,12083328
0,314,11989731
0,315,12034997
0,316,11721394
0,317,11937733
0,318,11959691
0,319,11850169
0,320,12060368
0,321,12131313
0,322,12136620
0,323,11769353
0,324,11837917
0,325,11867366
0,326,11690254
0,327,11506988
0,328,11504576
0,329,11441449
0,330,11755701
0,331,11816166
0,332,11686972
0,333,11705582
0,334,11834413
0,335,11820710
0,336,11910760
0,337,11820998
0,338,11985196
0,339,11936401
0,340,11844342
0,341,11751158
0,342,11866665
0,343,12038397
0,344,11832645
0,345,11787924
0,346,11691003
0,347,11778006
0,348,11889290
0,349,12050117
0,350,11721676
0,351,11662009
0,352,11659411
0,353,45631
0,354,11411591
0,355,11386827
0,356,11407646
0,357,11574848
0,358,11562695
0,359,11382772
0,360,11348186
0,361,11361493
0,362,11226584
0,363,11216820
0,364,11433986
0,365,11371915
0,366,11383778
0,367,11510820
0,368,11266144
0,369,11298114
0,370,11271526
0,371,11265796
0,372,11240276
0,373,11326256
0,374,11270687
0,375,11316030
0,376,11244894
0,377,11277140
0,378,11131706
0,379,11282531
0,380,11352467
0,381,11446657
0,382,11358513
0,383,11301777
0,384,11341803
0,385,11170664
0,386,11195018
0,387,11176280
0,388,11319990
0,389,11222912
0,390,11284931
0,391,11156946
0,392,11223371
0,393,11165379
0,394,11220191
0,395,11365560
0,396,11253709
0,397,11331377
0,398,11241417
0,399,11151525
0,400,11140757
0,401,11223801
0,402,11213451
0,403,11175442
0,404,11172708
0,405,11290368
0,406,11327442
0,407,11383375
0,408,11248468
0,409,11229767
0,410,11361717
0,411,11415312
0,412,11401777
0,413,11393628
0,414,11540542
0,415,11458547
0,416,11216711
0,417,11286851
0,418,11314685
0,419,11222815
0,420,11463600
0,421,11459458
0,422,29320
0,423,11282949
0,424,11302358
0,425,11276193
0,426,11398281
0,427,11304087
0,428,11274779
0,429,11962233
0,430,11393846
0,431,11620853
0,432,11745955
0,433,11579733
0,434,11263804
0,435,11381706
0,436,11238526
0,437,11291513
0,438,11372895
0,439,11248832
0,440,11318100
0,441,11184631
0,442,11223878
0,443,11226741
0,444,11278145
0,445,11243854
0,446,11247569
0,447,11166973
0,448,11207537
0,449,11319423
0,450,11397629
0,451,11240947
0,452,11231724
0,453,11452432
0,454,11429046
0,455,11444832
0,456,11280185
0,457,11248504
0,458,11210182
0,459,11285057
0,460,11329470
0,461,11302857
0,462,11279594
0,463,11284022
0,464,11410358
0,465,11298139
0,466,11218629
0,467,11163288
0,468,11216108
0,469,11322061
0,470,11374314
0,471,11246605
0,472,11232417
0,473,11318635
0,474,11381932
0,475,11273364
0,476,11387563
0,477,11296725
0,478,11228366
0,479,11342525
0,480,11495863
0,481,11622839
0,482,11425678
0,483,11423701
0,484,11393292
0,485,11453936
0,486,11462366
0,487,11457031
0,488,11568653
0,489,11829012
0,490,11807837
0,491,45137
0,492,11551377
0,493,11482212
0,494,11439725
0,495,11505128
0,496,11633257
0,497,11763561
0,498,11729532
0,499,11460872
0,500,11348000
0,501,11467815
0,502,11457594
0,503,11480137
0,504,11532174
0,505,11455343
0,506,11302319
0,507,11235839
0,508,11307123
0,509,11495171
0,510,11129481
0,511,11217434
0,512,11119432
0,513,11077772
0,514,11144744
0,515,11250049
0,516,11270484
0,517,11656927
0,518,11703665
0,519,12010381
0,520,11739434
0,521,11697138
0,522,11607953
0,523,11414574
0,524,11395522
0,525,11607830
0,526,11600371
0,527,11454467
0,528,11522673
0,529,11380971
0,530,11557895
0,531,11614758
0,532,11387651
0,533,11328942
0,534,11369419
0,535,11387296
0,536,11246687
0,537,11249303
0,538,11276599
0,539,11196549
0,540,11249522
0,541,11282685
0,542,11229320
0,543,11222624
0,544,11278671
0,545,11481942
0,546,11412822
0,547,11307487
0,548,11248220
0,549,11256849
0,550,11555081
0,551,11375469
0,552,11394489
0,553,11385715
0,554,11434671
0,555,11331823
0,556,11306923
0,557,11304939
0,558,11565966
0,559,11608599
0,560,31885
0,561,11399630
0,562,11441709
0,563,11713482
0,564,11675912
0,565,12372912
0,566,11667304
0,567,11490877
0,568,11582161
0,569,11452335
0,570,11381218
0,571,11406214
0,572,11300000
0,573,11304821
0,574,11311180
0,575,11270277
0,576,11370192
0,577,11453272
0,578,11497090
0,579,11546208
0,580,11396797
0,581,11279716
0,582,11228109
0,583,11183544
0,584,11322045
0,585,11247020
0,586,11256357
0,587,11214179
0,588,11210657
0,589,11459585
0,590,11358226
0,591,11544168
0,592,11363673
0,593,11422461
0,594,11292854
0,595,11309176
0,596,11262255
0,597,11354496
0,598,11382311
0,599,11212628
0,600,11231620
0,601,11216936
0,602,11170529
0,603,11205843
0,604,11346142
0,605,11277993
0,606,11411622
0,607,11405708
0,608,11301913
0,609,11258167
0,610,11174662
0,611,11318544
0,612,11225888
0,613,11316592
0,614,11464412
0,615,11423142
0,616,11527880
0,617,11451385
0,618,11500116
0,619,11448037
0,620,11544380
0,621,11384765
0,622,11358667
0,623,11280532
0,624,11384378
0,625,11296176
0,626,11245474
0,627,11504443
0,628,11434462
0,629,25589
0,630,11296933
0,631,11506973
0,632,11669673
0,633,11758461
0,634,12120923
0,635,11894980
0,636,11752230
0,637,11901229
0,638,12900115
0,639,11695265
0,640,11514878
0,641,11293641
0,642,11315632
0,643,11332824
0,644,11435660
0,645,11527111
0,646,11495531
0,647,11590133
0,648,11545428
0,649,11309246
0,650,11283026
0,651,11237764
0,652,11254103
0,653,11285962
0,654,11288084
0,655,11414735
0,656,11559046
0,657,11394441
0,658,11519262
0,659,11531492
0,660,11847752
0,661,11620930
0,662,11522626
0,663,11468915
0,664,11369850
0,665,11340438
0,666,11411266
0,667,11358241
0,668,11485693
0,669,11662652
0,670,11544422
0,671,11579137
0,672,11608930
0,673,11674858
0,674,11663189
0,675,11659784
0,676,11657584
0,677,11532464
0,678,11461571
0,679,11378196
0,680,11335252
0,681,11268334
0,682,11336421
0,683,11477844
0,684,11415328
0,685,11406716
0,686,11568051
0,687,11488998
0,688,11393446
0,689,11484301
1,0,11398820
1,1,11426624
1,2,11324883
1,3,11300422
1,4,11357431
1,5,11345422
1,6,12029159
1,7,12039103
1,8,46587
1,9,11633627
1,10,11969767
1,11,12068213
1,12,11944844
1,13,12135493
1,14,11866365
1,15,11825325
1,16,12029449
1,17,11748532
1,18,11847454
1,19,11759875
1,20,11603475
1,21,11700994
1,22,11635551
1,23,11609809
1,24,11635969
1,25,11624630
1,26,11694125
1,27,11707104
1,28,11769481
1,29,11499112
1,30,11506567
1,31,11473140
1,32,11532697
1,33,11513783
1,34,11634274
1,35,11889015
1,36,11792386
1,37,11913621
1,38,11856832
1,39,12037850
1,40,11898172
1,41,11758465
1,42,11643705
1,43,11566641
1,44,11416722
1,45,11447231
1,46,11439077
1,47,11441847
1,48,11487214
1,49,11396317
1,50,11747867
1,51,11524827
1,52,11474846
1,53,11394053
1,54,11420166
1,55,11311757
1,56,11282645
1,57,11324838
1,58,11291631
1,59,11337199
1,60,11632985
1,61,11832867
1,62,12052789
1,63,12122265
1,64,11855837
1,65,11901092
1,66,11690619
1,67,11595154
1,68,11457720
1,69,11448390
1,70,11494653
1,71,11513564
1,72,11523159
1,73,11494689
1,74,11413219
1,75,11901331
1,76,12150520
1,77,50633
1,78,11749915
1,79,11734580
1,80,11730725
1,81,11706911
1,82,11496185
1,83,11547037
1,84,11535691
1,85,11528270
1,86,11451589
1,87,11558393
1,88,11861144
1,89,11803416
1,90,11898905
1,91,11741138
1,92,11867599
1,93,11526676
1,94,11472286
1,95,11414482
1,96,11359423
1,97,11402223
1,98,11509544
1,99,11457422
1,100,11276766
1,101,11355331
1,102,11366954
1,103,11469826
1,104,11448131
1,105,11317976
1,106,11361947
1,107,11298741
1,108,11386772
1,109,11422634
1,110,11424673
1,111,11453652
1,112,11336960
1,113,11304918
1,114,11357617
1,115,11391984
1,116,11529316
1,117,11545045
1,118,11439189
1,119,11452658
1,120,11407538
1,121,11393915
1,122,11261428
1,123,11367384
1,124,11334801
1,125,11256607
1,126,11285707
1,127,11383825
1,128,11638893
1,129,11430682
1,130,11436432
1,131,11874883
1,132,11429089
1,133,11458935
1,134,11359883
1,135,11435511
1,136,11300581
1,137,11281075
1,138,11257905
1,139,11303000
1,140,11406314
1,141,11352079
1,142,11413961
1,143,11435030
1,144,11853001
1,145,11921997
1,146,44961
1,147,11673007
1,148,11445193
1,149,11358555
1,150,11292836
1,151,11336145
1,152,11231394
1,153,11251240
1,154,11280288
1,155,11244181
1,156,11238907
1,157,11345073
1,158,11379294
1,159,11462791
1,160,11397064
1,161,11277900
1,162,11287459
1,163,11281563
1,164,11252882
1,165,11325623
1,166,11300467
1,167,11342197
1,168,11377586
1,169,11483804
1,170,11417999
1,171,11532491
1,172,11584201
1,173,11398168
1,174,11369410
1,175,11360510
1,176,11419087
1,177,11507614
1,178,11333938
1,179,11317236
1,180,11282613
1,181,11264267
1,182,11414438
1,183,11434842
1,184,11565367
1,185,11443168
1,186,11365577
1,187,11358511
1,188,11365913
1,189,11515903
1,190,12232667
1,191,11473175
1,192,11410535
1,193,11408510
1,194,11441736
1,195,11336761
1,196,11670626
1,197,11782358
1,198,11611650
1,199,11571010
1,200,11585279
1,201,12063741
1,202,11504565
1,203,11417282
1,204,11343310
1,205,11300675
1,206,11277562
1,207,11458788
1,208,11392889
1,209,11460751
1,210,11567193
1,211,11436507
1,212,11435486
1,213,11431499
1,214,11584713
1,215,28519
1,216,11300417
1,217,11256062
1,218,11227517
1,219,11276281
1,220,11385633
1,221,11263496
1,222,11251769
1,223,11525774
1,224,11715720
1,225,11559376
1,226,11478200
1,227,11286737
1,228,11250628
1,229,11223637
1,230,11280042
1,231,11230675
1,232,11293694
1,233,11298117
1,234,11463803
1,235,11472730
1,236,11483711
1,237,11527393
1,238,11590614
1,239,11447141
1,240,11352354
1,241,11391190
1,242,11341481
1,243,11292141
1,244,11339128
1,245,11289977
1,246,11414163
1,247,11298180
1,248,11228998
1,249,11334509
1,250,11394943
1,251,11532719
1,252,11471391
1,253,11320918
1,254,11245604
1,255,11269146
1,256,11332806
1,257,11468347
1,258,11457509
1,259,11334199
1,260,11313269
1,261,11370769
1,262,11440465
1,263,11499970
1,264,11598707
1,265,11399796
1,266,11319419
1,267,11248158
1,268,11424942
1,269,11469877
1,270,11300786
1,271,11275578
1,272,11287022
1,273,11328012
1,274,11320966
1,275,11491593
1,276,11431828
1,277,11346157
1,278,11306097
1,279,11299543
1,280,11299636
1,281,11275530
1,282,11549907
1,283,11405315
1,284,27117
1,285,11272537
1,286,11481004
1,287,11316060
1,288,11304728
1,289,11395854
1,290,11306496
1,291,11307260
1,292,11311020
1,293,11222995
1,294,11293541
1,295,11406946
1,296,11299139
1,297,11395204
1,298,11410337
1,299,11318665
1,300,11304770
1,301,11310772
1,302,12712082
1,303,11539740
1,304,11454643
1,305,11440003
1,306,11454969
1,307,11395425
1,308,11383518
1,309,11419573
1,310,11420740
1,311,11411805
1,312,11485648
1,313,11576562
1,314,11482502
1,315,11687877
1,316,11352993
1,317,11278707
1,318,11320403
1,319,11355460
1,320,11396503
1,321,11269446
1,322,11237964
1,323,11257220
1,324,11377193
1,325,11252375
1,326,11294136
1,327,11527030
1,328,11366384
1,329,11355200
1,330,11416782
1,331,11425087
1,332,11408254
1,333,11263283
1,334,11240739
1,335,11236037
1,336,11301474
1,337,11261210
1,338,11373754
1,339,11444370
1,340,11378741
1,341,11404972
1,342,11542718
1,343,11394529
1,344,11290805
1,345,11373214
1,346,11335027
1,347,11266685
1,348,11257740
1,349,11274640
1,350,11280419
1,351,11501833
1,352,11604309
1,353,30487
1,354,11326856
1,355,11338740
1,356,11327613
1,357,11532403
1,358,11464670
1,359,12326505
1,360,11403995
1,361,11412085
1,362,11316633
1,363,11300341
1,364,11356395
1,365,11237734
1,366,11248421
1,367,11246532
1,368,11289913
1,369,11239224
1,370,11324289
1,371,11424879
1,372,11384002
1,373,11303675
1,374,11291272
1,375,11244464
1,376,11398487
1,377,12194492
1,378,11417726
1,379,11322877
1,380,11383997
1,381,11266877
1,382,11253849
1,383,11331541
1,384,11444912
1,385,11627734
1,386,11599524
1,387,11412869
1,388,11331439
1,389,11325356
1,390,11281016
1,391,11289305
1,392,11284802
1,393,11207936
1,394,11236654
1,395,11258482
1,396,11227431
1,397,11415029
1,398,11463701
1,399,11478108
1,400,11526032
1,401,11467309
1,402,11400542
1,403,11424285
1,404,11296719
1,405,11292709
1,406,11241628
1,407,11302787
1,408,11361005
1,409,11239406
1,410,11262880
1,411,11277619
1,412,11345560
1,413,11449515
1,414,11488384
1,415,11413848
1,416,11355701
1,417,11290143
1,418,11363293
1,419,11368091
1,420,11646105
1,421,11524032
1,422,27148
1,423,11251495
1,424,11260815
1,425,11228475
1,426,11623393
1,427,11747267
1,428,11607442
1,429,11724125
1,430,11671164
1,431,11472341
1,432,11387937
1,433,11460305
1,434,11349316
1,435,11285134
1,436,11420630
1,437,11538046
1,438,11768099
1,439,11724818
1,440,11781548
1,441,11793698
1,442,11797311
1,443,11953468
1,444,11813084
1,445,11775605
1,446,11842874
1,447,11665337
1,448,11348504
1,449,11309974
1,450,11286075
1,451,11380332
1,452,11277097
1,453,11491501
1,454,11302940
1,455,11378518
1,456,11386100
1,457,11665405
1,458,11682106
1,459,11532591
1,460,11488515
1,461,11418545
1,462,11353252
1,463,11388775
1,464,11309788
1,465,11263003
1,466,11219294
1,467,11258545
1,468,11258075
1,469,11435623
1,470,11438898
1,471,11547458
1,472,11693440
1,473,11466131
1,474,11423015
1,475,11357648
1,476,11482567
1,477,11438249
1,478,11390828
1,479,11416226
1,480,11461432
1,481,11746609
1,482,11636004
1,483,11574548
1,484,11477882
1,485,11685886
1,486,11541858
1,487,11387527
1,488,11402806
1,489,11695448
1,490,11768133
1,491,36973
1,492,11386544
1,493,11497573
1,494,11491643
1,495,11330799
1,496,11280885
1,497,11364709
1,498,11624901
1,499,11665200
1,500,11794784
1,501,11617533
1,502,11486776
1,503,11394940
1,504,11386969
1,505,11452254
1,506,11280118
1,507,11288383
1,508,11370869
1,509,11271691
1,510,11404950
1,511,11284564
1,512,11303070
1,513,11416634
1,514,11381391
1,515,11416892
1,516,11429632
1,517,11354873
1,518,11330330
1,519,11301336
1,520,11368236
1,521,11299613
1,522,11346441
1,523,11301032
1,524,11390496
1,525,11350010
1,526,11780226
1,527,11537141
1,528,11511397
1,529,11619962
1,530,11446096
1,531,11503414
1,532,11430927
1,533,11275403
1,534,11389378
1,535,11240574
1,536,11235503
1,537,11247457
1,538,11283217
1,539,11281322
1,540,11245977
1,541,11330961
1,542,11320397
1,543,11433714
1,544,11441358
1,545,11406140
1,546,11285353
1,547,11261644
1,548,11230398
1,549,11346178
1,550,11288951
1,551,11204645
1,552,11291369
1,553,11332911
1,554,11228614
1,555,11284508
1,556,11380103
1,557,11474363
1,558,11696040
1,559,11777970
1,560,36953
1,561,11487055
1,562,11455119
1,563,11543324
1,564,11549296
1,565,11528411
1,566,11325996
1,567,11344946
1,568,11392587
1,569,11297925
1,570,11400260
1,571,11426519
1,572,11538175
1,573,11445061
1,574,11417258
1,575,11306103
1,576,11401649
1,577,11429953
1,578,11336957
1,579,11468128
1,580,11521792
1,581,11406335
1,582,11523312
1,583,11474894
1,584,11499689
1,585,11420519
1,586,11614547
1,587,11429335
1,588,11326978
1,589,11399971
1,590,11265694
1,591,11466409
1,592,11302753
1,593,11300986
1,594,11374597
1,595,11361286
1,596,11428679
1,597,11342723
1,598,11564329
1,599,11388469
1,600,11521578
1,601,11518052
1,602,11363184
1,603,11320923
1,604,11324704
1,605,11254359
1,606,11292129
1,607,11254193
1,608,11294912
1,609,11299359
1,610,11246457
1,611,11250901
1,612,11352830
1,613,11594123
1,614,11817808
1,615,11601347
1,616,11334905
1,617,11351701
1,618,11326499
1,619,11337928
1,620,11280625
1,621,11341641
1,622,11267813
1,623,11357455
1,624,11361503
1,625,11389236
1,626,11478956
1,627,12114184
1,628,12438362
1,629,51937
1,630,12054937
1,631,12099914
1,632,12485865
1,633,12002261
1,634,11876357
1,635,11911976
1,636,11879862
1,637,11955880
1,638,11761418
1,639,11947141
1,640,12367540
1,641,11784926
1,642,11862300
1,643,12081979
1,644,11871779
1,645,11832641
1,646,11947409
1,647,12282042
1,648,12084433
1,649,11952033
1,650,12178055
1,651,12251906
1,652,11931405
1,653,11960541
1,654,12241219
1,655,12081255
1,656,13293106
1,657,12286640
1,658,11994470
1,659,11855891
1,660,11952869
1,661,11638536
1,662,11502290
1,663,11406695
1,664,11356131
1,665,11413918
1,666,11365683
1,667,11387135
1,668,11432190
1,669,11398458
1,670,11445044
1,671,11563924
1,672,11349281
1,673,11326129
1,674,11398592
1,675,11342913
1,676,11323406
1,677,11258114
1,678,11338592
1,679,11313047
1,680,11295702
1,681,11298945
1,682,11441880
1,683,11733839
1,684,11701882
1,685,11653042
1,686,11424218
1,687,11316116
1,688,11278342
1,689,11292837
2,0,11329115
2,1,11416079
2,2,11272726
2,3,11304826
2,4,11328611
2,5,11419402
2,6,11624240
2,7,11607496
2,8,32642
2,9,11517012
2,10,11470733
2,11,11432354
2,12,11452111
2,13,11400708
2,14,11473113
2,15,11475409
2,16,11518370
2,17,11815484
2,18,11834970
2,19,11584851
2,20,11525119
2,21,11515036
2,22,11516910
2,23,11758992
2,24,11783056
2,25,11715163
2,26,11669194
2,27,11527402
2,28,11540428
2,29,11414069
2,30,11381222
2,31,11413872
2,32,11559276
2,33,11457350
2,34,11576680
2,35,11684786
2,36,11673375
2,37,11677754
2,38,11694125
2,39,12762664
2,40,11627017
2,41,11449757
2,42,11464369
2,43,11460516
2,44,11366837
2,45,11290152
2,46,11424565
2,47,11230662
2,48,11249952
2,49,11426839
2,50,11392295
2,51,11445230
2,52,11377699
2,53,11390914
2,54,11370984
2,55,11399187
2,56,11357574
2,57,11326034
2,58,11232676
2,59,11280770
2,60,11304441
2,61,11339589
2,62,11392085
2,63,11503117
2,64,11424749
2,65,11623981
2,66,11626424
2,67,11555453
2,68,11411089
2,69,11324136
2,70,11386889
2,71,11452300
2,72,11355378
2,73,11305898
2,74,11267454
2,75,11469769
2,76,11533815
2,77,33036
2,78,11282319
2,79,11304862
2,80,11625346
2,81,11584222
2,82,11548554
2,83,11366737
2,84,11210199
2,85,11352349
2,86,11439133
2,87,11593326
2,88,11575097
2,89,11417243
2,90,11305351
2,91,11328915
2,92,11341058
2,93,11383844
2,94,11417701
2,95,11451687
2,96,11481269
2,97,11497210
2,98,11479450
2,99,11407052
2,100,11286757
2,101,11316775
2,102,11277150
2,103,11325292
2,104,11290204
2,105,11505162
2,106,11314222
2,107,11278323
2,108,11516532
2,109,11505462
2,110,11447914
2,111,11311470
2,112,11287508
2,113,11201450
2,114,11159748
2,115,11294277
2,116,11197755
2,117,11197634
2,118,11302925
2,119,11320420
2,120,11287354
2,121,11538794
2,122,11294742
2,123,11459136
2,124,11462336
2,125,11387246
2,126,11389753
2,127,11334415
2,128,11381239
2,129,11342461
2,130,11337264
2,131,11728951
2,132,11444110
2,133,11507905
2,134,11280800
2,135,11330558
2,136,11318372
2,137,12098050
2,138,11592764
2,139,11491060
2,140,11356544
2,141,11308425
2,142,11269845
2,143,11212619
2,144,11587610
2,145,11481217
2,146,38373
2,147,11269478
2,148,11523004
2,149,11440533
2,150,11454047
2,151,11332300
2,152,11428954
2,153,11490736
2,154,11333990
2,155,11305554
2,156,11385334
2,157,11802318
2,158,11679065
2,159,11538790
2,160,11436006
2,161,11555336
2,162,11596591
2,163,11512514
2,164,11715139
2,165,11508430
2,166,11832016
2,167,11570620
2,168,11496638
2,169,11520956
2,170,11613766
2,171,11369612
2,172,11589389
2,173,11478048
2,174,11373649
2,175,11402102
2,176,11401563
2,177,11702716
2,178,11845697
2,179,11498041
2,180,11529483
2,181,11518223
2,182,11516445
2,183,11707441
2,184,11431323
2,185,11411209
2,186,11318451
2,187,11242806
2,188,11359267
2,189,11207713
2,190,11236988
2,191,11252656
2,192,11302218
2,193,11295966
2,194,11473564
2,195,11397077
2,196,11312168
2,197,11290634
2,198,11221787
2,199,11199856
2,200,11316735
2,201,11517035
2,202,11435227
2,203,11265342
2,204,11207979
2,205,11262878
2,206,11334014
2,207,11420750
2,208,11435099
2,209,11521987
2,210,11520385
2,211,11314528
2,212,11337435
2,213,11547077
2,214,11476614
2,215,26925
2,216,11215174
2,217,11273030
2,218,11630476
2,219,11384680
2,220,11415859
2,221,11460054
2,222,11421097
2,223,11488394
2,224,11377189
2,225,11298536
2,226,11415832
2,227,11347737
2,228,11245432
2,229,11295366
2,230,11333951
2,231,11323572
2,232,11426093
2,233,11613357
2,234,11756798
2,235,12095086
2,236,11902423
2,237,11831114
2,238,11855380
2,239,11545187
2,240,11397866
2,241,11515102
2,242,11474479
2,243,11460511
2,244,11466785
2,245,11405586
2,246,11851695
2,247,11472899
2,248,11579306
2,249,11598381
2,250,11630336
2,251,11792129
2,252,11694947
2,253,11572978
2,254,11515985
2,255,11771353
2,256,11821710
2,257,11722475
2,258,11641999
2,259,11538650
2,260,11863567
2,261,11949040
2,262,11514837
2,263,11527033
2,264,11421877
2,265,11686638
2,266,11814931
2,267,11792434
2,268,11838665
2,269,12017382
2,270,11884870
2,271,11858235
2,272,11836048
2,273,11785163
2,274,11892318
2,275,11806746
2,276,11814270
2,277,11773784
2,278,11778940
2,279,11868337
2,280,11872919
2,281,11718244
2,282,11890126
2,283,11890969
2,284,39912
2,285,11546779
2,286,11614768
2,287,11542982
2,288,11701927
2,289,11726015
2,290,11673632
2,291,11621364
2,292,11858643
2,293,12030779
2,294,12267498
2,295,12129482
2,296,12216201
2,297,12216496
2,298,11950017
2,299,11807839
2,300,11740170
2,301,11766897
2,302,11694669
2,303,11682769
2,304,11582758
2,305,11616996
2,306,11704821
2,307,11767971
2,308,11856583
2,309,11775277
2,310,11468530
2,311,11419273
2,312,11562643
2,313,11784263
2,314,11913959
2,315,12463173
2,316,12153144
2,317,12146929
2,318,12069048
2,319,13389974
2,320,11967703
2,321,11722411
2,322,11982468
2,323,11929704
2,324,11868340
2,325,11859217
2,326,11637916
2,327,11473965
2,328,11460596
2,329,11441438
2,330,11638605
2,331,11465355
2,332,11540140
2,333,11508477
2,334,11634665
2,335,11787865
2,336,11893060
2,337,11664428
2,338,11759382
2,339,11579704
2,340,11612891
2,341,11512885
2,342,11831512
2,343,11364901
2,344,11251476
2,345,11395034
2,346,11360419
2,347,11410405
2,348,11347303
2,349,11322400
2,350,11531768
2,351,11797371
2,352,11774141
2,353,39241
2,354,11429375
2,355,11419019
2,356,11359888
2,357,11335480
2,358,11529794
2,359,11738530
2,360,11831465
2,361,11775041
2,362,11830100
2,363,11984385
2,364,11981317
2,365,12008107
2,366,12085431
2,367,12074648
2,368,11958934
2,369,12026531
2,370,11984028
2,371,11749892
2,372,11795317
2,373,11847689
2,374,11941202
2,375,11764467
2,376,11925660
2,377,11914609
2,378,11725055
2,379,11647661
2,380,11806166
2,381,12023649
2,382,11998680
2,383,12008702
2,384,11897153
2,385,11612158
2,386,11557403
2,387,11677087
2,388,11504816
2,389,11404077
2,390,11577964
2,391,11416801
2,392,11715530
2,393,11879055
2,394,12043474
2,395,11960620
2,396,11681490
2,397,11673620
2,398,11855368
2,399,11843737
2,400,12292900
2,401,12330676
2,402,11823624
2,403,11808923
2,404,11819648
2,405,12234914
2,406,12067000
2,407,12331295
2,408,12633535
2,409,12200305
2,410,12109558
2,411,12150861
2,412,12033885
2,413,12167522
2,414,12115384
2,415,12322351
2,416,12526227
2,417,11932529
2,418,12078048
2,419,12201568
2,420,12399249
2,421,12534168
2,422,46305
2,423,12415670
2,424,12526617
2,425,12239128
2,426,12078854
2,427,12146846
2,428,12190277
2,429,12076328
2,430,12358366
2,431,12271726
2,432,12271803
2,433,12244874
2,434,12205028
2,435,12207471
2,436,12355875
2,437,12182906
2,438,12423461
2,439,12035903
2,440,11966777
2,441,11978660
2,442,12096012
2,443,12110633
2,444,12211762
2,445,12226446
2,446,12081804
2,447,11978362
2,448,12530419
2,449,12422885
2,450,11978766
2,451,11915339
2,452,11754857
2,453,12277460
2,454,12142984
2,455,11773070
2,456,12035093
2,457,11792315
2,458,11773377
2,459,12006298
2,460,11567244
2,461,11594246
2,462,11617525
2,463,11727940
2,464,11993841
2,465,11858773
2,466,12017175
2,467,11865518
2,468,11755090
2,469,11947137
2,470,11880604
2,471,11942840
2,472,11975513
2,473,11831751
2,474,11849545
2,475,11775518
2,476,11931697
2,477,12072498
2,478,11714063
2,479,11851979
2,480,11822455
2,481,11872444
2,482,12383303
2,483,12127830
2,484,12049349
2,485,12048261
2,486,11976281
2,487,12024426
2,488,11820877
2,489,11951662
2,490,12167390
2,491,59598
2,492,11736228
2,493,11636701
2,494,11775441
2,495,11654116
2,496,11689058
2,497,11618128
2,498,11593318
2,499,11881526
2,500,11828603
2,501,11772172
2,502,11892672
2,503,11565760
2,504,11618396
2,505,11797837
2,506,11595236
2,507,11670427
2,508,11612268
2,509,11636015
2,510,11829905
2,511,11688806
2,512,11914924
2,513,11860703
2,514,11662943
2,515,12195301
2,516,12006527
2,517,11991537
2,518,12243011
2,519,11939496
2,520,12155801
2,521,11836519
2,522,12234549
2,523,11775763
2,524,11700964
2,525,11957207
2,526,11778499
2,527,11797294
2,528,11955956
2,529,11912846
2,530,11744089
2,531,12117630
2,532,12005681
2,533,12124624
2,534,11949188
2,535,11896418
2,536,12173237
2,537,11910087
2,538,11733188
2,539,11745514
2,540,11656412
2,541,11682238
2,542,11831682
2,543,11883380
2,544,11863826
2,545,12239808
2,546,12033455
2,547,11999239
2,548,11848093
2,549,11817933
2,550,11792177
2,551,11869999
2,552,11835270
2,553,12027303
2,554,11997835
2,555,11970907
2,556,12019995
2,557,11715916
2,558,11781539
2,559,12107673
2,560,74322
2,561,11715381
2,562,11564447
2,563,11553665
2,564,11587339
2,565,11588030
2,566,11623854
2,567,11604576
2,568,12161973
2,569,11974478
2,570,11810044
2,571,11723762
2,572,11569613
2,573,11544702
2,574,11651085
2,575,11474159
2,576,11456151
2,577,11403408
2,578,11361199
2,579,11335983
2,580,11283198
2,581,11271566
2,582,11264244
2,583,11414518
2,584,11468446
2,585,11344246
2,586,11605050
2,587,11587092
2,588,11517014
2,589,11472410
2,590,11440071
2,591,11719074
2,592,11392635
2,593,11410305
2,594,11364629
2,595,11411837
2,596,11323004
2,597,11476902
2,598,11445263
2,599,11513134
2,600,11515091
2,601,11522637
2,602,11358543
2,603,11331266
2,604,12147926
2,605,11494004
2,606,11475922
2,607,11487930
2,608,11433637
2,609,11479666
2,610,11433643
2,611,11351546
2,612,11369224
2,613,11499738
2,614,11643092
2,615,11557297
2,616,11457382
2,617,11443809
2,618,11319677
2,619,11358623
2,620,11329255
2,621,11358537
2,622,11326288
2,623,11279789
2,624,11478466
2,625,11690446
2,626,11601194
2,627,11780605
2,628,11756002
2,629,50920
2,630,11542548
2,631,11750357
2,632,11842070
2,633,12151193
2,634,12062399
2,635,11826601
2,636,11744880
2,637,12055122
2,638,11925399
2,639,11903113
2,640,12079636
2,641,12143043
2,642,11924751
2,643,11845034
2,644,11862278
2,645,11874521
2,646,11857886
2,647,11928923
2,648,12001241
2,649,12250990
2,650,12028126
2,651,12072147
2,652,12236107
2,653,12238513
2,654,12176782
2,655,12424822
2,656,12400712
2,657,12543672
2,658,12191905
2,659,12163985
2,660,12408373
2,661,12458868
2,662,13698340
2,663,12635879
2,664,12365062
2,665,11983728
2,666,12141305
2,667,12073084
2,668,12061960
2,669,12137474
2,670,12225274
2,671,12282453
2,672,12086669
2,673,12108899
2,674,12215062
2,675,12077900
2,676,11892787
2,677,12118100
2,678,11964755
2,679,12137786
2,680,12268603
2,681,12366113
2,682,12137909
2,683,12274372
2,684,12315897
2,685,12343852
2,686,12340564
2,687,12421166
2,688,12210363
2,689,12013852
3,0,12158426
3,1,12139033
3,2,11831804
3,3,11946276
3,4,11777222
3,5,11669643
3,6,12362546
3,7,12241149
3,8,71039
3,9,12189078
3,10,12283497
3,11,12330720
3,12,12259739
3,13,12100030
3,14,12029672
3,15,12061123
3,16,12224750
3,17,12207247
3,18,12333578
3,19,12307010
3,20,12175906
3,21,12010332
3,22,11876341
3,23,11882335
3,24,11741114
3,25,11883270
3,26,11888235
3,27,11825908
3,28,11820302
3,29,11879715
3,30,11876769
3,31,11843373
3,32,11938818
3,33,11888552
3,34,12004100
3,35,11981255
3,36,11897613
3,37,12105613
3,38,12112254
3,39,12167638
3,40,11894880
3,41,11991002
3,42,12026810
3,43,12015793
3,44,12046524
3,45,11940773
3,46,12010240
3,47,11878960
3,48,12271033
3,49,12348911
3,50,12270389
3,51,12382095
3,52,12267753
3,53,12209956
3,54,12302125
3,55,12308715
3,56,12123128
3,57,12161558
3,58,12084996
3,59,12068468
3,60,12078812
3,61,11948000
3,62,12129463
3,63,11952554
3,64,12075818
3,65,12322248
3,66,12184484
3,67,12150382
3,68,12134886
3,69,12183513
3,70,12257984
3,71,12299031
3,72,12111639
3,73,12199232
3,74,12095285
3,75,12209682
3,76,12182421
3,77,31834
3,78,11942083
3,79,11796433
3,80,11854507
3,81,11839234
3,82,11837729
3,83,11936418
3,84,11909140
3,85,12125017
3,86,12181136
3,87,12127986
3,88,12320796
3,89,11847990
3,90,11886756
3,91,11845884
3,92,11669270
3,93,11712318
3,94,11950285
3,95,11641118
3,96,11759072
3,97,11739260
3,98,11642122
3,99,11630732
3,100,11761789
3,101,11927997
3,102,11825788
3,103,11807708
3,104,11796068
3,105,11977691
3,106,11815582
3,107,11668723
3,108,11910014
3,109,11761521
3,110,11717300
3,111,12044139
3,112,12030779
3,113,11923557
3,114,11867113
3,115,11977714
3,116,11919602
3,117,11827588
3,118,11684215
3,119,11658273
3,120,11660712
3,121,12400134
3,122,11760195
3,123,11752219
3,124,11870822
3,125,11729108
3,126,11727559
3,127,11638412
3,128,11733615
3,129,11763757
3,130,11955341
3,131,12208367
3,132,12161989
3,133,12196163
3,134,12087686
3,135,12095502
3,136,11885072
3,137,11939653
3,138,11855435
3,139,11778621
3,140,11725249
3,141,11651604
3,142,11580930
3,143,11447396
3,144,11775901
3,145,11610607
3,146,26239
3,147,11407611
3,148,11509852
3,149,11726440
3,150,11524804
3,151,11808910
3,152,11672944
3,153,11600769
3,154,11720000
3,155,11652338
3,156,11649696
3,157,11709215
3,158,11596561
3,159,11681776
3,160,11734489
3,161,11686776
3,162,11616150
3,163,11649006
3,164,11653889
3,165,12138513
3,166,12135385
3,167,11906632
3,168,11923034
3,169,11850553
3,170,11961506
3,171,11987491
3,172,11890896
3,173,11937895
3,174,12128614
3,175,12060995
3,176,11999283
3,177,12354611
3,178,11864893
3,179,11744700
3,180,11683767
3,181,11753062
3,182,11755708
3,183,11572607
3,184,11451510
3,185,11399453
3,186,11415232
3,187,11395355
3,188,11450816
3,189,11401569
3,190,11648697
3,191,11992401
3,192,11855027
3,193,12155881
3,194,12194688
3,195,11857115
3,196,11848594
3,197,11970787
3,198,12124718
3,199,12220745
3,200,12328638
3,201,12478472
3,202,12448906
3,203,12152153
3,204,12444094
3,205,12165897
3,206,12235721
3,207,12242354
3,208,12176961
3,209,12263115
3,210,11950053
3,211,11892404
3,212,12014361
3,213,12310301
3,214,12366406
3,215,37498
3,216,12247790
3,217,12356159
3,218,11899818
3,219,12387399
3,220,12253262
3,221,12282764
3,222,12101054
3,223,12274567
3,224,12386869
3,225,12156891
3,226,12021005
3,227,12071765
3,228,11922455
3,229,11857427
3,230,12008594
3,231,12271298
3,232,12160450
3,233,11911346
3,234,12304841
3,235,12220747
3,236,12137006
3,237,12229468
3,238,12259501
3,239,12148081
3,240,12098076
3,241,12074414
3,242,12113903
3,243,12142226
3,244,12250016
3,245,11998343
3,246,12004248
3,247,11796741
3,248,11697332
3,249,11525823
3,250,11525700
3,251,11682883
3,252,11611685
3,253,11624789
3,254,11636200
3,255,11660806
3,256,11424100
3,257,11394476
3,258,11448337
3,259,11479006
3,260,11515257
3,261,11697074
3,262,11576209
3,263,11354618
3,264,11572481
3,265,11339327
3,266,11275834
3,267,11513170
3,268,11471659
3,269,11613959
3,270,11519015
3,271,11456258
3,272,11559138
3,273,11426351
3,274,11470705
3,275,11515946
3,276,11336025
3,277,11286807
3,278,11264674
3,279,11454027
3,280,11579985
3,281,11377805
3,282,11636778
3,283,11665674
3,284,26248
3,285,11585502
3,286,11438553
3,287,11565500
3,288,11452808
3,289,11499067
3,290,11510709
3,291,11659480
3,292,11695127
3,293,11795859
3,294,11636188
3,295,11625377
3,296,11643313
3,297,11616598
3,298,11665752
3,299,11570617
3,300,11623179
3,301,11607875
3,302,11646112
3,303,11520293
3,304,11499763
3,305,11721244
3,306,11608000
3,307,11817309
3,308,11769874
3,309,11895335
3,310,11575585
3,311,11563016
3,312,11470356
3,313,12681518
3,314,11480812
3,315,11468252
3,316,11308880
3,317,11343834
3,318,11465058
3,319,11321085
3,320,11285495
3,321,11476660
3,322,11444095
3,323,11438714
3,324,11492818
3,325,11500050
3,326,11389880
3,327,11301803
3,328,11365128
3,329,11489011
3,330,11306193
3,331,11379065
3,332,11338610
3,333,11254011
3,334,11396246
3,335,11405530
3,336,11440857
3,337,11315590
3,338,11554926
3,339,11456931
3,340,11521684
3,341,11509657
3,342,11555147
3,343,11481963
3,344,11431976
3,345,11546753
3,346,11664817
3,347,11714447
3,348,11576908
3,349,11629218
3,350,11525423
3,351,11645491
3,352,11665409
3,353,25222
3,354,11340732
3,355,11375972
3,356,11536146
3,357,11398925
3,358,11440848
3,359,11456645
3,360,11399347
3,361,11389720
3,362,11352776
3,363,11423000
3,364,11509207
3,365,11478595
3,366,11311339
3,367,11294281
3,368,11361807
3,369,11367134
3,370,11489996
3,371,11235127
3,372,11242864
3,373,11360818
3,374,11269737
3,375,11271881
3,376,11398513
3,377,11366986
3,378,11377165
3,379,11303808
3,380,11320564
3,381,11442853
3,382,11341526
3,383,11278507
3,384,11538889
3,385,11431730
3,386,11504726
3,387,11535060
3,388,11472956
3,389,11426132
3,390,11571210
3,391,11586968
3,392,11624229
3,393,12186232
3,394,12015277
3,395,11870480
3,396,11776958
3,397,11661895
3,398,11661722
3,399,11573116
3,400,11608437
3,401,11454119
3,402,11370565
3,403,11357613
3,404,11373572
3,405,11361229
3,406,11431374
3,407,11688802
3,408,11741204
3,409,11466324
3,410,11432795
3,411,11336776
3,412,11557065
3,413,11549047
3,414,11570567
3,415,11506418
3,416,11373122
3,417,11315587
3,418,11284304
3,419,11381757
3,420,11650550
3,421,11621786
3,422,42190
3,423,11382480
3,424,11487573
3,425,11457387
3,426,11316079
3,427,11377786
3,428,11281670
3,429,11309035
3,430,11339255
3,431,11283284
3,432,11381673
3,433,11758777
3,434,11555028
3,435,11496259
3,436,11408399
3,437,11696524
3,438,11610616
3,439,11427772
3,440,11752793
3,441,11628103
3,442,11587886
3,443,11718332
3,444,11805093
3,445,11972567
3,446,11961096
3,447,11739310
3,448,11680751
3,449,11453272
3,450,11299489
3,451,11380329
3,452,11297288
3,453,11429800
3,454,11345418
3,455,11267738
3,456,11294037
3,457,11560415
3,458,11330113
3,459,11284680
3,460,11378149
3,461,11336706
3,462,11365140
3,463,11257954
3,464,11222393
3,465,11286977
3,466,11270329
3,467,11392439
3,468,11524733
3,469,11328797
3,470,11315595
3,471,11251552
3,472,11266690
3,473,11319874
3,474,11342924
3,475,11354735
3,476,11395441
3,477,11347938
3,478,11530122
3,479,11682384
3,480,11451635
3,481,11706558
3,482,11709000
3,483,11716308
3,484,11574497
3,485,11669477
3,486,11711905
3,487,11570757
3,488,11667056
3,489,11710869
3,490,11748847
3,491,23295
3,492,11704209
3,493,11654536
3,494,11513592
3,495,11531168
3,496,11467322
3,497,11501051
3,498,11293358
3,499,11394811
3,500,11320488
3,501,11500311
3,502,11396845
3,503,11305969
3,504,11343843
3,505,11322032
3,506,11254049
3,507,11306916
3,508,11446648
3,509,11508564
3,510,11538539
3,511,11387644
3,512,11279394
3,513,11262799
3,514,11384912
3,515,11333358
3,516,11271165
3,517,11335633
3,518,11280641
3,519,11838612
3,520,11824720
3,521,11672685
3,522,11924910
3,523,11709309
3,524,11533442
3,525,11446374
3,526,11650469
3,527,11544458
3,528,11664248
3,529,11527834
3,530,11659170
3,531,11672769
3,532,11615605
3,533,11554213
3,534,11548831
3,535,11486836
3,536,11582080
3,537,11666890
3,538,11587934
3,539,11578731
3,540,11594209
3,541,11594854
3,542,11614210
3,543,11600048
3,544,11491650
3,545,11711606
3,546,11505056
3,547,11593985
3,548,11539687
3,549,11462368
3,550,11515497
3,551,11643847
3,552,11409946
3,553,11692304
3,554,11782130
3,555,11883458
3,556,11983501
3,557,11666103
3,558,11804127
3,559,11810799
3,560,27721
3,561,11453423
3,562,11524060
3,563,11674030
3,564,11859439
3,565,11980825
3,566,11935810
3,567,11909373
3,568,11629421
3,569,11976955
3,570,11957046
3,571,11789546
3,572,12115760
3,573,11793924
3,574,11816035
3,575,11806190
3,576,11688924
3,577,11576339
3,578,11718457
3,579,11617658
3,580,11721989
3,581,11647289
3,582,11730635
3,583,11659380
3,584,11732274
3,585,11829918
3,586,11619214
3,587,11665768
3,588,11682228
3,589,11621858
3,590,11599130
3,591,11977123
3,592,11599895
3,593,11436287
3,594,11446099
3,595,11391280
3,596,11391296
3,597,11723564
3,598,11424396
3,599,11382045
3,600,11639446
3,601,11535039
3,602,11405170
3,603,11358155
3,604,11314066
3,605,11351623
3,606,11378121
3,607,11331462
3,608,11353262
3,609,11489038
3,610,11619238
3,611,11732632
3,612,11563517
3,613,11420174
3,614,11777777
3,615,11389757
3,616,11444558
3,617,11313100
3,618,11339783
3,619,11276229
3,620,11312565
3,621,11249292
3,622,11491198
3,623,11641624
3,624,11677836
3,625,11662016
3,626,11775642
3,627,12013316
3,628,11878173
3,629,30304
3,630,11676640
3,631,11909164
3,632,12478501
3,633,11659293
3,634,11662843
3,635,12089144
3,636,11815537
3,637,11861937
3,638,11804100
3,639,11754534
3,640,11871064
3,641,11667805
3,642,11636199
3,643,12051110
3,644,11787267
3,645,11859028
3,646,11882782
3,647,11772110
3,648,11667679
3,649,11646935
3,650,13471721
3,651,14018832
3,652,12008124
3,653,11953315
3,654,11788190
3,655,11904837
3,656,12515581
3,657,12120700
3,658,12234502
3,659,12018469
3,660,12124250
3,661,12082445
3,662,11908613
3,663,11828551
3,664,13039304
3,665,11825960
3,666,11743310
3,667,11748176
3,668,11649959
3,669,11734832
3,670,11858544
3,671,11677148
3,672,11616121
3,673,11591222
3,674,11875213
3,675,11792155
3,676,11773014
3,677,11745775
3,678,11934606
3,679,11871845
3,680,11721223
3,681,11666530
3,682,11884003
3,683,11900929
3,684,11586873
3,685,11853678
3,686,11678542
3,687,11877653
3,688,11654350
3,689,11526419
4,0,11673519
4,1,11574732
4,2,11482712
4,3,11519772
4,4,11547039
4,5,11493113
4,6,11796613
4,7,11895201
4,8,28092
4,9,11790666
4,10,11576574
4,11,11575496
4,12,11499292
4,13,11399122
4,14,11519686
4,15,11515627
4,16,11491335
4,17,11495909
4,18,11370949
4,19,11669064
4,20,11646469
4,21,11761724
4,22,11759360
4,23,11542969
4,24,11340694
4,25,11404398
4,26,11354215
4,27,11493838
4,28,11404417
4,29,11381283
4,30,11412218
4,31,11675408
4,32,11588596
4,33,11514126
4,34,11680547
4,35,11563985
4,36,11480607
4,37,11652337
4,38,11689223
4,39,11868446
4,40,11552884
4,41,11734305
4,42,11637674
4,43,11724760
4,44,11783537
4,45,11613924
4,46,11750563
4,47,11727380
4,48,11608317
4,49,11576003
4,50,11503540
4,51,11508455
4,52,12101080
4,53,11676231
4,54,11481960
4,55,11383404
4,56,11387543
4,57,11422815
4,58,11588814
4,59,11375629
4,60,11375704
4,61,11350949
4,62,11420171
4,63,11376323
4,64,11343659
4,65,11351479
4,66,11402517
4,67,11397744
4,68,11631789
4,69,11373410
4,70,11354929
4,71,11348219
4,72,11358629
4,73,11521316
4,74,11434197
4,75,11599892
4,76,11642806
4,77,27017
4,78,11538926
4,79,11600241
4,80,11422142
4,81,11360161
4,82,11627074
4,83,11485503
4,84,11497738
4,85,11463964
4,86,11459179
4,87,11481779
4,88,11600067
4,89,11450231
4,90,11444826
4,91,11643823
4,92,11573531
4,93,11643974
4,94,11565671
4,95,11407510
4,96,11368061
4,97,11548482
4,98,11358758
4,99,11432999
4,100,11566630
4,101,11673137
4,102,12065675
4,103,11974165
4,104,11917762
4,105,11984273
4,106,12053437
4,107,12160639
4,108,12374432
4,109,12214155
4,110,12125548
4,111,12013027
4,112,12111005
4,113,11943496
4,114,12012134
4,115,12080122
4,116,12027614
4,117,11989046
4,118,11962983
4,119,12021490
4,120,11844651
4,121,11757724
4,122,11729899
4,123,12005930
4,124,12208923
4,125,11764218
4,126,11802343
4,127,11916970
4,128,11956275
4,129,11844550
4,130,11857863
4,131,12358154
4,132,11720188
4,133,11731484
4,134,11734200
4,135,11810222
4,136,11959232
4,137,12220494
4,138,12138270
4,139,11995698
4,140,12016939
4,141,12157364
4,142,11805227
4,143,11844188
4,144,12157115
4,145,12199562
4,146,30144
4,147,11891342
4,148,11563420
4,149,11904503
4,150,12119283
4,151,11898086
4,152,11754878
4,153,11478080
4,154,11690344
4,155,11664715
4,156,11614400
4,157,11683875
4,158,11428472
4,159,11690301
4,160,11765865
4,161,11645390
4,162,11556084
4,163,11704378
4,164,11721186
4,165,11808778
4,166,11513334
4,167,11465532
4,168,12493619
4,169,11753837
4,170,11613659
4,171,11554785
4,172,11702854
4,173,11781073
4,174,11912760
4,175,11696322
4,176,11787700
4,177,11912215
4,178,11991847
4,179,12027754
4,180,11984885
4,181,11779466
4,182,11726692
4,183,11604730
4,184,11664612
4,185,11787265
4,186,11762144
4,187,12186699
4,188,12335094
4,189,11928527
4,190,11807378
4,191,11889284
4,192,11737722
4,193,11846518
4,194,11749031
4,195,11837285
4,196,11549239
4,197,11807217
4,198,11850292
4,199,11710984
4,200,11774753
4,201,11734417
4,202,11935049
4,203,11887414
4,204,11838924
4,205,11691430
4,206,11897850
4,207,12207712
4,208,12174103
4,209,12174307
4,210,12076669
4,211,12049048
4,212,12025673
4,213,12601941
4,214,12759283
4,215,49092
4,216,12219881
4,217,12243479
4,218,12296464
4,219,12360932
4,220,12162656
4,221,12406645
4,222,11879149
4,223,11979410
4,224,12229905
4,225,12357958
4,226,11945851
4,227,11963403
4,228,11878019
4,229,11897924
4,230,11930449
4,231,11920984
4,232,11957331
4,233,12001462
4,234,11864447
4,235,11956399
4,236,11888591
4,237,11933932
4,238,11899683
4,239,12095589
4,240,12065271
4,241,12069584
4,242,11850512
4,243,11817980
4,244,12003017
4,245,12069614
4,246,12272736
4,247,12096126
4,248,12097782
4,249,12280949
4,250,12123584
4,251,12135699
4,252,12382626
4,253,12250049
4,254,12127794
4,255,12128164
4,256,11943844
4,257,11969564
4,258,11840305
4,259,11676996
4,260,11876470
4,261,11845831
4,262,12040844
4,263,11705092
4,264,11503725
4,265,11633228
4,266,11500584
4,267,11549004
4,268,11543070
4,269,11550579
4,270,11537326
4,271,11544110
4,272,11645815
4,273,11717319
4,274,11495538
4,275,11462895
4,276,11596631
4,277,11411048
4,278,11587365
4,279,11532278
4,280,11906450
4,281,11978574
4,282,12510109
4,283,12233329
4,284,46112
4,285,11645678
4,286,11487978
4,287,11483699
4,288,11477213
4,289,11920689
4,290,11841400
4,291,12001178
4,292,11975905
4,293,11909900
4,294,11910875
4,295,12024284
4,296,11927689
4,297,11822803
4,298,11696249
4,299,11655090
4,300,11736824
4,301,11761641
4,302,11481670
4,303,11611248
4,304,11411745
4,305,11392715
4,306,11569076
4,307,11488598
4,308,11530983
4,309,11448938
4,310,11536647
4,311,11510664
4,312,11677486
4,313,11591002
4,314,11608381
4,315,11915626
4,316,11584777
4,317,11662475
4,318,11678883
4,319,11582207
4,320,12969186
4,321,11871575
4,322,12150706
4,323,12117013
4,324,12118344
4,325,12023114
4,326,11957486
4,327,11900485
4,328,11841545
4,329,11909496
4,330,12015838
4,331,11803092
4,332,11959667
4,333,11976381
4,334,12106208
4,335,12216492
4,336,12191908
4,337,12682008
4,338,12123052
4,339,12068672
4,340,11858183
4,341,11830645
4,342,11859336
4,343,11754484
4,344,11801898
4,345,11886643
4,346,12104993
4,347,12195036
4,348,12090324
4,349,12153097
4,350,11909951
4,351,11988464
4,352,12183317
4,353,35357
4,354,12004861
4,355,12094589
4,356,12212338
4,357,12372852
4,358,12054938
4,359,11984511
4,360,12147038
4,361,12811776
4,362,12029706
4,363,13330608
4,364,13164305
4,365,12319104
4,366,12145183
4,367,12207902
4,368,12081143
4,369,12072782
4,370,12085094
4,371,12304846
4,372,12463249
4,373,12473846
4,374,12600868
4,375,12661219
4,376,12407054
4,377,12615774
4,378,12308828
4,379,12108857
4,380,11969167
4,381,12048096
4,382,12189123
4,383,12066972
4,384,12482589
4,385,12291343
4,386,12452051
4,387,12766207
4,388,12560606
4,389,12484506
4,390,12257244
4,391,12366788
4,392,12413053
4,393,12596614
4,394,12427663
4,395,12321944
4,396,12214915
4,397,12189562
4,398,12267283
4,399,12431785
4,400,12414391
4,401,12210105
4,402,12195605
4,403,12209986
4,404,12246818
4,405,12229349
4,406,12214723
4,407,12310180
4,408,12136106
4,409,11756631
4,410,11828084
4,411,11907553
4,412,11771985
4,413,11657999
4,414,11889059
4,415,11775201
4,416,11668565
4,417,11708701
4,418,11698883
4,419,11880767
4,420,12301972
4,421,12408231
4,422,32731
4,423,11992126
4,424,11944201
4,425,11906999
4,426,11819114
4,427,11905888
4,428,11970433
4,429,11952160
4,430,12148130
4,431,12207303
4,432,12147151
4,433,12222843
4,434,12084207
4,435,11992392
4,436,12247381
4,437,12364390
4,438,12159083
4,439,12163078
4,440,12162859
4,441,12094036
4,442,12026915
4,443,12001762
4,444,11950481
4,445,12039319
4,446,11795150
4,447,12184048
4,448,12102799
4,449,12038079
4,450,12117631
4,451,12109344
4,452,12173153
4,453,12616759
4,454,12263972
4,455,12297890
4,456,12316024
4,457,12367989
4,458,12290838
4,459,12288930
4,460,12441372
4,461,12263325
4,462,12261393
4,463,12238903
4,464,13247467
4,465,12322881
4,466,12275268
4,467,12265830
4,468,12282576
4,469,12202318
4,470,12162419
4,471,12091310
4,472,12182334
4,473,12274867
4,474,12692172
4,475,12224163
4,476,12788187
4,477,12439260
4,478,12217854
4,479,12574247
4,480,12197976
4,481,12068374
4,482,12038210
4,483,12094245
4,484,11936428
4,485,11959137
4,486,11852212
4,487,12052046
4,488,12019426
4,489,12412364
4,490,12123192
4,491,33489
4,492,12095155
4,493,12050760
4,494,12141544
4,495,11945141
4,496,12005214
4,497,11804298
4,498,11805044
4,499,11771629
4,500,11959443
4,501,11938290
4,502,11809960
4,503,11734188
4,504,11825251
4,505,12200373
4,506,12435077
4,507,12511111
4,508,12252436
4,509,12353678
4,510,12124610
4,511,12308851
4,512,12309587
4,513,12107748
4,514,11752254
4,515,12097690
4,516,12020290
4,517,11863422
4,518,11694100
4,519,11972968
4,520,11840012
4,521,11892164
4,522,12228744
4,523,12123200
4,524,12237893
4,525,12077321
4,526,12271194
4,527,12095248
4,528,11730033
4,529,11724757
4,530,11799088
4,531,12101623
4,532,11975828
4,533,12012144
4,534,12145357
4,535,11956980
4,536,12000010
4,537,12087656
4,538,12077186
4,539,12050560
4,540,11976778
4,541,11872356
4,542,12106669
4,543,12014864
4,544,12037357
4,545,12330909
4,546,12215110
4,547,12201597
4,548,11916076
4,549,11958099
4,550,12226428
4,551,12074477
4,552,12092981
4,553,11717963
4,554,11721772
4,555,11619590
4,556,11618993
4,557,11806885
4,558,12052383
4,559,12000385
4,560,28807
4,561,12094120
4,562,11967195
4,563,11877653
4,564,11675138
4,565,11581370
4,566,11798641
4,567,11703417
4,568,11577768
4,569,11537993
4,570,11641162
4,571,11535145
4,572,11427032
4,573,11468843
4,574,11492030
4,575,11377871
4,576,11396653
4,577,11342748
4,578,11443430
4,579,11472603
4,580,11366603
4,581,11340000
4,582,11312928
4,583,11261320
4,584,11313036
4,585,11318166
4,586,11344909
4,587,11667223
4,588,11468542
4,589,11423329
4,590,11499300
4,591,11499015
4,592,11457000
4,593,11652260
4,594,11483226
4,595,11505744
4,596,11382810
4,597,11327825
4,598,11484115
4,599,11424439
4,600,11545381
4,601,11411980
4,602,11411269
4,603,11493768
4,604,11395004
4,605,11375938
4,606,11401703
4,607,11594279
4,608,11570727
4,609,11464408
4,610,11510049
4,611,11421604
4,612,11387763
4,613,11415536
4,614,11608943
4,615,11427030
4,616,11325273
4,617,11352584
4,618,11375000
4,619,11492543
4,620,11461279
4,621,11490244
4,622,11409699
4,623,11325877
4,624,11452397
4,625,11527949
4,626,11523621
4,627,11704821
4,628,11822888
4,629,22630
4,630,11397448
4,631,11341772
4,632,11501020
4,633,11417415
4,634,11349866
4,635,11338878
4,636,11349812
4,637,11346898
4,638,11304458
4,639,11329573
4,640,11506071
4,641,11340252
4,642,11333664
4,643,11261238
4,644,11259518
4,645,11509036
4,646,11390826
4,647,11745107
4,648,11610753
4,649,11797448
4,650,11997959
4,651,11842088
4,652,11865502
4,653,11843417
4,654,12164280
4,655,12289756
4,656,12098550
4,657,11807068
4,658,11784140
4,659,11628276
4,660,13212365
4,661,11623770
4,662,11650058
4,663,11646339
4,664,11504663
4,665,11600520
4,666,11496065
4,667,11487515
4,668,11524825
4,669,11766949
4,670,11588725
4,671,11737091
4,672,11900133
4,673,11905025
4,674,12006748
4,675,11818386
4,676,11666548
4,677,11681562
4,678,11707946
4,679,11523442
4,680,11673314
4,681,11528331
4,682,11470156
4,683,11649857
4,684,11561336
4,685,11347436
4,686,11454334
4,687,11428826
4,688,11386258
4,689,11484481
5,0,11581577
5,1,11574730
5,2,11574452
5,3,11646486
5,4,11862027
5,5,11600463
5,6,11818527
5,7,11740970
5,8,24756
5,9,11496048
5,10,11506359
5,11,11757746
5,12,11492456
5,13,11407384
5,14,11687936
5,15,11526559
5,16,11622308
5,17,11449452
5,18,11394089
5,19,11431003
5,20,11395096
5,21,11398697
5,22,11512382
5,23,11435467
5,24,11357925
5,25,11438398
5,26,11314243
5,27,11290651
5,28,11481879
5,29,11310221
5,30,11252155
5,31,11418875
5,32,11384080
5,33,11502742
5,34,11466118
5,35,11389485
5,36,11485812
5,37,11470212
5,38,11684151
5,39,11892445
5,40,11602585
5,41,11760206
5,42,11726033
5,43,11952166
5,44,11924059
5,45,12092264
5,46,12537759
5,47,12223444
5,48,12110705
5,49,11910865
5,50,11777278
5,51,11885978
5,52,11858685
5,53,11909185
5,54,11908803
5,55,11885491
5,56,12158664
5,57,12071071
5,58,12301325
5,59,12220250
5,60,12092796
5,61,11755644
5,62,12036199
5,63,11635066
5,64,11525660
5,65,11536684
5,66,11405994
5,67,11497869
5,68,11636306
5,69,11505163
5,70,11385757
5,71,11372623
5,72,11341408
5,73,11307750
5,74,11358150
5,75,11465845
5,76,11671669
5,77,21235
5,78,11368625
5,79,11565184
5,80,11659255
5,81,11482736
5,82,11374004
5,83,11378917
5,84,11328591
5,85,11401877
5,86,11432625
5,87,11448487
5,88,11439955
5,89,11478991
5,90,11628158
5,91,11463499
5,92,11597666
5,93,11540745
5,94,11390866
5,95,11474035
5,96,11564432
5,97,11657769
5,98,11705468
5,99,11758108
5,100,11735300
5,101,11690396
5,102,11597554
5,103,11731824
5,104,11627983
5,105,11671256
5,106,11617308
5,107,11643428
5,108,11983788
5,109,11889345
5,110,11748916
5,111,11839341
5,112,12015849
5,113,11849529
5,114,11839082
5,115,11773941
5,116,11654799
5,117,11525376
5,118,11443560
5,119,11683753
5,120,11746571
5,121,11618857
5,122,11808611
5,123,11983905
5,124,12081577
5,125,12060642
5,126,12009143
5,127,12027113
5,128,11929765
5,129,12304374
5,130,12126694
5,131,12123953
5,132,12196443
5,133,12312259
5,134,12202810
5,135,12243110
5,136,12274279
5,137,12169962
5,138,12048915
5,139,12036943
5,140,12106752
5,141,11884526
5,142,11859402
5,143,11784604
5,144,11979258
5,145,12077231
5,146,31181
5,147,11814221
5,148,11733095
5,149,11936132
5,150,11902106
5,151,11796812
5,152,11989262
5,153,12143421
5,154,12167762
5,155,12118917
5,156,11940641
5,157,11955864
5,158,11577962
5,159,11498203
5,160,11631049
5,161,11670322
5,162,11493160
5,163,11457931
5,164,11449268
5,165,11362699
5,166,11496825
5,167,11540712
5,168,11626086
5,169,11616601
5,170,11659425
5,171,11808559
5,172,11607715
5,173,11559910
5,174,11786282
5,175,11771482
5,176,11769717
5,177,12113699
5,178,11934828
5,179,11667837
5,180,11594880
5,181,11563637
5,182,11931257
5,183,11869543
5,184,11676323
5,185,11824978
5,186,12102362
5,187,11933223
5,188,11973003
5,189,12270625
5,190,11908200
5,191,11796086
5,192,11923204
5,193,11859911
5,194,11963063
5,195,12197034
5,196,12014342
5,197,11904786
5,198,11949714
5,199,11916725
5,200,12383089
5,201,11988240
5,202,11942576
5,203,12044830
5,204,11907825
5,205,12169998
5,206,12093661
5,207,12160377
5,208,11848769
5,209,11625072
5,210,11613296
5,211,11606937
5,212,11361232
5,213,11630869
5,214,11700630
5,215,25730
5,216,11538839
5,217,11754415
5,218,12082626
5,219,12159257
5,220,11945397
5,221,11751231
5,222,11789335
5,223,12104713
5,224,12073748
5,225,11739446
5,226,11706018
5,227,11670254
5,228,11794061
5,229,11664295
5,230,11843272
5,231,11545027
5,232,11377582
5,233,11326552
5,234,11371964
5,235,11233406
5,236,11358804
5,237,11225231
5,238,11337682
5,239,11447773
5,240,11445560
5,241,11809427
5,242,11760485
5,243,11665427
5,244,11731523
5,245,11525639
5,246,11530901
5,247,11434985
5,248,11773217
5,249,11684080
5,250,11633586
5,251,11575520
5,252,11762412
5,253,11842004
5,254,11663954
5,255,11772895
5,256,11641028
5,257,11760907
5,258,11800309
5,259,11628677
5,260,11643051
5,261,11512960
5,262,11447245
5,263,11567888
5,264,11425688
5,265,11538186
5,266,11862490
5,267,11803354
5,268,11690167
5,269,12005717
5,270,11583659
5,271,11433514
5,272,11534405
5,273,11431088
5,274,11575111
5,275,11445198
5,276,11414466
5,277,11389090
5,278,11376695
5,279,11304883
5,280,11397586
5,281,11437839
5,282,11619271
5,283,11505542
5,284,20410
5,285,11355285
5,286,11308331
5,287,11435888
5,288,11495467
5,289,11480073
5,290,11636945
5,291,11567891
5,292,11599630
5,293,11662156
5,294,11552454
5,295,11492043
5,296,11397211
5,297,11445159
5,298,11428036
5,299,11499297
5,300,11498812
5,301,11478116
5,302,11445275
5,303,11440879
5,304,11445997
5,305,11537171
5,306,11638753
5,307,11529789
5,308,11484740
5,309,11755052
5,310,11595739
5,311,11460890
5,312,11700431
5,313,11647734
5,314,11489311
5,315,11743554
5,316,11466988
5,317,12683932
5,318,11881382
5,319,11458104
5,320,11427109
5,321,11295017
5,322,11436422
5,323,11462267
5,324,11471655
5,325,11446554
5,326,11452421
5,327,11567064
5,328,11830952
5,329,11625904
5,330,11917522
5,331,11463053
5,332,11411409
5,333,11348674
5,334,11370830
5,335,11482197
5,336,11427888
5,337,11517746
5,338,11733097
5,339,11548601
5,340,11598819
5,341,11707209
5,342,11824496
5,343,11561193
5,344,11457426
5,345,11479401
5,346,11595684
5,347,11494191
5,348,11569838
5,349,11498622
5,350,11515392
5,351,11647569
5,352,11558376
5,353,22446
5,354,11510026
5,355,11439366
5,356,11419049
5,357,11802869
5,358,12024043
5,359,11785888
5,360,11613225
5,361,11554239
5,362,11466136
5,363,11530845
5,364,11741218
5,365,11783325
5,366,12145822
5,367,11829477
5,368,11667618
5,369,11718404
5,370,11914906
5,371,11836279
5,372,11788449
5,373,11644727
5,374,11476514
5,375,11459890
5,376,11408920
5,377,11792665
5,378,11505935
5,379,11557211
5,380,11547853
5,381,11620151
5,382,11964840
5,383,11895022
5,384,11939075
5,385,11692974
5,386,11709570
5,387,11634922
5,388,11499302
5,389,11533072
5,390,11430977
5,391,11641964
5,392,11761156
5,393,12331733
5,394,12149938
5,395,12036563
5,396,11894576
5,397,11748162
5,398,11641486
5,399,11647127
5,400,11970639
5,401,11573828
5,402,11536049
5,403,11440533
5,404,11443779
5,405,11507737
5,406,11429157
5,407,11506652
5,408,11379599
5,409,11425850
5,410,11415098
5,411,11587633
5,412,11487001
5,413,11610814
5,414,11390784
5,415,11443954
5,416,11537883
5,417,11625071
5,418,11866117
5,419,11748926
5,420,11964139
5,421,11881926
5,422,29445
5,423,11828151
5,424,11478645
5,425,11375647
5,426,11535577
5,427,11798122
5,428,11766877
5,429,11808711
5,430,11774900
5,431,11612303
5,432,11500658
5,433,11590688
5,434,11757867
5,435,11744387
5,436,11974785
5,437,12470542
5,438,12351703
5,439,12095787
5,440,12120943
5,441,11991973
5,442,12009856
5,443,12019640
5,444,11828540
5,445,11744699
5,446,11776947
5,447,11664441
5,448,11850328
5,449,11940127
5,450,11725644
5,451,11637077
5,452,11612327
5,453,11779750
5,454,11844810
5,455,11679549
5,456,12747340
5,457,13092222
5,458,13458128
5,459,13148288
5,460,12959609
5,461,12743744
5,462,12728388
5,463,11832051
5,464,11693668
5,465,11771374
5,466,11924652
5,467,11987183
5,468,11881898
5,469,11968482
5,470,12323284
5,471,12530647
5,472,12122184
5,473,11953107
5,474,12144323
5,475,12335672
5,476,12718767
5,477,12230701
5,478,12387060
5,479,12309911
5,480,12505694
5,481,12810680
5,482,12494488
5,483,12136149
5,484,12247140
5,485,12068126
5,486,12213377
5,487,11991735
5,488,11892420
5,489,12385925
5,490,12405136
5,491,37904
5,492,12161182
5,493,12174296
5,494,12175050
5,495,12043103
5,496,11737601
5,497,11629250
5,498,11664980
5,499,11720630
5,500,11651299
5,501,11914812
5,502,11630972
5,503,11463379
5,504,11532021
5,505,11442662
5,506,11519194
5,507,11395921
5,508,11575487
5,509,11604514
5,510,11640774
5,511,11528598
5,512,11446681
5,513,11435711
5,514,11299511
5,515,11468554
5,516,11606879
5,517,11482165
5,518,11382784
5,519,11389299
5,520,11441753
5,521,11849276
5,522,12207950
5,523,11767054
5,524,11856485
5,525,11835159
5,526,11899544
5,527,11925095
5,528,11856258
5,529,12319505
5,530,12230169
5,531,12238977
5,532,12340704
5,533,12287619
5,534,12357880
5,535,18010306
5,536,12446519
5,537,12222881
5,538,12161380
5,539,12211344
5,540,12271488
5,541,12066951
5,542,11889370
5,543,12101728
5,544,12587178
5,545,12291436
5,546,12122956
5,547,11839990
5,548,11966444
5,549,12233759
5,550,12373340
5,551,12409556
5,552,12059006
5,553,11961611
5,554,12019913
5,555,11941537
5,556,11571649
5,557,11549604
5,558,11981001
5,559,12216346
5,560,34543
5,561,11804755
5,562,11885913
5,563,12200177
5,564,12009031
5,565,11719757
5,566,11801773
5,567,12211764
5,568,12460864
5,569,12025225
5,570,11961077
5,571,12335725
5,572,12363629
5,573,12058819
5,574,11898343
5,575,11803882
5,576,12173450
5,577,11997231
5,578,11977919
5,579,11968269
5,580,12135581
5,581,12237109
5,582,12322311
5,583,12045510
5,584,12215151
5,585,12233443
5,586,12310350
5,587,11909833
5,588,11979908
5,589,11819972
5,590,11734075
5,591,12070017
5,592,11960623
5,593,12308824
5,594,11967095
5,595,12130438
5,596,11999892
5,597,11860476
5,598,11788590
5,599,12109552
5,600,11989189
5,601,11924403
5,602,11861786
5,603,12236403
5,604,11815123
5,605,11542094
5,606,11583000
5,607,11523897
5,608,11686938
5,609,11667581
5,610,11648434
5,611,11973405
5,612,12359429
5,613,12343306
5,614,12273198
5,615,12140280
5,616,12109082
5,617,11778264
5,618,11573795
5,619,11486539
5,620,11718612
5,621,11833858
5,622,11937072
5,623,12245063
5,624,12332287
5,625,12166416
5,626,12170913
5,627,12509652
5,628,12552604
5,629,35424
5,630,12039451
5,631,12267746
5,632,12057345
5,633,12096538
5,634,12150969
5,635,12332917
5,636,11975209
5,637,12069493
5,638,12195709
5,639,12062529
5,640,12342223
5,641,11849922
5,642,11973652
5,643,12020206
5,644,11830440
5,645,12392604
5,646,12318966
5,647,12473949
5,648,12182216
5,649,11816346
5,650,11806390
5,651,11959045
5,652,11779918
5,653,11594306
5,654,11861645
5,655,11861651
5,656,11550767
5,657,11549616
5,658,11588890
5,659,13350681
5,660,11960231
5,661,11536456
5,662,11632281
5,663,11605369
5,664,11923804
5,665,11692275
5,666,11679740
5,667,11880531
5,668,12110584
5,669,11652014
5,670,11588588
5,671,11447166
5,672,11426295
5,673,11512504
5,674,12025582
5,675,11886136
5,676,11886409
5,677,11897944
5,678,11508897
5,679,11438466
5,680,11450822
5,681,11452167
5,682,11410622
5,683,11465917
5,684,11423952
5,685,11311212
5,686,11633524
5,687,11569468
5,688,11489443
5,689,11352662
6,0,11642625
6,1,11397865
6,2,11473483
6,3,11412833
6,4,11444453
6,5,11395495
6,6,11486272
6,7,11622963
6,8,19965
6,9,12022845
6,10,11844615
6,11,11584695
6,12,11454895
6,13,11480186
6,14,11689207
6,15,11528104
6,16,11599930
6,17,11438925
6,18,11421477
6,19,11470943
6,20,11499547
6,21,11563671
6,22,11490159
6,23,11287786
6,24,11418758
6,25,11575337
6,26,11425893
6,27,11520434
6,28,11515621
6,29,11398102
6,30,11541166
6,31,11432959
6,32,11562208
6,33,11527213
6,34,11587524
6,35,11529013
6,36,11524159
6,37,11572347
6,38,11501728
6,39,11666652
6,40,11677198
6,41,11389462
6,42,11512529
6,43,11673761
6,44,12794885
6,45,12064515
6,46,11855968
6,47,12033186
6,48,12022641
6,49,11636386
6,50,11517189
6,51,11587587
6,52,11559079
6,53,11843740
6,54,11915637
6,55,11758582
6,56,11719112
6,57,11657078
6,58,11505627
6,59,11457830
6,60,11512531
6,61,11552900
6,62,11656238
6,63,11511271
6,64,11457230
6,65,11584408
6,66,11541101
6,67,11579936
6,68,11977150
6,69,11404587
6,70,11659221
6,71,11574238
6,72,11676832
6,73,11574915
6,74,11522645
6,75,11744041
6,76,11825777
6,77,23152
6,78,11807030
6,79,11625168
6,80,11509693
6,81,11607269
6,82,11498485
6,83,11497594
6,84,11501472
6,85,11621349
6,86,11458824
6,87,11362224
6,88,11358232
6,89,11342831
6,90,11340116
6,91,11344031
6,92,11548339
6,93,11682551
6,94,11627790
6,95,11488521
6,96,11442536
6,97,11419631
6,98,11331450
6,99,11335310
6,100,11298010
6,101,11275622
6,102,11324500
6,103,11276753
6,104,11334797
6,105,11345768
6,106,11218687
6,107,11345426
6,108,11385950
6,109,11255578
6,110,11240502
6,111,11237252
6,112,11230920
6,113,11397364
6,114,11949990
6,115,11763610
6,116,11785039
6,117,11771057
6,118,11500915
6,119,11852625
6,120,12005081
6,121,11909983
6,122,11819446
6,123,11817820
6,124,11659534
6,125,11609910
6,126,11540548
6,127,11596377
6,128,11483830
6,129,11497953
6,130,11640977
6,131,12203488
6,132,11838645
6,133,11975187
6,134,11653872
6,135,11667344
6,136,11437184
6,137,11405186
6,138,11626267
6,139,11443906
6,140,11463816
6,141,11454128
6,142,11368071
6,143,11364245
6,144,11578890
6,145,11525937
6,146,20284
6,147,11340113
6,148,11345282
6,149,11529828
6,150,12074569
6,151,11466663
6,152,11489946
6,153,11497684
6,154,11552277
6,155,11608427
6,156,11464593
6,157,11616223
6,158,11462646
6,159,11387369
6,160,11469214
6,161,11296391
6,162,11316857
6,163,11296120
6,164,11265318
6,165,11262047
6,166,11298304
6,167,11315534
6,168,11420609
6,169,11790403
6,170,11617652
6,171,11786278
6,172,11683975
6,173,11940083
6,174,11887190
6,175,11921035
6,176,11757992
6,177,12139950
6,178,11919960
6,179,11835513
6,180,12830439
6,181,11885341
6,182,11747019
6,183,11596298
6,184,11667390
6,185,11588765
6,186,11746719
6,187,11748206
6,188,11702952
6,189,11589900
6,190,11485156
6,191,11497894
6,192,11529032
6,193,11723995
6,194,11934773
6,195,12277048
6,196,12232661
6,197,12398775
6,198,12325267
6,199,12099280
6,200,12135766
6,201,11718105
6,202,11721824
6,203,11995432
6,204,12011062
6,205,12038462
6,206,12251374
6,207,12262428
6,208,12248184
6,209,12378097
6,210,12078927
6,211,11963256
6,212,12028384
6,213,11984157
6,214,12135439
6,215,32414
6,216,11917848
6,217,11972891
6,218,12353178
6,219,12072616
6,220,11937676
6,221,11994680
6,222,11963530
6,223,12101676
6,224,12094542
6,225,12298502
6,226,12371791
6,227,12036924
6,228,11996140
6,229,12071084
6,230,12289754
6,231,12448691
6,232,12247117
6,233,12372719
6,234,11948968
6,235,12005766
6,236,12138467
6,237,12037713
6,238,12188905
6,239,12275184
6,240,12280527
6,241,12415783
6,242,12382410
6,243,12157067
6,244,11909495
6,245,11945854
6,246,12330813
6,247,12140612
6,248,12153189
6,249,12222573
6,250,11946488
6,251,11878643
6,252,11686112
6,253,11794755
6,254,11803812
6,255,11721802
6,256,12023953
6,257,11808451
6,258,11906133
6,259,11840404
6,260,11961270
6,261,11681264
6,262,11708951
6,263,11926462
6,264,11889363
6,265,12068779
6,266,12039287
6,267,12218667
6,268,12159955
6,269,12521169
6,270,12389953
6,271,12648727
6,272,12595347
6,273,12356523
6,274,12173376
6,275,12157840
6,276,12240390
6,277,12457397
6,278,12363719
6,279,12492648
6,280,12463877
6,281,12483897
6,282,12675262
6,283,12727428
6,284,38248
6,285,12370418
6,286,12597738
6,287,12105026
6,288,12171897
6,289,12105154
6,290,12450725
6,291,12317150
6,292,11969937
6,293,12309397
6,294,12004064
6,295,11994092
6,296,12050567
6,297,12084974
6,298,12202888
6,299,12371887
6,300,12295644
6,301,12797728
6,302,12406938
6,303,12313327
6,304,12196248
6,305,12069485
6,306,12513281
6,307,12277316
6,308,12148663
6,309,12263169
6,310,12325180
6,311,12231466
6,312,12018797
6,313,12001135
6,314,13536815
6,315,12277922
6,316,12322847
6,317,12304269
6,318,12121557
6,319,12314340
6,320,12050379
6,321,12103781
6,322,12333792
6,323,12224366
6,324,12431649
6,325,12319226
6,326,12093913
6,327,11984138
6,328,11937553
6,329,12211455
6,330,12262807
6,331,12588460
6,332,12536191
6,333,12563397
6,334,12455710
6,335,12323929
6,336,12428931
6,337,12506664
6,338,12342582
6,339,12178893
6,340,12056379
6,341,12268836
6,342,12523745
6,343,12698649
6,344,12468547
6,345,12580643
6,346,12349796
6,347,12257813
6,348,12162118
6,349,12179001
6,350,12644956
6,351,12434531
6,352,12818159
6,353,31788
6,354,12800870
6,355,12959518
6,356,12531347
6,357,12810786
6,358,12583978
6,359,12719238
6,360,12558398
6,361,12188590
6,362,12865629
6,363,12353342
6,364,12657387
6,365,12212686
6,366,12347027
6,367,12671371
6,368,12140577
6,369,12553114
6,370,12725004
6,371,12214994
6,372,12393745
6,373,12435733
6,374,12711067
6,375,12843284
6,376,12243264
6,377,12608248
6,378,12956462
6,379,12936559
6,380,13009416
6,381,12717669
6,382,12576821
6,383,12962177
6,384,12489599
6,385,12706543
6,386,13083919
6,387,12657116
6,388,12871458
6,389,12423446
6,390,12364908
6,391,12965732
6,392,12630041
6,393,12990447
6,394,13004383
6,395,12289201
6,396,12583219
6,397,12618022
6,398,12579447
6,399,13130439
6,400,12428600
6,401,13054132
6,402,12482226
6,403,12339517
6,404,13297830
6,405,13938458
6,406,12924701
6,407,12656424
6,408,12816089
6,409,12656742
6,410,12258804
6,411,12304229
6,412,12815153
6,413,12319369
6,414,12767257
6,415,12984805
6,416,12524038
6,417,12682541
6,418,12466966
6,419,12676270
6,420,12738264
6,421,12671391
6,422,37965
6,423,13204935
6,424,12296809
6,425,12293959
6,426,12641520
6,427,12558282
6,428,12562566
6,429,12587886
6,430,12747847
6,431,12527370
6,432,12230558
6,433,12106883
6,434,12236951
6,435,14551640
6,436,14117442
6,437,12717612
6,438,12328292
6,439,11977948
6,440,12069607
6,441,12499019
6,442,12015394
6,443,12099858
6,444,12024171
6,445,12322622
6,446,12200934
6,447,12195482
6,448,12182052
6,449,12081566
6,450,12270662
6,451,12076430
6,452,12205546
6,453,12468810
6,454,12065761
6,455,12037966
6,456,12114779
6,457,11962102
6,458,11999008
6,459,11912148
6,460,11670974
6,461,11630525
6,462,11446099
6,463,11664902
6,464,11697693
6,465,11577354
6,466,11513924
6,467,11673928
6,468,11591782
6,469,11737538
6,470,11587669
6,471,11756136
6,472,11774986
6,473,11843973
6,474,11769448
6,475,11693836
6,476,11913864
6,477,11799533
6,478,11702172
6,479,11724064
6,480,11798206
6,481,11645436
6,482,11745102
6,483,11880599
6,484,11576245
6,485,11701545
6,486,11571151
6,487,11675951
6,488,11859165
6,489,11984015
6,490,12038385
6,491,26335
6,492,11569552
6,493,11468209
6,494,11576463
6,495,11571158
6,496,11763150
6,497,11874955
6,498,12131759
6,499,11904813
6,500,11919314
6,501,11768563
6,502,11667406
6,503,11474756
6,504,11435313
6,505,11502933
6,506,11336767
6,507,11369507
6,508,11590088
6,509,11617860
6,510,11370472
6,511,11415583
6,512,11445401
6,513,11465460
6,514,11391611
6,515,11408291
6,516,11420902
6,517,11495301
6,518,11312944
6,519,11425787
6,520,11380023
6,521,11327012
6,522,11531338
6,523,11429322
6,524,11512522
6,525,11459394
6,526,11305763
6,527,11682142
6,528,11406117
6,529,11423289
6,530,11569797
6,531,11474928
6,532,11487297
6,533,11359445
6,534,11478224
6,535,11511334
6,536,11576285
6,537,11581940
6,538,11439959
6,539,11524828
6,540,11657483
6,541,11727830
6,542,11539390
6,543,11467237
6,544,11564679
6,545,11936502
6,546,11549752
6,547,11623166
6,548,11481114
6,549,11552346
6,550,11842326
6,551,12052447
6,552,11961984
6,553,11906862
6,554,11596864
6,555,11603913
6,556,11712289
6,557,11765694
6,558,12143418
6,559,12209966
6,560,35461
6,561,11678546
6,562,11783493
6,563,11599235
6,564,11447401
6,565,11478303
6,566,11346670
6,567,11378166
6,568,11454577
6,569,11664545
6,570,11825909
6,571,11699054
6,572,11617619
6,573,11415175
6,574,11522887
6,575,11580255
6,576,11684428
6,577,11725817
6,578,12022956
6,579,11758526
6,580,11524871
6,581,11730267
6,582,11742865
6,583,11502241
6,584,11675329
6,585,11539620
6,586,11574325
6,587,11454607
6,588,11474547
6,589,11600162
6,590,11680161
6,591,11515988
6,592,11721755
6,593,11928313
6,594,11874799
6,595,11717223
6,596,11593735
6,597,11654770
6,598,11502208
6,599,11401424
6,600,11443364
6,601,11277477
6,602,11274194
6,603,11471912
6,604,11502287
6,605,11266386
6,606,11334132
6,607,11452528
6,608,11310889
6,609,11353716
6,610,11401042
6,611,11736517
6,612,11448754
6,613,11405096
6,614,11398659
6,615,11362816
6,616,11421529
6,617,11564855
6,618,11424626
6,619,11626696
6,620,11801912
6,621,11793716
6,622,11569424
6,623,11585707
6,624,11474836
6,625,11361991
6,626,11351944
6,627,11819572
6,628,12068043
6,629,31666
6,630,11765049
6,631,11964832
6,632,12458696
6,633,11925167
6,634,11857427
6,635,11863686
6,636,12022945
6,637,12170209
6,638,12243702
6,639,12475779
6,640,12486794
6,641,12206494
6,642,12002879
6,643,12184825
6,644,11861919
6,645,12021119
6,646,12138718
6,647,12480807
6,648,12063873
6,649,11781501
6,650,11901937
6,651,11973589
6,652,13266930
6,653,11765176
6,654,11605244
6,655,12173897
6,656,11689447
6,657,11666937
6,658,11819526
6,659,11719986
6,660,11896601
6,661,11740621
6,662,11574512
6,663,11785417
6,664,11476310
6,665,11631305
6,666,11462967
6,667,11484815
6,668,11566833
6,669,11464804
6,670,11653142
6,671,11716430
6,672,11581867
6,673,11474606
6,674,11548414
6,675,11821272
6,676,11584516
6,677,11447712
6,678,11800381
6,679,11932956
6,680,11606271
6,681,11692440
6,682,11561474
6,683,11630510
6,684,11711395
6,685,11571037
6,686,11553267
6,687,11758359
6,688,11880012
6,689,12015299
7,0,11910377
7,1,11678816
7,2,11718329
7,3,11925516
7,4,11690007
7,5,11813212
7,6,12037822
7,7,12157808
7,8,33661
7,9,11915876
7,10,11597232
7,11,11435442
7,12,11416326
7,13,11858238
7,14,11529511
7,15,11635438
7,16,11587411
7,17,11509539
7,18,11508174
7,19,11545186
7,20,11615661
7,21,11550460
7,22,11631036
7,23,11804371
7,24,11795898
7,25,11764875
7,26,11830025
7,27,11746387
7,28,11797731
7,29,11718518
7,30,11484862
7,31,11672047
7,32,11777749
7,33,11549215
7,34,12010759
7,35,11866607
7,36,11709234
7,37,11737476
7,38,11734734
7,39,11963001
7,40,11745354
7,41,11725092
7,42,11660490
7,43,11631995
7,44,11623605
7,45,11730131
7,46,11810372
7,47,11909145
7,48,11606552
7,49,11663211
7,50,11518677
7,51,11505181
7,52,11498145
7,53,11653586
7,54,11451138
7,55,11451556
7,56,11514592
7,57,11471063
7,58,11454737
7,59,11404761
7,60,11455074
7,61,11494733
7,62,11889617
7,63,11712517
7,64,11568945
7,65,11447975
7,66,11467344
7,67,11318014
7,68,11407536
7,69,11435309
7,70,11401804
7,71,11316973
7,72,11509725
7,73,11408253
7,74,11462223
7,75,11643942
7,76,11857205
7,77,25236
7,78,11474349
7,79,11935496
7,80,12531605
7,81,11369650
7,82,11511231
7,83,11507725
7,84,11351597
7,85,11502688
7,86,11515959
7,87,11618361
7,88,11550116
7,89,11721470
7,90,11484834
7,91,11563178
7,92,11481125
7,93,11608786
7,94,12181746
7,95,11656454
7,96,11602639
7,97,11502320
7,98,11605457
7,99,11457525
7,100,11626737
7,101,11534309
7,102,11503756
7,103,11482473
7,104,11491363
7,105,11679221
7,106,11579821
7,107,11539202
7,108,11757357
7,109,11741413
7,110,11790315
7,111,11641576
7,112,11451393
7,113,11568495
7,114,11579759
7,115,11494408
7,116,11574366
7,117,11673885
7,118,14498397
7,119,11841398
7,120,11584916
7,121,11746469
7,122,11503446
7,123,11535529
7,124,11583575
7,125,11544520
7,126,11581303
7,127,11657306
7,128,11629286
7,129,11640336
7,130,11665195
7,131,11661747
7,132,12023216
7,133,12045123
7,134,11924287
7,135,11721075
7,136,11778184
7,137,11623615
7,138,11659729
7,139,11970734
7,140,11921848
7,141,11911091
7,142,11785521
7,143,11839798
7,144,12130636
7,145,12256657
7,146,34589
7,147,11920616
7,148,11899132
7,149,11606026
7,150,11674327
7,151,11655048
7,152,11621653
7,153,11558545
7,154,11701610
7,155,11555353
7,156,11471533
7,157,11578598
7,158,11641256
7,159,11550880
7,160,11752930
7,161,11791053
7,162,11559399
7,163,11681769
7,164,11885429
7,165,11964272
7,166,11889331
7,167,12243306
7,168,12256683
7,169,11987548
7,170,11807417
7,171,11899534
7,172,11942931
7,173,11879204
7,174,12113327
7,175,12270431
7,176,11917303
7,177,12089149
7,178,12123292
7,179,12537416
7,180,12363858
7,181,12371777
7,182,12302322
7,183,12521763
7,184,12131016
7,185,12200539
7,186,12356841
7,187,12194437
7,188,12024694
7,189,12179764
7,190,12413625
7,191,12094271
7,192,11864456
7,193,11929498
7,194,12054741
7,195,12054492
7,196,12089797
7,197,12256321
7,198,12044622
7,199,11986120
7,200,12358969
7,201,11920421
7,202,11772641
7,203,11826724
7,204,11828041
7,205,12045706
7,206,12643305
7,207,12264316
7,208,12319284
7,209,12290392
7,210,12339681
7,211,12246731
7,212,12035518
7,213,12241965
7,214,12171112
7,215,34601
7,216,11966566
7,217,12152513
7,218,12153141
7,219,12306605
7,220,11980431
7,221,11881982
7,222,11988337
7,223,12015703
7,224,12008053
7,225,11989328
7,226,12111003
7,227,12159318
7,228,11801734
7,229,11703851
7,230,12031656
7,231,12740525
7,232,12195084
7,233,12215542
7,234,12217044
7,235,12131587
7,236,12172433
7,237,12012764
7,238,12087289
7,239,11879088
7,240,11934409
7,241,11740707
7,242,11841598
7,243,11924453
7,244,11711812
7,245,11608895
7,246,11977393
7,247,12097038
7,248,12465700
7,249,12378582
7,250,12332538
7,251,12384409
7,252,12439732
7,253,12442658
7,254,12120275
7,255,12322380
7,256,12257928
7,257,12367682
7,258,12277121
7,259,12132771
7,260,11955313
7,261,12030320
7,262,11936816
7,263,11867558
7,264,11876865
7,265,11858644
7,266,11762185
7,267,11639254
7,268,11640968
7,269,11571013
7,270,11773370
7,271,11812411
7,272,11691395
7,273,11591918
7,274,11809874
7,275,11620987
7,276,11555834
7,277,11510118
7,278,11468745
7,279,11658667
7,280,11519875
7,281,11735591
7,282,11824268
7,283,11733247
7,284,25050
7,285,11410988
7,286,11469511
7,287,11597369
7,288,11618288
7,289,11416340
7,290,11400751
7,291,11496102
7,292,11441236
7,293,11558406
7,294,11818746
7,295,11674020
7,296,11591963
7,297,11743906
7,298,11681193
7,299,11628660
7,300,11733248
7,301,11592551
7,302,11765458
7,303,12016499
7,304,11753226
7,305,11756344
7,306,13308057
7,307,11918653
7,308,11672822
7,309,11681647
7,310,11629415
7,311,11534988
7,312,11634047
7,313,11591012
7,314,11625511
7,315,11786827
7,316,11621307
7,317,11586739
7,318,11957966
7,319,11743167
7,320,11864839
7,321,11862486
7,322,11641100
7,323,11676608
7,324,11629920
7,325,11558073
7,326,11802460
7,327,12059973
7,328,12070133
7,329,11872318
7,330,11867719
7,331,11765513
7,332,11538160
7,333,11827272
7,334,11728342
7,335,11693816
7,336,11653956
7,337,11639574
7,338,11900777
7,339,11679395
7,340,11686776
7,341,11785125
7,342,11722916
7,343,11757909
7,344,11810724
7,345,11694868
7,346,11816512
7,347,11540071
7,348,11789357
7,349,11678347
7,350,11595560
7,351,11910563
7,352,11889015
7,353,28646
7,354,11562172
7,355,11519562
7,356,11606228
7,357,11625106
7,358,11603939
7,359,11516259
7,360,11715739
7,361,11651726
7,362,11617551
7,363,11511187
7,364,11578720
7,365,11713125
7,366,11696485
7,367,11794325
7,368,11788650
7,369,11698579
7,370,11757632
7,371,11717537
7,372,11799887
7,373,11963912
7,374,11740398
7,375,11781885
7,376,11747258
7,377,12326034
7,378,12114205
7,379,12099251
7,380,12142455
7,381,11904040
7,382,11942183
7,383,11809571
7,384,11940823
7,385,11825292
7,386,12011692
7,387,11665360
7,388,11769625
7,389,11558346
7,390,11567350
7,391,11488001
7,392,11498394
7,393,11714006
7,394,11437827
7,395,11555120
7,396,11577862
7,397,11371708
7,398,11495753
7,399,11537613
7,400,11529142
7,401,11511818
7,402,11494479
7,403,11419971
7,404,11590524
7,405,11464455
7,406,11477014
7,407,11886064
7,408,11639362
7,409,11523933
7,410,11489386
7,411,11438589
7,412,11914267
7,413,11781034
7,414,11600468
7,415,11866906
7,416,11943748
7,417,11683413
7,418,11768623
7,419,11563024
7,420,11882635
7,421,11877116
7,422,28972
7,423,11790730
7,424,12020611
7,425,11774440
7,426,11924152
7,427,11871713
7,428,11763234
7,429,12151265
7,430,12197142
7,431,12135491
7,432,11934235
7,433,11878662
7,434,12041561
7,435,11782582
7,436,11704742
7,437,11649021
7,438,11676395
7,439,11703728
7,440,11664689
7,441,11601318
7,442,11749276
7,443,11670103
7,444,11625225
7,445,11687297
7,446,11605461
7,447,11609647
7,448,11747332
7,449,11645368
7,450,11715688
7,451,13746237
7,452,11581959
7,453,11684025
7,454,11578518
7,455,11598567
7,456,11492525
7,457,11616023
7,458,11539619
7,459,11385367
7,460,11277875
7,461,11574516
7,462,11429832
7,463,11824474
7,464,12216288
7,465,12081349
7,466,11994599
7,467,11971648
7,468,11759714
7,469,11707673
7,470,11800835
7,471,11721641
7,472,11737176
7,473,11818440
7,474,11892367
7,475,11999751
7,476,11763480
7,477,11484837
7,478,11437733
7,479,11523191
7,480,11507685
7,481,11420024
7,482,11574615
7,483,11533038
7,484,11459590
7,485,11537455
7,486,11440301
7,487,11352068
7,488,11373003
7,489,11613680
7,490,11519763
7,491,21090
7,492,11331295
7,493,11411389
7,494,11400192
7,495,11381995
7,496,11322593
7,497,11442729
7,498,11377206
7,499,11349397
7,500,11395475
7,501,11381881
7,502,11322188
7,503,11449327
7,504,11483874
7,505,11436759
7,506,11387956
7,507,11667442
7,508,11579797
7,509,12053180
7,510,11870238
7,511,11664199
7,512,11699315
7,513,11538051
7,514,11646206
7,515,11543418
7,516,11773495
7,517,11632954
7,518,11768499
7,519,11911063
7,520,11914575
7,521,11739260
7,522,11718138
7,523,11564191
7,524,11403594
7,525,11484975
7,526,11734895
7,527,11635768
7,528,11731898
7,529,11529269
7,530,11884684
7,531,11600296
7,532,11618684
7,533,11538624
7,534,11591263
7,535,11526814
7,536,11806705
7,537,11876104
7,538,11672356
7,539,11596202
7,540,11627270
7,541,11633844
7,542,11705178
7,543,11736522
7,544,11696272
7,545,11877242
7,546,11587376
7,547,11485233
7,548,11430977
7,549,11352636
7,550,11716223
7,551,11941218
7,552,11835063
7,553,11720231
7,554,11667809
7,555,11667198
7,556,11796582
7,557,11965602
7,558,12139780
7,559,11826590
7,560,28764
7,561,11709621
7,562,11799942
7,563,11848489
7,564,11663683
7,565,11588183
7,566,11532153
7,567,11619920
7,568,11584336
7,569,11607550
7,570,11638041
7,571,11568211
7,572,11600017
7,573,11497904
7,574,11405983
7,575,11436625
7,576,11360948
7,577,11389518
7,578,11359483
7,579,11314668
7,580,11407507
7,581,11320671
7,582,11358092
7,583,11584606
7,584,11537193
7,585,11553634
7,586,11500792
7,587,11453634
7,588,11530876
7,589,11427076
7,590,12519951
7,591,11702560
7,592,11463560
7,593,11527512
7,594,11544800
7,595,11563537
7,596,11817860
7,597,11590952
7,598,11472934
7,599,11362649
7,600,11594219
7,601,11394540
7,602,11416061
7,603,11420374
7,604,11693478
7,605,11716054
7,606,11604933
7,607,12257802
7,608,16192844
7,609,11645831
7,610,11459497
7,611,11584679
7,612,11548676
7,613,11542361
7,614,11818414
7,615,11633529
7,616,11534367
7,617,11444396
7,618,11510405
7,619,11346615
7,620,11429461
7,621,11465565
7,622,11563102
7,623,11673770
7,624,11720559
7,625,11645906
7,626,11609573
7,627,11704313
7,628,11643183
7,629,22930
7,630,11599667
7,631,11405175
7,632,11511037
7,633,11356249
7,634,11460496
7,635,11383116
7,636,11372789
7,637,11465681
7,638,11675886
7,639,11683656
7,640,11747962
7,641,11671963
7,642,11593960
7,643,11576043
7,644,11683678
7,645,11559465
7,646,11531800
7,647,11574748
7,648,11558153
7,649,11438958
7,650,11472076
7,651,11426215
7,652,11705956
7,653,11609155
7,654,12862356
7,655,11703970
7,656,11409656
7,657,11400182
7,658,11418951
7,659,11400473
7,660,11551674
7,661,11410081
7,662,11498257
7,663,11497775
7,664,11429251
7,665,11462501
7,666,11462092
7,667,11490786
7,668,11676750
7,669,11674045
7,670,11474116
7,671,11602122
7,672,11909486
7,673,11774577
7,674,11994330
7,675,12388012
7,676,12120755
7,677,11799223
7,678,12001373
7,679,11873827
7,680,11918724
7,681,11844514
7,682,12107461
7,683,12357222
7,684,11953731
7,685,11811816
7,686,11922635
7,687,12162728
7,688,11908243
7,689,12054846
8,0,12297567
8,1,11995630
8,2,12112983
8,3,11859925
8,4,12610170
8,5,11895303
8,6,12232928
8,7,12406347
8,8,34712
8,9,12052752
8,10,11847610
8,11,11729255
8,12,12003701
8,13,12022609
8,14,11949988
8,15,12103389
8,16,11946751
8,17,11743746
8,18,11790925
8,19,11939421
8,20,11891351
8,21,11906043
8,22,12357238
8,23,12017445
8,24,11888833
8,25,11882661
8,26,11878895
8,27,11824386
8,28,11895483
8,29,12235953
8,30,11909919
8,31,12147127
8,32,12137570
8,33,12246983
8,34,12273778
8,35,11995535
8,36,11818840
8,37,11780168
8,38,11862341
8,39,11839446
8,40,11726868
8,41,11690232
8,42,11432431
8,43,11332388
8,44,11505349
8,45,11823994
8,46,11497658
8,47,11519293
8,48,11513860
8,49,11409804
8,50,11290434
8,51,11300523
8,52,11313856
8,53,11373809
8,54,11293204
8,55,11221514
8,56,11319522
8,57,11399277
8,58,11365807
8,59,11372593
8,60,11516649
8,61,11626292
8,62,11630569
8,63,11458579
8,64,11397409
8,65,11781448
8,66,11520748
8,67,11620661
8,68,11532568
8,69,11472557
8,70,11532025
8,71,11348110
8,72,11360710
8,73,11448548
8,74,11425846
8,75,11645394
8,76,11476847
8,77,18434
8,78,11466277
8,79,11322764
8,80,11365760
8,81,11462115
8,82,11337817
8,83,11461067
8,84,11347582
8,85,11667832
8,86,11653503
8,87,11649943
8,88,11559222
8,89,11375693
8,90,11553494
8,91,11527174
8,92,11485979
8,93,11358493
8,94,11515107
8,95,11395304
8,96,11472163
8,97,11402561
8,98,11289029
8,99,11254807
8,100,11317118
8,101,11461495
8,102,11349900
8,103,11302328
8,104,11481325
8,105,11769857
8,106,11638535
8,107,11618921
8,108,11907313
8,109,11574878
8,110,11681472
8,111,11474015
8,112,11492985
8,113,11455771
8,114,11543197
8,115,11493734
8,116,11641898
8,117,11778832
8,118,11743931
8,119,11699743
8,120,11697052
8,121,11812868
8,122,11638624
8,123,12089982
8,124,11743363
8,125,11697119
8,126,11830485
8,127,11682349
8,128,11787471
8,129,11729690
8,130,11516410
8,131,11949234
8,132,11798907
8,133,11782544
8,134,11657138
8,135,11778812
8,136,12099381
8,137,11866453
8,138,11794217
8,139,11940925
8,140,11857961
8,141,11874471
8,142,11938497
8,143,11934197
8,144,12124905
8,145,12136315
8,146,27779
8,147,11791561
8,148,11530711
8,149,11531127
8,150,11574578
8,151,11575958
8,152,11577181
8,153,11508832
8,154,11561431
8,155,11676909
8,156,11668862
8,157,11584341
8,158,11641383
8,159,11500290
8,160,11630360
8,161,11839237
8,162,11580546
8,163,11482106
8,164,11440871
8,165,11544107
8,166,11439813
8,167,11343977
8,168,11373327
8,169,11284728
8,170,11441076
8,171,11351941
8,172,11387485
8,173,11347926
8,174,11394831
8,175,11591426
8,176,11608818
8,177,11864374
8,178,12015081
8,179,11651023
8,180,11628487
8,181,11632768
8,182,11530414
8,183,11469592
8,184,11367385
8,185,11351761
8,186,11489288
8,187,11705742
8,188,11654682
8,189,11541508
8,190,11408746
8,191,11313757
8,192,11328116
8,193,11375833
8,194,11286421
8,195,11365122
8,196,11715852
8,197,11567551
8,198,11550154
8,199,11481500
8,200,11538575
8,201,11349775
8,202,11370952
8,203,11280856
8,204,11362684
8,205,12108837
8,206,11486839
8,207,14213442
8,208,12046017
8,209,11756805
8,210,11503368
8,211,11522041
8,212,11559755
8,213,11719310
8,214,11736089
8,215,21789
8,216,11504280
8,217,11637485
8,218,11741333
8,219,11920549
8,220,11988181
8,221,11816372
8,222,11598066
8,223,11804652
8,224,11821861
8,225,11959911
8,226,12175150
8,227,12246458
8,228,11871941
8,229,11609702
8,230,11761733
8,231,12036155
8,232,11841469
8,233,11837410
8,234,12065497
8,235,11884797
8,236,11855371
8,237,11624905
8,238,11896494
8,239,11734117
8,240,11757536
8,241,12025344
8,242,11973450
8,243,11715813
8,244,11774503
8,245,15740190
8,246,11895456
8,247,11811178
8,248,12078272
8,249,11905499
8,250,11787124
8,251,11841001
8,252,11958683
8,253,11821739
8,254,11793819
8,255,11957526
8,256,11773492
8,257,11750627
8,258,11807558
8,259,11690658
8,260,11720793
8,261,11909481
8,262,12060095
8,263,11820468
8,264,11707306
8,265,11816858
8,266,11737384
8,267,11838288
8,268,12588244
8,269,11729254
8,270,11616851
8,271,11442460
8,272,11429451
8,273,11322797
8,274,11342868
8,275,11297603
8,276,11286711
8,277,11213902
8,278,11218437
8,279,11252329
8,280,11311264
8,281,11338114
8,282,11631205
8,283,11445754
8,284,21830
8,285,11415336
8,286,11437160
8,287,11338520
8,288,11214277
8,289,11211284
8,290,11211693
8,291,11303470
8,292,11400186
8,293,11230289
8,294,11230061
8,295,11752234
8,296,11450086
8,297,11472891
8,298,11338210
8,299,11485327
8,300,11301859
8,301,11397876
8,302,11279754
8,303,11263491
8,304,11344305
8,305,11387439
8,306,11302554
8,307,11193637
8,308,11226423
8,309,11374786
8,310,11394791
8,311,11455748
8,312,12804824
8,313,11378396
8,314,11438878
8,315,11552193
8,316,11471664
8,317,11291439
8,318,11297390
8,319,11367435
8,320,11256927
8,321,11282354
8,322,11374082
8,323,11331603
8,324,11327091
8,325,11365488
8,326,11447096
8,327,11382100
8,328,11314231
8,329,11288984
8,330,11308593
8,331,11294818
8,332,11340547
8,333,11367603
8,334,11263651
8,335,11363296
8,336,11638502
8,337,11524524
8,338,11611404
8,339,11481630
8,340,11772435
8,341,11612332
8,342,11381467
8,343,11490912
8,344,11512434
8,345,11468533
8,346,11481212
8,347,11407856
8,348,11504407
8,349,11526465
8,350,11469060
8,351,13038033
8,352,11720419
8,353,24293
8,354,12216868
8,355,11550119
8,356,11596100
8,357,11685226
8,358,11464554
8,359,11563247
8,360,11777180
8,361,11603152
8,362,11630634
8,363,11622368
8,364,11697795
8,365,11642209
8,366,11676697
8,367,11627066
8,368,11380481
8,369,11437108
8,370,11454863
8,371,11342853
8,372,11407997
8,373,11437501
8,374,11532411
8,375,11687291
8,376,11930590
8,377,11788156
8,378,11532226
8,379,11594442
8,380,11754245
8,381,11931431
8,382,11544840
8,383,12177914
8,384,12175904
8,385,11975960
8,386,12316878
8,387,11808517
8,388,12221423
8,389,12003018
8,390,12149782
8,391,12054877
8,392,11916191
8,393,11989588
8,394,12359855
8,395,12100206
8,396,12063294
8,397,12201185
8,398,11976755
8,399,11821245
8,400,12007504
8,401,12031705
8,402,11829324
8,403,11899329
8,404,11906843
8,405,11982514
8,406,11739059
8,407,12133730
8,408,11885470
8,409,11755445
8,410,11712552
8,411,11907752
8,412,11869604
8,413,11740469
8,414,11781068
8,415,11989558
8,416,11647038
8,417,11794686
8,418,11759701
8,419,11603679
8,420,12344318
8,421,12071775
8,422,28875
8,423,11797541
8,424,11759751
8,425,12028682
8,426,11940730
8,427,12243231
8,428,11721215
8,429,11653546
8,430,11726242
8,431,11658004
8,432,11796991
8,433,12143971
8,434,12007376
8,435,11601625
8,436,11619854
8,437,11721585
8,438,11631664
8,439,11760617
8,440,11934084
8,441,11882829
8,442,11758810
8,443,11887888
8,444,12084059
8,445,11883571
8,446,11818914
8,447,12020559
8,448,11917892
8,449,11643108
8,450,11683473
8,451,11616184
8,452,11742628
8,453,12179725
8,454,11769763
8,455,11862556
8,456,11766858
8,457,11891189
8,458,11929589
8,459,13659023
8,460,11590045
8,461,11495695
8,462,11601004
8,463,11568144
8,464,11702408
8,465,11741667
8,466,11801020
8,467,11904293
8,468,12378333
8,469,12074219
8,470,11900350
8,471,11860067
8,472,11770558
8,473,11698780
8,474,11770773
8,475,11666664
8,476,11744674
8,477,11604891
8,478,11659075
8,479,11598974
8,480,11609045
8,481,11492757
8,482,11614886
8,483,11596243
8,484,11455075
8,485,11571197
8,486,11538203
8,487,11502561
8,488,11618589
8,489,11779906
8,490,11526965
8,491,25625
8,492,11541865
8,493,11505872
8,494,11510211
8,495,11559085
8,496,11472816
8,497,11361860
8,498,11360184
8,499,11468538
8,500,11563571
8,501,11587026
8,502,12036747
8,503,11627285
8,504,11398491
8,505,11453109
8,506,11441009
8,507,11378065
8,508,11553353
8,509,11415428
8,510,11376570
8,511,11446683
8,512,11475959
8,513,11459800
8,514,11418231
8,515,11500296
8,516,11421124
8,517,11428833
8,518,11545323
8,519,11504122
8,520,11335425
8,521,11436328
8,522,11548788
8,523,11398167
8,524,11358462
8,525,11412359
8,526,11509552
8,527,11408219
8,528,11438502
8,529,11565404
8,530,11740609
8,531,11873484
8,532,11851555
8,533,11671653
8,534,11520904
8,535,11642837
8,536,11720676
8,537,11513658
8,538,11448808
8,539,11666062
8,540,11643013
8,541,11668415
8,542,11627612
8,543,11737671
8,544,11651545
8,545,11965145
8,546,11564620
8,547,11636246
8,548,11448855
8,549,11337638
8,550,11367669
8,551,11397368
8,552,11365010
8,553,11344496
8,554,11362652
8,555,12017458
8,556,11926010
8,557,11689526
8,558,11923084
8,559,11972192
8,560,30023
8,561,11551774
8,562,11632949
8,563,11458994
8,564,11603541
8,565,11494258
8,566,11573566
8,567,11505456
8,568,11583553
8,569,11426330
8,570,11486962
8,571,11540672
8,572,11534004
8,573,11441766
8,574,11400159
8,575,11500741
8,576,11469163
8,577,11468213
8,578,11592739
8,579,11559721
8,580,11466008
8,581,11659300
8,582,11456832
8,583,11589864
8,584,11469593
8,585,11536189
8,586,11582855
8,587,11623345
8,588,11587294
8,589,11574494
8,590,11471035
8,591,11670839
8,592,11420955
8,593,11407720
8,594,11344475
8,595,11470214
8,596,11403595
8,597,11319298
8,598,11309630
8,599,11288926
8,600,11372235
8,601,11446781
8,602,11385251
8,603,11301612
8,604,11277056
8,605,11424636
8,606,11401792
8,607,11346548
8,608,11430690
8,609,11400632
8,610,11339083
8,611,11304184
8,612,11424860
8,613,11325296
8,614,11417655
8,615,11513397
8,616,11401257
8,617,11423045
8,618,11449124
8,619,11248191
8,620,11244451
8,621,11472920
8,622,13049322
8,623,11461868
8,624,11470878
8,625,11336314
8,626,11502651
8,627,11630839
8,628,11708378
8,629,20862
8,630,11498171
8,631,11454387
8,632,11453898
8,633,11344866
8,634,11437353
8,635,11480123
8,636,11525617
8,637,11662850
8,638,11656992
8,639,11541785
8,640,11456251
8,641,11441378
8,642,11561930
8,643,12476018
8,644,11826879
8,645,11680203
8,646,11467613
8,647,11373610
8,648,11380611
8,649,11450023
8,650,11376160
8,651,11481662
8,652,11434128
8,653,11566560
8,654,11535561
8,655,11458659
8,656,11464441
8,657,11451197
8,658,11509198
8,659,11410236
8,660,11619088
8,661,11486619
8,662,12934507
8,663,11659459
8,664,12702111
8,665,11359576
8,666,11337100
8,667,11406120
8,668,11295998
8,669,11277754
8,670,11267725
8,671,11350107
8,672,11367267
8,673,11409247
8,674,11457207
8,675,11600588
8,676,11453917
8,677,11661494
8,678,11567193
8,679,11707830
8,680,12133512
8,681,11799680
8,682,11733931
8,683,11865647
8,684,11770391
8,685,11807282
8,686,11838022
8,687,11882121
8,688,11895287
8,689,12040242
9,0,12166041
9,1,11961572
9,2,11847406
9,3,11908215
9,4,11777793
9,5,11705275
9,6,11988871
9,7,11994687
9,8,28847
9,9,11839699
9,10,11707467
9,11,11743739
9,12,11569394
9,13,11545876
9,14,11776434
9,15,11749861
9,16,11808473
9,17,11773475
9,18,11681730
9,19,11686809
9,20,11490187
9,21,11689191
9,22,12029342
9,23,12153228
9,24,11796864
9,25,11805234
9,26,11721651
9,27,11616289
9,28,11765823
9,29,12211758
9,30,12139823
9,31,11985044
9,32,12115516
9,33,12128790
9,34,11725782
9,35,11675725
9,36,11661946
9,37,11929563
9,38,11961026
9,39,12190490
9,40,12208248
9,41,11972102
9,42,11787801
9,43,12003863
9,44,12009210
9,45,11746943
9,46,11905627
9,47,11663403
9,48,11523355
9,49,11738802
9,50,11643662
9,51,11866463
9,52,11882162
9,53,11843521
9,54,11720251
9,55,11857084
9,56,12012442
9,57,12027462
9,58,11999468
9,59,11742209
9,60,11850506
9,61,11901249
9,62,11925435
9,63,11777336
9,64,11935271
9,65,11598312
9,66,11618882
9,67,11728516
9,68,12117269
9,69,12167111
9,70,11675500
9,71,11514941
9,72,11591697
9,73,11464532
9,74,11492968
9,75,11775764
9,76,11766126
9,77,26727
9,78,11720198
9,79,11856990
9,80,12065457
9,81,11870122
9,82,11718569
9,83,11736673
9,84,11708120
9,85,11765945
9,86,11964018
9,87,11707881
9,88,11837185
9,89,12228252
9,90,12184070
9,91,11912413
9,92,11695505
9,93,11754596
9,94,11896717
9,95,11771743
9,96,11761990
9,97,12025512
9,98,11863083
9,99,12013460
9,100,11603310
9,101,11575640
9,102,11705501
9,103,11660259
9,104,11644222
9,105,11648668
9,106,11589814
9,107,11785167
9,108,11759704
9,109,11500037
9,110,11755999
9,111,11588927
9,112,11781968
9,113,11846421
9,114,11671529
9,115,11979819
9,116,11852132
9,117,12128316
9,118,11769481
9,119,11702331
9,120,11647651
9,121,11882091
9,122,11734567
9,123,11916629
9,124,11779836
9,125,11796438
9,126,12082259
9,127,11889784
9,128,11969287
9,129,11704998
9,130,11733742
9,131,11835408
9,132,11770745
9,133,11944787
9,134,11699698
9,135,11855267
9,136,12010917
9,137,11637875
9,138,11656256
9,139,11786529
9,140,11603299
9,141,11600339
9,142,11651004
9,143,11680421
9,144,11840853
9,145,11625872
9,146,23219
9,147,11402187
9,148,11305736
9,149,11322747
9,150,11282877
9,151,11420107
9,152,11467195
9,153,11320099
9,154,11402113
9,155,11355644
9,156,11451304
9,157,11382185
9,158,11769574
9,159,11731527
9,160,11563333
9,161,11629842
9,162,11557255
9,163,11471858
9,164,11357605
9,165,11458748
9,166,11394572
9,167,11363055
9,168,11395647
9,169,11394828
9,170,11249925
9,171,11357722
9,172,11574600
9,173,11661718
9,174,11590361
9,175,11534636
9,176,11541174
9,177,12085731
9,178,12194787
9,179,11805020
9,180,11927635
9,181,11816637
9,182,11709370
9,183,11642448
9,184,11683873
9,185,11600683
9,186,11724717
9,187,11937669
9,188,11750118
9,189,11717394
9,190,11675683
9,191,11836267
9,192,11716036
9,193,11622956
9,194,11678183
9,195,11711413
9,196,11683552
9,197,11894882
9,198,11622714
9,199,11753804
9,200,11886638
9,201,11588725
9,202,11766273
9,203,11675502
9,204,11719421
9,205,11949050
9,206,11818930
9,207,12225390
9,208,12016018
9,209,11952107
9,210,11883238
9,211,11647359
9,212,11930369
9,213,12073331
9,214,12229807
9,215,34864
9,216,12177337
9,217,12048458
9,218,11764735
9,219,12365413
9,220,12271413
9,221,12343033
9,222,12365038
9,223,12132731
9,224,12061505
9,225,11967591
9,226,12364664
9,227,12057188
9,228,11906253
9,229,12097342
9,230,11960459
9,231,11942448
9,232,11741654
9,233,11638292
9,234,11797506
9,235,11835684
9,236,11807903
9,237,11938314
9,238,11658725
9,239,11523812
9,240,11584332
9,241,11391786
9,242,11483677
9,243,11525577
9,244,11511230
9,245,11630458
9,246,11734960
9,247,11525654
9,248,11488740
9,249,11447598
9,250,11290267
9,251,11217696
9,252,11344579
9,253,11345539
9,254,11258876
9,255,11326182
9,256,11433929
9,257,11327041
9,258,11443927
9,259,11447072
9,260,11335720
9,261,11485073
9,262,11396955
9,263,11347605
9,264,11401420
9,265,11468786
9,266,11487133
9,267,11647929
9,268,11819216
9,269,11785930
9,270,11683452
9,271,11720637
9,272,11466542
9,273,11677081
9,274,11647217
9,275,11630009
9,276,11590737
9,277,11959043
9,278,11954302
9,279,11864354
9,280,11729444
9,281,11707549
9,282,11884978
9,283,12060152
9,284,31307
9,285,11671828
9,286,11821999
9,287,11614046
9,288,11646890
9,289,11522128
9,290,11458576
9,291,11387288
9,292,11518637
9,293,11456313
9,294,11322210
9,295,11373548
9,296,11484135
9,297,11291099
9,298,11382083
9,299,11357478
9,300,11624280
9,301,11414419
9,302,11519642
9,303,11517213
9,304,12734001
9,305,11601328
9,306,11790100
9,307,11677773
9,308,11830412
9,309,11836931
9,310,11496815
9,311,11602028
9,312,11530733
9,313,11558728
9,314,11494235
9,315,11860664
9,316,11590139
9,317,11557111
9,318,12889696
9,319,12006300
9,320,11794090
9,321,11885840
9,322,11782971
9,323,11683578
9,324,11795100
9,325,11488865
9,326,11445151
9,327,11282864
9,328,11199869
9,329,11361417
9,330,11272502
9,331,11216105
9,332,11154692
9,333,11289004
9,334,11307350
9,335,11161859
9,336,11165736
9,337,11234283
9,338,11370472
9,339,11258112
9,340,11301632
9,341,11148207
9,342,11210827
9,343,11239091
9,344,11214723
9,345,11212111
9,346,11214861
9,347,11223944
9,348,11197051
9,349,11266276
9,350,11241944
9,351,11342302
9,352,11357709
9,353,19157
9,354,11252362
9,355,11353923
9,356,11402233
9,357,11383126
9,358,11198158
9,359,11160792
9,360,11267293
9,361,11225169
9,362,11228238
9,363,11456399
9,364,11601012
9,365,11523857
9,366,11652998
9,367,11396906
9,368,11285679
9,369,11220191
9,370,11425466
9,371,11238583
9,372,11196706
9,373,11321565
9,374,11360928
9,375,11385472
9,376,11453334
9,377,11599131
9,378,11466359
9,379,11362154
9,380,11270135
9,381,11281662
9,382,11266469
9,383,11244495
9,384,11300233
9,385,11353959
9,386,11295882
9,387,11345592
9,388,11836943
9,389,11816429
9,390,11580614
9,391,11792888
9,392,11667891
9,393,11812448
9,394,11614317
9,395,11446410
9,396,11425152
9,397,11332025
9,398,11295480
9,399,11437981
9,400,11479475
9,401,11408722
9,402,11536540
9,403,11347645
9,404,11398438
9,405,11344137
9,406,11304493
9,407,11319008
9,408,11303025
9,409,11317588
9,410,11563342
9,411,11449573
9,412,11326293
9,413,11276050
9,414,11294082
9,415,11430228
9,416,11367213
9,417,11365391
9,418,11308868
9,419,11464320
9,420,11973076
9,421,12046399
9,422,34135
9,423,12040332
9,424,11868514
9,425,11626596
9,426,11633415
9,427,11463870
9,428,11529591
9,429,11605516
9,430,11447240
9,431,11457819
9,432,11318926
9,433,11380953
9,434,11828958
9,435,11721286
9,436,11644903
9,437,11611734
9,438,11479102
9,439,11297011
9,440,11271853
9,441,11329637
9,442,11259285
9,443,11281815
9,444,11228047
9,445,11273556
9,446,11187218
9,447,11190553
9,448,11283515
9,449,11232306
9,450,11356958
9,451,11244873
9,452,11203212
9,453,11484063
9,454,11276525
9,455,11237260
9,456,11412526
9,457,11238948
9,458,11299418
9,459,11232782
9,460,11262509
9,461,11229509
9,462,11364203
9,463,11412123
9,464,11722606
9,465,11816870
9,466,11489472
9,467,11529258
9,468,11712098
9,469,11664877
9,470,11559933
9,471,11535165
9,472,11493895
9,473,11521942
9,474,11617328
9,475,11572653
9,476,11876945
9,477,11544689
9,478,11490487
9,479,11566307
9,480,11437672
9,481,11600590
9,482,11469001
9,483,11690738
9,484,11817700
9,485,11941681
9,486,11836288
9,487,11959441
9,488,11644450
9,489,11866080
9,490,11955243
9,491,42223
9,492,11909529
9,493,11752457
9,494,11534742
9,495,11502482
9,496,11542818
9,497,11793837
9,498,11874213
9,499,11655908
9,500,11519804
9,501,11503489
9,502,11955586
9,503,11756396
9,504,11573586
9,505,11614119
9,506,11497845
9,507,11478704
9,508,11348748
9,509,11497653
9,510,11589105
9,511,11694091
9,512,11763024
9,513,11528016
9,514,11519889
9,515,11498073
9,516,11497368
9,517,11532931
9,518,11617355
9,519,11492710
9,520,11643705
9,521,11648645
9,522,11587596
9,523,11731808
9,524,11897878
9,525,11486319
9,526,11554555
9,527,11383333
9,528,11367850
9,529,11402618
9,530,11637530
9,531,11434160
9,532,11285273
9,533,11469453
9,534,11530293
9,535,11617901
9,536,11457525
9,537,11356353
9,538,11396413
9,539,11461148
9,540,11325071
9,541,11345299
9,542,11327979
9,543,11285452
9,544,11763966
9,545,11707540
9,546,11540814
9,547,11614957
9,548,11509516
9,549,11350719
9,550,11336144
9,551,11358918
9,552,11791660
9,553,11727091
9,554,11767477
9,555,11607714
9,556,11520940
9,557,11633959
9,558,12287036
9,559,11709468
9,560,43130
9,561,11671338
9,562,11924291
9,563,11806449
9,564,12010483
9,565,12106806
9,566,12174661
9,567,12219042
9,568,11991071
9,569,11710194
9,570,11875697
9,571,12174047
9,572,11921136
9,573,11785607
9,574,11625467
9,575,11575852
9,576,12269557
9,577,11604612
9,578,11740076
9,579,11455809
9,580,11618690
9,581,11545404
9,582,11596662
9,583,11488272
9,584,11369678
9,585,11314304
9,586,11373648
9,587,11344905
9,588,11502887
9,589,11535669
9,590,11505739
9,591,11681822
9,592,11358383
9,593,11383379
9,594,11323644
9,595,11461100
9,596,11417846
9,597,11430238
9,598,11444498
9,599,11333896
9,600,11297957
9,601,11320063
9,602,11334451
9,603,11367602
9,604,11405119
9,605,11259176
9,606,11437332
9,607,11336055
9,608,11469334
9,609,11679543
9,610,11727062
9,611,11438098
9,612,11649812
9,613,11673367
9,614,11937660
9,615,11953215
9,616,11860536
9,617,11679745
9,618,11794978
9,619,12045501
9,620,12792848
9,621,12115244
9,622,11762691
9,623,11692282
9,624,11981653
9,625,11630129
9,626,11805001
9,627,11957410
9,628,11851740
9,629,32145
9,630,11883513
9,631,11887702
9,632,11943254
9,633,11928462
9,634,12069360
9,635,12442994
9,636,12020938
9,637,11794569
9,638,11918708
9,639,11835493
9,640,12036071
9,641,11896900
9,642,11933650
9,643,12275553
9,644,12098101
9,645,11929522
9,646,11732475
9,647,11962578
9,648,11793962
9,649,11599656
9,650,11596178
9,651,11750273
9,652,11583700
9,653,11636037
9,654,11459563
9,655,11519669
9,656,11833619
9,657,11902265
9,658,11788446
9,659,11648967
9,660,12011718
9,661,11805069
9,662,11859641
9,663,11709799
9,664,11627831
9,665,11725517
9,666,11631193
9,667,11736654
9,668,11614856
9,669,11631742
9,670,12910364
9,671,11499650
9,672,11416033
9,673,11272694
9,674,11338879
9,675,11366630
9,676,11337961
9,677,11248291
9,678,11288724
9,679,11309972
9,680,11356692
9,681,11260767
9,682,11392102
9,683,11341795
9,684,11373030
9,685,11273255
9,686,11292195
9,687,11269141
9,688,11451740
9,689,11341766
