round,item,latency_ns
0,0,446120677
0,1,446065600
0,2,446048539
0,3,446031135
0,4,446015178
0,5,446001450
0,6,445987651
0,7,445963972
0,8,445942023
0,9,445928535
0,10,445911936
0,11,445893632
0,12,445877617
0,13,445862672
0,14,445848549
0,15,445832972
0,16,445818492
0,17,445796366
0,18,445780551
0,19,445758028
0,20,445736059
0,21,445712358
0,22,445697192
0,23,445673743
0,24,445658752
0,25,445643799
0,26,445622896
0,27,445601527
0,28,445579311
0,29,445557039
0,30,445536278
0,31,445514122
0,32,451212377
0,33,451091386
0,34,451059261
0,35,451038464
0,36,451020524
0,37,450992454
0,38,450965411
0,39,450925818
0,40,450902606
0,41,450857760
0,42,450834520
0,43,450818809
0,44,450804756
0,45,450788741
0,46,450772788
0,47,450756919
0,48,450741888
0,49,450718900
0,50,450702690
0,51,450687847
0,52,450661089
0,53,450644200
0,54,450628829
0,55,450607665
0,56,450580594
0,57,450565823
0,58,450550660
0,59,450534989
0,60,450520676
0,61,450505641
0,62,450490236
0,63,450467539
0,64,439102693
0,65,438972884
0,66,438941151
0,67,438920013
0,68,438900076
0,69,438877787
0,70,438858294
0,71,438839141
0,72,438818853
0,73,438799185
0,74,438770926
0,75,438755163
0,76,438732037
0,77,438696246
0,78,438682057
0,79,438665036
0,80,438648157
0,81,438633068
0,82,438617986
0,83,438602587
0,84,438557562
0,85,438539612
0,86,438505344
0,87,438487203
0,88,438464220
0,89,438442241
0,90,438426867
0,91,438412111
0,92,438387944
0,93,438372744
0,94,438357152
0,95,438330093
0,96,459485054
0,97,459310812
0,98,459276943
0,99,459235635
0,100,459207269
0,101,459179388
0,102,459142319
0,103,459120210
0,104,459105342
0,105,459090804
0,106,459070658
0,107,459047776
0,108,459032989
0,109,459012328
0,110,458953787
0,111,458929500
0,112,458915249
0,113,458901338
0,114,458886433
0,115,458870339
0,116,458855730
0,117,458840814
0,118,458819806
0,119,458804478
0,120,458790823
0,121,458776270
0,122,458761463
0,123,458746849
0,124,458726275
0,125,458710207
0,126,458696364
0,127,458683042
0,128,431052343
0,129,430936860
0,130,430910148
0,131,430891376
0,132,430863024
0,133,430832899
0,134,430812662
0,135,430793696
0,136,430775089
0,137,430746765
0,138,430722723
0,139,430707181
0,140,430692897
0,141,430676640
0,142,430662325
0,143,430647073
0,144,430632014
0,145,430609218
0,146,430582089
0,147,430567532
0,148,430551125
0,149,430534621
0,150,430519425
0,151,430504924
0,152,430490193
0,153,430476111
0,154,430461294
0,155,430440424
0,156,430424908
0,157,430403500
0,158,430370292
0,159,430354225
0,160,448943072
0,161,448841923
0,162,448819538
0,163,448800788
0,164,448772816
0,165,448745800
0,166,448708186
0,167,448681054
0,168,448653432
0,169,448627941
0,170,448591500
0,171,448569711
0,172,448549029
0,173,448533579
0,174,448485045
0,175,448455910
0,176,448432459
0,177,448416760
0,178,448394520
0,179,448373121
0,180,448342580
0,181,448326579
0,182,448312231
0,183,448296821
0,184,448266218
0,185,448249724
0,186,448235924
0,187,448214350
0,188,448199925
0,189,448185993
0,190,448171617
0,191,448156970
0,192,431656655
0,193,431528075
0,194,431505315
0,195,431475607
0,196,431456959
0,197,431438708
0,198,431412803
0,199,431393916
0,200,431374562
0,201,431347802
0,202,431309067
0,203,431292638
0,204,431278507
0,205,431264305
0,206,431250849
0,207,431229266
0,208,431213320
0,209,431199754
0,210,431184811
0,211,431169638
0,212,431155688
0,213,431141401
0,214,431120174
0,215,431097703
0,216,431084456
0,217,431068214
0,218,431038815
0,219,431023881
0,220,431008467
0,221,430993946
0,222,430978063
0,223,430963692
0,224,451630815
0,225,451536431
0,226,451507784
0,227,451480423
0,228,451461905
0,229,451444473
0,230,451419516
0,231,451402475
0,232,451385489
0,233,451360899
0,234,451337134
0,235,451311242
0,236,451273134
0,237,451252202
0,238,451232294
0,239,451205272
0,240,451185344
0,241,451165770
0,242,451151652
0,243,451137930
0,244,451118424
0,245,451089890
0,246,451074632
0,247,451054343
0,248,451032627
0,249,451012914
0,250,450998059
0,251,450984975
0,252,450971417
0,253,450956691
0,254,450942283
0,255,450928684
0,256,442770250
0,257,442675287
0,258,442655060
0,259,442636427
0,260,442617533
0,261,442599688
0,262,442573934
0,263,442556349
0,264,442523521
0,265,442505460
0,266,442487935
0,267,442469076
0,268,442440130
0,269,442424686
0,270,442397416
0,271,442375693
0,272,442360436
0,273,442345316
0,274,442330789
0,275,442317118
0,276,442301358
0,277,442287959
0,278,442274588
0,279,442259712
0,280,442245651
0,281,442225003
0,282,442210113
0,283,442188607
0,284,442167680
0,285,442154615
0,286,442138639
0,287,442122545
0,288,493272430
0,289,493154853
0,290,493130465
0,291,493110441
0,292,493091968
0,293,493063143
0,294,493043436
0,295,493017553
0,296,492988959
0,297,492969344
0,298,492939966
0,299,492917116
0,300,492902552
0,301,492887654
0,302,492866254
0,303,492825359
0,304,492801850
0,305,492779584
0,306,492758479
0,307,492737086
0,308,492717055
0,309,492697026
0,310,492675841
0,311,492659412
0,312,492645084
0,313,492624124
0,314,492602856
0,315,492587768
0,316,492567480
0,317,492546645
0,318,492526563
0,319,492511622
0,320,507081531
0,321,506979154
0,322,506938248
0,323,506919259
0,324,506901879
0,325,506873224
0,326,506853636
0,327,506835569
0,328,506817047
0,329,506798732
0,330,506780049
0,331,506736396
0,332,506720296
0,333,506686631
0,334,506672205
0,335,506657579
0,336,506642456
0,337,506627735
0,338,506612867
0,339,506589654
0,340,506568182
0,341,506553122
0,342,506538000
0,343,506538162
0,344,506524678
0,345,506509912
0,346,506494924
0,347,506480783
0,348,506465816
0,349,506451077
0,350,506436637
0,351,506422392
0,352,481745705
0,353,481637226
0,354,481618794
0,355,481597575
0,356,481576595
0,357,481556852
0,358,481538433
0,359,481520871
0,360,481502535
0,361,481484187
0,362,481458493
0,363,481439719
0,364,481401435
0,365,481378515
0,366,481356067
0,367,481341258
0,368,481320046
0,369,481306369
0,370,481292249
0,371,481271875
0,372,481250954
0,373,481230425
0,374,481209254
0,375,481188800
0,376,481160346
0,377,481139715
0,378,481117729
0,379,481096793
0,380,481082283
0,381,481067933
0,382,481047049
0,383,481026046
0,384,496307781
0,385,496207292
0,386,496176269
0,387,496149213
0,388,496112991
0,389,496093684
0,390,496074963
0,391,496055006
0,392,496037140
0,393,496018524
0,394,495985549
0,395,495954197
0,396,495939148
0,397,495923289
0,398,495908576
0,399,495894299
0,400,495874122
0,401,495860074
0,402,495846419
0,403,495833113
0,404,495819507
0,405,495773937
0,406,495758827
0,407,495743770
0,408,495721961
0,409,495701234
0,410,495686635
0,411,495672026
0,412,495657385
0,413,495643153
0,414,495628167
0,415,495614133
0,416,459823578
0,417,459726444
0,418,459718410
0,419,459699403
0,420,459680273
0,421,459652751
0,422,459626930
0,423,459610447
0,424,459590978
0,425,459569691
0,426,459550816
0,427,459521463
0,428,459505849
0,429,459490208
0,430,459468553
0,431,459445715
0,432,459429300
0,433,459407995
0,434,459379625
0,435,459364312
0,436,459350225
0,437,459330308
0,438,459317247
0,439,459303270
0,440,459282983
0,441,459262335
0,442,459241796
0,443,459221328
0,444,459201204
0,445,459181466
0,446,459160645
0,447,459140601
0,448,463586470
0,449,463476240
0,450,463453246
0,451,463423632
0,452,463396394
0,453,463377657
0,454,463352209
0,455,463326012
0,456,463294934
0,457,463275681
0,458,463256776
0,459,463238430
0,460,463220191
0,461,463201999
0,462,463185080
0,463,463158957
0,464,463140105
0,465,463123035
0,466,463104488
0,467,463087109
0,468,463069896
0,469,463045405
0,470,463016518
0,471,462998442
0,472,462980547
0,473,462962103
0,474,462944178
0,475,462926062
0,476,462907405
0,477,462879902
0,478,462855147
0,479,462836196
0,480,455575600
0,481,455479080
0,482,455456887
0,483,455435726
0,484,455416182
0,485,455356595
0,486,455336014
0,487,455317521
0,488,455299068
0,489,455280260
0,490,455239439
0,491,455196681
0,492,455181198
0,493,455164757
0,494,455147578
0,495,455131693
0,496,455116630
0,497,455102131
0,498,455087712
0,499,455072978
0,500,455051520
0,501,455036798
0,502,455017218
0,503,454996495
0,504,454979491
0,505,454965869
0,506,454943517
0,507,454929326
0,508,454915465
0,509,454895435
0,510,454874280
0,511,454852873
0,512,456960470
0,513,456867059
0,514,456839824
0,515,456815171
0,516,456786373
0,517,456759592
0,518,456741067
0,519,456723263
0,520,456697422
0,521,456666407
0,522,456638373
0,523,456612282
0,524,456584993
0,525,456561141
0,526,456542972
0,527,456525657
0,528,456507566
0,529,456489032
0,530,456467436
0,531,456450169
0,532,456423873
0,533,456404796
0,534,456386571
0,535,456368051
0,536,456349914
0,537,456332392
0,538,456307250
0,539,456276603
0,540,456258753
0,541,456190567
0,542,456171062
0,543,456153674
0,544,451810761
0,545,451654045
0,546,451614392
0,547,451586376
0,548,451567185
0,549,451548333
0,550,451530750
0,551,451513256
0,552,451472864
0,553,451457374
0,554,451434699
0,555,451419410
0,556,451404873
0,557,451390597
0,558,451376147
0,559,451355545
0,560,451336059
0,561,451323133
0,562,451307643
0,563,451291759
0,564,451276185
0,565,451262158
0,566,451247794
0,567,451233808
0,568,451219364
0,569,451198862
0,570,451184438
0,571,451165114
0,572,451134551
0,573,451119188
0,574,451104613
0,575,451085156
0,576,456664665
0,577,456584015
0,578,456555188
0,579,456530579
0,580,456506500
0,581,456482450
0,582,456459388
0,583,456435361
0,584,456413146
0,585,456381989
0,586,456357388
0,587,456338580
0,588,456315978
0,589,456290586
0,590,456265905
0,591,456247526
0,592,456214362
0,593,456189151
0,594,456165712
0,595,456136025
0,596,456122770
0,597,456108953
0,598,456095114
0,599,456081009
0,600,456067087
0,601,456046947
0,602,456032274
0,603,456018456
0,604,456003678
0,605,455989365
0,606,455975764
0,607,455957578
0,608,446221632
0,609,446140591
0,610,446122583
0,611,446091231
0,612,446072857
0,613,446054535
0,614,446036456
0,615,446010306
0,616,445980057
0,617,445961211
0,618,445930515
0,619,445914451
0,620,445900303
0,621,445884762
0,622,445870941
0,623,445857294
0,624,445842390
0,625,445828644
0,626,445814504
0,627,445800098
0,628,445780370
0,629,445759909
0,630,445745229
0,631,445729516
0,632,445713326
0,633,445698789
0,634,445682446
0,635,445667569
0,636,445653030
0,637,445638744
0,638,445619002
0,639,445604438
0,640,458895391
0,641,458809492
0,642,458789414
0,643,458772491
0,644,458748872
0,645,458732089
0,646,458715150
0,647,458691417
0,648,458627348
0,649,458595832
0,650,458570674
0,651,458534308
0,652,458514556
0,653,458494410
0,654,458475297
0,655,458454903
0,656,458440340
0,657,458418173
0,658,458397017
0,659,458376779
0,660,458362492
0,661,458343479
0,662,458321710
0,663,458301968
0,664,458287289
0,665,458273838
0,666,458259612
0,667,458244194
0,668,458230118
0,669,458215786
0,670,458195431
0,671,458180915
0,672,243110366
0,673,243000937
0,674,242975558
0,675,242957857
0,676,242932517
0,677,242914269
0,678,242889950
0,679,242872130
0,680,242853926
0,681,242837133
0,682,242819894
0,683,242790927
0,684,242769598
0,685,242749164
0,686,242734485
0,687,242720102
0,688,242706193
0,689,242692978
1,0,436495180
1,1,436447255
1,2,436431557
1,3,436415419
1,4,436400095
1,5,436385873
1,6,436371483
1,7,436349747
1,8,436328888
1,9,436305654
1,10,436288324
1,11,436272072
1,12,436257430
1,13,436243163
1,14,436229327
1,15,436215387
1,16,436201408
1,17,436179473
1,18,436164857
1,19,436138878
1,20,436117458
1,21,436103037
1,22,436089779
1,23,436070982
1,24,436057883
1,25,436044572
1,26,436025317
1,27,436005888
1,28,435985042
1,29,435965460
1,30,435933426
1,31,435913424
1,32,453664017
1,33,453559904
1,34,453532130
1,35,453512333
1,36,453494006
1,37,453468725
1,38,453443280
1,39,453424678
1,40,453400352
1,41,453374508
1,42,453350752
1,43,453332484
1,44,453303299
1,45,453281592
1,46,453266906
1,47,453251761
1,48,453236792
1,49,453215686
1,50,453201242
1,51,453188373
1,52,453174313
1,53,453159844
1,54,453146745
1,55,453127465
1,56,453110972
1,57,453097667
1,58,453084596
1,59,453070524
1,60,453057611
1,61,453036040
1,62,453021103
1,63,452999799
1,64,435619617
1,65,435540178
1,66,435520052
1,67,435502436
1,68,435484484
1,69,435460346
1,70,435442396
1,71,435424640
1,72,435406563
1,73,435388807
1,74,435371440
1,75,435353361
1,76,435327535
1,77,435288376
1,78,435257535
1,79,435240600
1,80,435217423
1,81,435201902
1,82,435187461
1,83,435171881
1,84,435157606
1,85,435142300
1,86,435121170
1,87,435105677
1,88,435086243
1,89,435066350
1,90,435051899
1,91,435038851
1,92,435019981
1,93,435006475
1,94,434992609
1,95,434972850
1,96,452658443
1,97,452562311
1,98,452535057
1,99,452525810
1,100,452500936
1,101,452477104
1,102,452453316
1,103,452429565
1,104,452411440
1,105,452383265
1,106,452358082
1,107,452332891
1,108,452314788
1,109,452284527
1,110,452260261
1,111,452237275
1,112,452219027
1,113,452202388
1,114,452184909
1,115,452167508
1,116,452149347
1,117,452132931
1,118,452108075
1,119,452089625
1,120,452072502
1,121,452054806
1,122,452023047
1,123,452004657
1,124,451981043
1,125,451962802
1,126,451946509
1,127,451929811
1,128,439384672
1,129,439297799
1,130,439278295
1,131,439259117
1,132,439232372
1,133,439207530
1,134,439189809
1,135,439164112
1,136,439145620
1,137,439128957
1,138,439109165
1,139,439091519
1,140,439074760
1,141,439056967
1,142,439016719
1,143,438999937
1,144,438986154
1,145,438964928
1,146,438944205
1,147,438930412
1,148,438913270
1,149,438897885
1,150,438882683
1,151,438867350
1,152,438846280
1,153,438831100
1,154,438816176
1,155,438794483
1,156,438779380
1,157,438760232
1,158,438740800
1,159,438726312
1,160,468171092
1,161,468074594
1,162,468054331
1,163,468024324
1,164,467998275
1,165,467973636
1,166,467949252
1,167,467924443
1,168,467901771
1,169,467877868
1,170,467855353
1,171,467831291
1,172,467789249
1,173,467773197
1,174,467758044
1,175,467737317
1,176,467717590
1,177,467703031
1,178,467684896
1,179,467654003
1,180,467634014
1,181,467618575
1,182,467605202
1,183,467590935
1,184,467576482
1,185,467561859
1,186,467545044
1,187,467524241
1,188,467509100
1,189,467495667
1,190,467480054
1,191,467466265
1,192,449081515
1,193,448990514
1,194,448972468
1,195,448955160
1,196,448938896
1,197,448922446
1,198,448906783
1,199,448890128
1,200,448873460
1,201,448848629
1,202,448825708
1,203,448787010
1,204,448767958
1,205,448737955
1,206,448712356
1,207,448697364
1,208,448684432
1,209,448671224
1,210,448657358
1,211,448644049
1,212,448630597
1,213,448616301
1,214,448597447
1,215,448579108
1,216,448566294
1,217,448551680
1,218,448536649
1,219,448522855
1,220,448508820
1,221,448496051
1,222,448482378
1,223,448468745
1,224,464591849
1,225,464469227
1,226,464402843
1,227,464363344
1,228,464329358
1,229,464308121
1,230,464279010
1,231,464259156
1,232,464242969
1,233,464220908
1,234,464200147
1,235,464179498
1,236,464150179
1,237,464129073
1,238,464108618
1,239,464088775
1,240,464068947
1,241,464048516
1,242,464034180
1,243,464020120
1,244,464000510
1,245,463979234
1,246,463964879
1,247,463945665
1,248,463924261
1,249,463904777
1,250,463890863
1,251,463877569
1,252,463856272
1,253,463839968
1,254,463824144
1,255,463809296
1,256,445155411
1,257,445069720
1,258,445047282
1,259,445017368
1,260,444997466
1,261,444979303
1,262,444954367
1,263,444936568
1,264,444918862
1,265,444902482
1,266,444878193
1,267,444860539
1,268,444835569
1,269,444817968
1,270,444780023
1,271,444760159
1,272,444743359
1,273,444728758
1,274,444714081
1,275,444700337
1,276,444681877
1,277,444649234
1,278,444633885
1,279,444618302
1,280,444603648
1,281,444589105
1,282,444574159
1,283,444553710
1,284,444533603
1,285,444520202
1,286,444504019
1,287,444487819
1,288,463584036
1,289,463503095
1,290,463482361
1,291,463464342
1,292,463445755
1,293,463419695
1,294,463400756
1,295,463377700
1,296,463354485
1,297,463336448
1,298,463319375
1,299,463281596
1,300,463264577
1,301,463240228
1,302,463215290
1,303,463190592
1,304,463166230
1,305,463142018
1,306,463116791
1,307,463087085
1,308,463058059
1,309,463027991
1,310,462997516
1,311,462973764
1,312,462954540
1,313,462924029
1,314,462893095
1,315,462875063
1,316,462851620
1,317,462824905
1,318,462802053
1,319,462785170
1,320,463081858
1,321,462993983
1,322,462970918
1,323,462945167
1,324,462927308
1,325,462900857
1,326,462881392
1,327,462863756
1,328,462838664
1,329,462819508
1,330,462790290
1,331,462765564
1,332,462735798
1,333,462721458
1,334,462708581
1,335,462695123
1,336,462682159
1,337,462669624
1,338,462656270
1,339,462638919
1,340,462622295
1,341,462607984
1,342,462593170
1,343,462579336
1,344,462566474
1,345,462551615
1,346,462537571
1,347,462524736
1,348,462510144
1,349,462495691
1,350,462482197
1,351,462467782
1,352,445297076
1,353,445208291
1,354,445189514
1,355,445169755
1,356,445149634
1,357,445121402
1,358,445101872
1,359,445083732
1,360,445066047
1,361,445047644
1,362,445021495
1,363,445002411
1,364,444970669
1,365,444933727
1,366,444919005
1,367,444905050
1,368,444886321
1,369,444873192
1,370,444859820
1,371,444840609
1,372,444821089
1,373,444801700
1,374,444781894
1,375,444750905
1,376,444731366
1,377,444711209
1,378,444692315
1,379,444672835
1,380,444659356
1,381,444645842
1,382,444627358
1,383,444607494
1,384,458545526
1,385,458449182
1,386,458421456
1,387,458396585
1,388,458376733
1,389,458341397
1,390,458315472
1,391,458295706
1,392,458276833
1,393,458259237
1,394,458234040
1,395,458201861
1,396,458185336
1,397,458169675
1,398,458155006
1,399,458141823
1,400,458120621
1,401,458106058
1,402,458093308
1,403,458079890
1,404,458066719
1,405,458053629
1,406,458040679
1,407,458027338
1,408,458002952
1,409,457982930
1,410,457968145
1,411,457953185
1,412,457939263
1,413,457926051
1,414,457910498
1,415,457897266
1,416,442742034
1,417,442658279
1,418,442636978
1,419,442619019
1,420,442600376
1,421,442574391
1,422,442549396
1,423,442533548
1,424,442503631
1,425,442476633
1,426,442458368
1,427,442439537
1,428,442421542
1,429,442403849
1,430,442373641
1,431,442351076
1,432,442334464
1,433,442314249
1,434,442294286
1,435,442279723
1,436,442266007
1,437,442245693
1,438,442232285
1,439,442218343
1,440,442198965
1,441,442179346
1,442,442159279
1,443,442126521
1,444,442106713
1,445,442087858
1,446,442069241
1,447,442050652
1,448,458900424
1,449,458813861
1,450,458793601
1,451,458767376
1,452,458741254
1,453,458723771
1,454,458691797
1,455,458667222
1,456,458643669
1,457,458626085
1,458,458609070
1,459,458591912
1,460,458573512
1,461,458544547
1,462,458530776
1,463,458508093
1,464,458492252
1,465,458470085
1,466,458455512
1,467,458435495
1,468,458420967
1,469,458401283
1,470,458386489
1,471,458373069
1,472,458359844
1,473,458346271
1,474,458332713
1,475,458320020
1,476,458306965
1,477,458286512
1,478,458267121
1,479,458252791
1,480,443870825
1,481,443797242
1,482,443776015
1,483,443756401
1,484,443738928
1,485,443722468
1,486,443704374
1,487,443679631
1,488,443661002
1,489,443642716
1,490,443617897
1,491,443580197
1,492,443565676
1,493,443550026
1,494,443534640
1,495,443519861
1,496,443504937
1,497,443490769
1,498,443476337
1,499,443462084
1,500,443441381
1,501,443426053
1,502,443397174
1,503,443376403
1,504,443361981
1,505,443348589
1,506,443329291
1,507,443316555
1,508,443303071
1,509,443283873
1,510,443264043
1,511,443244871
1,512,457060922
1,513,456966236
1,514,456940531
1,515,456915810
1,516,456891731
1,517,456858984
1,518,456840514
1,519,456822837
1,520,456798346
1,521,456774251
1,522,456745221
1,523,456724395
1,524,456705391
1,525,456686107
1,526,456671895
1,527,456658456
1,528,456644081
1,529,456629562
1,530,456614876
1,531,456601000
1,532,456581093
1,533,456565815
1,534,456551724
1,535,456537893
1,536,456523780
1,537,456499946
1,538,456480789
1,539,456466063
1,540,456452755
1,541,456439136
1,542,456425438
1,543,456412595
1,544,438811059
1,545,438730016
1,546,438702475
1,547,438677144
1,548,438651437
1,549,438631477
1,550,438613639
1,551,438595881
1,552,438576406
1,553,438560281
1,554,438543580
1,555,438524268
1,556,438506335
1,557,438476835
1,558,438459252
1,559,438437847
1,560,438418101
1,561,438404846
1,562,438389224
1,563,438365404
1,564,438367339
1,565,438353024
1,566,438338972
1,567,438324611
1,568,438311186
1,569,438291177
1,570,438276609
1,571,438256952
1,572,438237955
1,573,438223793
1,574,438210885
1,575,438192574
1,576,468031300
1,577,467947959
1,578,467879625
1,579,467852916
1,580,467827454
1,581,467795131
1,582,467771097
1,583,467747523
1,584,467724675
1,585,467701686
1,586,467669470
1,587,467654576
1,588,467641382
1,589,467621841
1,590,467601622
1,591,467587985
1,592,467568852
1,593,467550012
1,594,467530981
1,595,467517126
1,596,467504197
1,597,467491144
1,598,467476952
1,599,467454470
1,600,467440571
1,601,467419365
1,602,467404728
1,603,467391026
1,604,467377194
1,605,467362816
1,606,467349493
1,607,467331343
1,608,444613866
1,609,444509137
1,610,444489420
1,611,444463981
1,612,444444609
1,613,444427013
1,614,444408057
1,615,444382083
1,616,444358575
1,617,444340517
1,618,444309256
1,619,444292671
1,620,444279168
1,621,444263140
1,622,444248486
1,623,444234069
1,624,444218119
1,625,444202701
1,626,444187231
1,627,444172363
1,628,444151913
1,629,444131795
1,630,444111011
1,631,444094392
1,632,444078762
1,633,444064469
1,634,444050484
1,635,444036857
1,636,444023143
1,637,444009113
1,638,443989645
1,639,443975211
1,640,461032384
1,641,460938897
1,642,460918963
1,643,460901249
1,644,460877107
1,645,460859557
1,646,460835496
1,647,460797244
1,648,460771661
1,649,460746751
1,650,460721995
1,651,460687484
1,652,460669126
1,653,460650055
1,654,460630819
1,655,460612100
1,656,460597672
1,657,460584048
1,658,460564833
1,659,460545415
1,660,460531587
1,661,460512864
1,662,460492890
1,663,460473867
1,664,460460367
1,665,460447403
1,666,460433610
1,667,460419602
1,668,460405585
1,669,460392468
1,670,460372866
1,671,460358165
1,672,252325601
1,673,252236502
1,674,252216143
1,675,252198287
1,676,252158443
1,677,252140014
1,678,252123230
1,679,252106712
1,680,252089056
1,681,252072651
1,682,252056429
1,683,252039490
1,684,252000771
1,685,251979659
1,686,251965233
1,687,251950815
1,688,251936360
1,689,251923274
2,0,452024566
2,1,451983287
2,2,451967782
2,3,451944004
2,4,451928242
2,5,451914263
2,6,451899652
2,7,451877800
2,8,451856807
2,9,451844093
2,10,451829071
2,11,451812637
2,12,451798895
2,13,451785464
2,14,451771625
2,15,451752483
2,16,451737294
2,17,451715690
2,18,451700671
2,19,451679825
2,20,451660777
2,21,451647136
2,22,451634724
2,23,451615315
2,24,451590754
2,25,451576326
2,26,451555931
2,27,451535380
2,28,451516134
2,29,451496771
2,30,451478081
2,31,451459834
2,32,463604665
2,33,463505016
2,34,463478400
2,35,463459403
2,36,463441124
2,37,463417754
2,38,463392862
2,39,463374247
2,40,463349703
2,41,463325824
2,42,463282965
2,43,463268127
2,44,463254544
2,45,463240651
2,46,463212532
2,47,463196241
2,48,463182038
2,49,463162257
2,50,463146953
2,51,463132840
2,52,463119607
2,53,463105803
2,54,463091892
2,55,463072049
2,56,463057802
2,57,463045010
2,58,463032375
2,59,463018723
2,60,463005226
2,61,462992321
2,62,462978845
2,63,462959225
2,64,445087234
2,65,445003035
2,66,444982888
2,67,444964056
2,68,444946766
2,69,444928536
2,70,444911830
2,71,444895130
2,72,444877165
2,73,444859395
2,74,444841935
2,75,444822993
2,76,444798436
2,77,444768664
2,78,444741846
2,79,444709909
2,80,444692929
2,81,444677713
2,82,444663756
2,83,444649862
2,84,444636440
2,85,444622230
2,86,444602442
2,87,444587509
2,88,444568069
2,89,444549135
2,90,444534910
2,91,444521631
2,92,444503438
2,93,444490260
2,94,444475870
2,95,444456939
2,96,452333953
2,97,452238260
2,98,452212079
2,99,452188381
2,100,452164428
2,101,452141698
2,102,452106535
2,103,452080989
2,104,452062800
2,105,452045454
2,106,452014786
2,107,451989815
2,108,451971593
2,109,451934660
2,110,451913451
2,111,451894544
2,112,451880615
2,113,451867153
2,114,451853677
2,115,451839190
2,116,451824591
2,117,451810627
2,118,451790548
2,119,451775958
2,120,451762133
2,121,451734514
2,122,451718848
2,123,451704472
2,124,451684684
2,125,451670883
2,126,451657710
2,127,451643612
2,128,437771162
2,129,437688931
2,130,437670220
2,131,437652320
2,132,437625409
2,133,437601294
2,134,437582462
2,135,437547588
2,136,437527735
2,137,437510333
2,138,437491494
2,139,437473372
2,140,437456735
2,141,437426577
2,142,437409877
2,143,437395601
2,144,437381705
2,145,437360847
2,146,437313874
2,147,437300019
2,148,437283244
2,149,437266522
2,150,437252627
2,151,437238365
2,152,437224607
2,153,437208865
2,154,437194711
2,155,437174954
2,156,437158696
2,157,437138896
2,158,437027476
2,159,437011797
2,160,456879844
2,161,456755314
2,162,456728969
2,163,456711130
2,164,456685112
2,165,456659858
2,166,456636506
2,167,456613210
2,168,456590132
2,169,456567706
2,170,456545103
2,171,456521711
2,172,456448554
2,173,456428536
2,174,456410901
2,175,456386422
2,176,456361276
2,177,456343108
2,178,456320056
2,179,456295675
2,180,456272555
2,181,456254794
2,182,456238631
2,183,456221738
2,184,456204537
2,185,456186975
2,186,456170878
2,187,456147103
2,188,456129184
2,189,456112565
2,190,456094874
2,191,456078054
2,192,441981022
2,193,441841813
2,194,441812117
2,195,441794515
2,196,441784030
2,197,441766269
2,198,441750638
2,199,441733740
2,200,441717320
2,201,441692101
2,202,441669686
2,203,441651363
2,204,441632934
2,205,441615454
2,206,441586916
2,207,441571074
2,208,441557500
2,209,441537793
2,210,441501825
2,211,441486467
2,212,441472027
2,213,441456925
2,214,441436915
2,215,441418034
2,216,441404868
2,217,441389384
2,218,441374478
2,219,441360296
2,220,441346225
2,221,441332555
2,222,441319584
2,223,441305820
2,224,455207958
2,225,455112114
2,226,455085641
2,227,455060176
2,228,455042021
2,229,455024642
2,230,455000177
2,231,454983410
2,232,454966019
2,233,454941425
2,234,454917402
2,235,454892368
2,236,454867610
2,237,454831117
2,238,454810214
2,239,454791084
2,240,454746521
2,241,454726061
2,242,454711696
2,243,454697379
2,244,454678066
2,245,454658907
2,246,454644947
2,247,454625425
2,248,454606190
2,249,454587399
2,250,454573784
2,251,454561134
2,252,454547912
2,253,454533171
2,254,454519384
2,255,454506094
2,256,448550351
2,257,448467035
2,258,448447492
2,259,448429642
2,260,448411021
2,261,448394316
2,262,448354671
2,263,448336781
2,264,448320094
2,265,448303547
2,266,448286141
2,267,448269398
2,268,448253336
2,269,448236308
2,270,448211666
2,271,448168095
2,272,448153163
2,273,448138525
2,274,448124499
2,275,448111376
2,276,448096791
2,277,448084147
2,278,448033951
2,279,448018975
2,280,448004297
2,281,447989836
2,282,447975214
2,283,447955243
2,284,447935133
2,285,447922624
2,286,447907972
2,287,447892657
2,288,477455183
2,289,477288221
2,290,477258805
2,291,477227500
2,292,477208525
2,293,477180592
2,294,477161873
2,295,477136735
2,296,477100410
2,297,477083915
2,298,477069666
2,299,477049889
2,300,477036118
2,301,477023032
2,302,477002781
2,303,476982691
2,304,476923508
2,305,476900337
2,306,476868763
2,307,476847204
2,308,476826661
2,309,476806233
2,310,476785787
2,311,476770300
2,312,476755535
2,313,476734600
2,314,476714235
2,315,476699960
2,316,476679028
2,317,476651956
2,318,476624975
2,319,476604436
2,320,483653704
2,321,483517795
2,322,483484012
2,323,483463827
2,324,483445802
2,325,483418119
2,326,483398337
2,327,483380117
2,328,483361444
2,329,483343207
2,330,483325846
2,331,483289179
2,332,483274056
2,333,483254690
2,334,483240453
2,335,483226508
2,336,483212812
2,337,483199182
2,338,483185496
2,339,483165305
2,340,483145839
2,341,483131459
2,342,483117186
2,343,483103005
2,344,483089314
2,345,483075057
2,346,483060649
2,347,483047020
2,348,483031884
2,349,483017796
2,350,483003817
2,351,482989439
2,352,464591635
2,353,464485330
2,354,464466263
2,355,464446100
2,356,464426051
2,357,464406694
2,358,464388743
2,359,464370210
2,360,464351514
2,361,464333205
2,362,464295481
2,363,464279096
2,364,464258789
2,365,464238471
2,366,464224090
2,367,464209985
2,368,464171880
2,369,464157739
2,370,464143271
2,371,464122539
2,372,464101307
2,373,464081564
2,374,464061434
2,375,464040994
2,376,464021877
2,377,464002769
2,378,463983034
2,379,463963775
2,380,463949115
2,381,463935301
2,382,463916572
2,383,463895822
2,384,479125868
2,385,479032030
2,386,479005368
2,387,478980412
2,388,478962908
2,389,478910153
2,390,478892109
2,391,478872565
2,392,478854552
2,393,478837794
2,394,478812905
2,395,478776984
2,396,478761872
2,397,478739377
2,398,478724953
2,399,478710675
2,400,478690836
2,401,478662596
2,402,478648469
2,403,478634795
2,404,478620241
2,405,478606246
2,406,478592953
2,407,478578499
2,408,478557826
2,409,478537446
2,410,478523581
2,411,478509073
2,412,478494230
2,413,478480896
2,414,478466520
2,415,478453335
2,416,463480670
2,417,463353703
2,418,463325818
2,419,463307476
2,420,463289685
2,421,463253754
2,422,463228246
2,423,463211473
2,424,463191769
2,425,463172581
2,426,463154478
2,427,463137388
2,428,463119166
2,429,463090737
2,430,463075670
2,431,463049257
2,432,463033786
2,433,463012886
2,434,462992323
2,435,462978613
2,436,462964964
2,437,462946105
2,438,462933321
2,439,462920134
2,440,462887627
2,441,462867026
2,442,462846787
2,443,462828010
2,444,462809178
2,445,462790799
2,446,462772245
2,447,462753709
2,448,470718679
2,449,470625592
2,450,470604812
2,451,470579149
2,452,470554013
2,453,470536740
2,454,470513528
2,455,470489233
2,456,470466127
2,457,470449005
2,458,470425418
2,459,470407114
2,460,470389066
2,461,470371021
2,462,470354360
2,463,470317837
2,464,470302648
2,465,470288510
2,466,470273768
2,467,470259143
2,468,470245834
2,469,470196137
2,470,470182084
2,471,470168961
2,472,470136181
2,473,470121297
2,474,470106198
2,475,470089654
2,476,470073792
2,477,470045044
2,478,470025272
2,479,470010882
2,480,456616300
2,481,456483491
2,482,456413488
2,483,456393662
2,484,456375609
2,485,456357866
2,486,456340400
2,487,456310523
2,488,456292816
2,489,456274917
2,490,456249270
2,491,456213404
2,492,456185685
2,493,456169991
2,494,456148165
2,495,456133088
2,496,456118558
2,497,456104987
2,498,456091158
2,499,456077600
2,500,456057466
2,501,456043126
2,502,456023953
2,503,456004549
2,504,455990817
2,505,455978007
2,506,455958922
2,507,455945859
2,508,455932661
2,509,455913473
2,510,455894213
2,511,455874502
2,512,471178346
2,513,470997365
2,514,470968126
2,515,470945048
2,516,470912382
2,517,470887911
2,518,470871022
2,519,470854790
2,520,470830779
2,521,470808093
2,522,470784262
2,523,470761168
2,524,470736965
2,525,470715002
2,526,470698632
2,527,470683471
2,528,470667247
2,529,470650405
2,530,470634184
2,531,470618757
2,532,470595951
2,533,470578812
2,534,470549779
2,535,470531792
2,536,470515178
2,537,470499059
2,538,470476818
2,539,470414056
2,540,470398306
2,541,470382337
2,542,470366217
2,543,470349508
2,544,453003184
2,545,452885539
2,546,452854158
2,547,452830620
2,548,452814192
2,549,452796686
2,550,452780158
2,551,452763876
2,552,452746256
2,553,452730457
2,554,452714642
2,555,452697417
2,556,452681461
2,557,452658949
2,558,452641732
2,559,452617772
2,560,452580046
2,561,452563681
2,562,452545441
2,563,452526846
2,564,452509418
2,565,452492054
2,566,452476226
2,567,452460251
2,568,452442713
2,569,452418260
2,570,452401412
2,571,452378675
2,572,452356398
2,573,452339490
2,574,452332450
2,575,452310931
2,576,463273936
2,577,463207487
2,578,463181349
2,579,463157539
2,580,463134066
2,581,463110525
2,582,463088432
2,583,463065542
2,584,463043592
2,585,463020836
2,586,462998643
2,587,462974200
2,588,462957427
2,589,462921632
2,590,462891122
2,591,462876547
2,592,462858740
2,593,462840531
2,594,462821665
2,595,462808627
2,596,462795993
2,597,462783250
2,598,462770059
2,599,462756683
2,600,462743919
2,601,462723985
2,602,462710155
2,603,462697879
2,604,462684721
2,605,462671692
2,606,462659148
2,607,462641304
2,608,449624495
2,609,449545298
2,610,449492013
2,611,449473896
2,612,449457263
2,613,449441131
2,614,449424129
2,615,449398709
2,616,449375425
2,617,449358901
2,618,449342526
2,619,449319669
2,620,449303272
2,621,449286150
2,622,449258829
2,623,449245389
2,624,449231545
2,625,449218293
2,626,449205289
2,627,449192198
2,628,449172386
2,629,449154221
2,630,449135991
2,631,449120622
2,632,449105845
2,633,449091434
2,634,449078253
2,635,449065740
2,636,449053240
2,637,449040099
2,638,449021662
2,639,449007726
2,640,459231863
2,641,459112874
2,642,459089913
2,643,459072552
2,644,459048929
2,645,459032338
2,646,459016416
2,647,458993733
2,648,458970108
2,649,458947952
2,650,458924197
2,651,458890508
2,652,458854313
2,653,458834622
2,654,458815191
2,655,458796337
2,656,458782506
2,657,458769610
2,658,458751856
2,659,458733237
2,660,458719367
2,661,458700997
2,662,458682442
2,663,458664332
2,664,458651806
2,665,458639499
2,666,458626739
2,667,458613355
2,668,458600167
2,669,458587754
2,670,458569230
2,671,458555621
2,672,249308109
2,673,249263232
2,674,249232929
2,675,249215369
2,676,249191309
2,677,249174513
2,678,249158732
2,679,249143444
2,680,249126903
2,681,249110848
2,682,249095168
2,683,249072406
2,684,249047452
2,685,249024399
2,686,249007622
2,687,248990754
2,688,248973686
2,689,248957956
3,0,447639624
3,1,447611866
3,2,447597692
3,3,447582113
3,4,447567162
3,5,447554249
3,6,447540369
3,7,447518967
3,8,447498472
3,9,447490814
3,10,447463106
3,11,447447573
3,12,447433313
3,13,447420135
3,14,447406468
3,15,447392924
3,16,447382730
3,17,447362322
3,18,447346884
3,19,447327455
3,20,447308703
3,21,447295484
3,22,447282804
3,23,447258654
3,24,447246138
3,25,447232751
3,26,447214291
3,27,447194748
3,28,447175669
3,29,447155675
3,30,447137284
3,31,447107238
3,32,460795086
3,33,460716097
3,34,460691303
3,35,460672713
3,36,460655499
3,37,460631115
3,38,460606829
3,39,460590022
3,40,460567577
3,41,460532619
3,42,460514740
3,43,460501327
3,44,460488261
3,45,460474906
3,46,460460561
3,47,460446761
3,48,460433749
3,49,460413912
3,50,460399436
3,51,460379803
3,52,460365343
3,53,460351182
3,54,460337834
3,55,460318723
3,56,460294278
3,57,460281481
3,58,460268097
3,59,460254392
3,60,460241753
3,61,460228695
3,62,460214870
3,63,460195507
3,64,444311990
3,65,444236532
3,66,444215950
3,67,444198401
3,68,444181306
3,69,444163352
3,70,444146771
3,71,444130250
3,72,444111944
3,73,444094535
3,74,444078082
3,75,444059152
3,76,444034812
3,77,444011715
3,78,443999009
3,79,443981298
3,80,443963317
3,81,443935668
3,82,443921640
3,83,443908263
3,84,443894963
3,85,443881572
3,86,443862351
3,87,443842129
3,88,443822322
3,89,443802366
3,90,443788634
3,91,443774850
3,92,443755929
3,93,443743931
3,94,443731400
3,95,443712688
3,96,460042041
3,97,459962258
3,98,459937283
3,99,459915522
3,100,459892234
3,101,459870459
3,102,459847491
3,103,459823606
3,104,459806672
3,105,459790511
3,106,459766686
3,107,459743513
3,108,459726787
3,109,459690416
3,110,459667234
3,111,459593553
3,112,459576205
3,113,459562434
3,114,459548032
3,115,459527432
3,116,459512210
3,117,459498519
3,118,459478359
3,119,459463790
3,120,459450202
3,121,459436192
3,122,459422818
3,123,459409440
3,124,459390554
3,125,459377173
3,126,459364804
3,127,459340952
3,128,449551764
3,129,449481231
3,130,449461846
3,131,449444292
3,132,449417518
3,133,449393625
3,134,449375500
3,135,449358738
3,136,449341375
3,137,449325209
3,138,449307680
3,139,449281468
3,140,449263575
3,141,449245056
3,142,449227852
3,143,449210547
3,144,449192873
3,145,449156114
3,146,449136212
3,147,449126155
3,148,449111372
3,149,449097079
3,150,449083393
3,151,449060860
3,152,449046743
3,153,449032022
3,154,449019330
3,155,448999435
3,156,448986154
3,157,448967191
3,158,448948198
3,159,448934488
3,160,463056049
3,161,462976489
3,162,462957571
3,163,462940094
3,164,462915582
3,165,462892610
3,166,462868985
3,167,462845523
3,168,462822243
3,169,462800376
3,170,462778157
3,171,462755759
3,172,462732565
3,173,462703926
3,174,462689669
3,175,462670703
3,176,462651704
3,177,462637707
3,178,462620028
3,179,462594929
3,180,462576107
3,181,462562495
3,182,462549762
3,183,462536235
3,184,462522610
3,185,462508453
3,186,462495698
3,187,462476032
3,188,462462239
3,189,462448722
3,190,462435240
3,191,462421811
3,192,449483330
3,193,449403174
3,194,449385754
3,195,449368558
3,196,449352594
3,197,449335782
3,198,449319609
3,199,449302994
3,200,449286038
3,201,449261133
3,202,449237778
3,203,449220168
3,204,449203493
3,205,449186656
3,206,449170149
3,207,449153063
3,208,449136791
3,209,449120905
3,210,449093103
3,211,449078509
3,212,449065190
3,213,449052392
3,214,449025453
3,215,449005640
3,216,448994418
3,217,448980232
3,218,448966231
3,219,448952902
3,220,448939840
3,221,448926390
3,222,448904905
3,223,448890716
3,224,462926604
3,225,462842168
3,226,462816100
3,227,462791400
3,228,462773736
3,229,462757527
3,230,462734196
3,231,462718398
3,232,462702107
3,233,462679594
3,234,462656163
3,235,462632652
3,236,462608743
3,237,462586352
3,238,462564348
3,239,462542920
3,240,462520076
3,241,462497654
3,242,462456363
3,243,462435579
3,244,462414929
3,245,462395292
3,246,462381048
3,247,462362390
3,248,462342879
3,249,462324327
3,250,462310990
3,251,462298485
3,252,462284728
3,253,462271390
3,254,462257196
3,255,462243611
3,256,444481402
3,257,444415670
3,258,444396865
3,259,444378587
3,260,444349764
3,261,444333247
3,262,444308541
3,263,444292093
3,264,444275830
3,265,444260008
3,266,444243614
3,267,444226896
3,268,444210716
3,269,444193830
3,270,444168257
3,271,444144981
3,272,444128004
3,273,444110702
3,274,444094073
3,275,444078104
3,276,444040663
3,277,444025651
3,278,444011544
3,279,443996408
3,280,443964618
3,281,443950604
3,282,443935417
3,283,443915656
3,284,443895954
3,285,443884794
3,286,443869539
3,287,443854712
3,288,466091865
3,289,466004386
3,290,465985652
3,291,465968502
3,292,465951481
3,293,465926289
3,294,465908280
3,295,465884819
3,296,465862380
3,297,465845423
3,298,465829088
3,299,465806795
3,300,465791506
3,301,465775043
3,302,465752302
3,303,465728905
3,304,465705846
3,305,465683386
3,306,465648994
3,307,465630380
3,308,465605656
3,309,465587127
3,310,465568162
3,311,465553741
3,312,465540452
3,313,465522123
3,314,465502820
3,315,465480575
3,316,465461255
3,317,465442897
3,318,465425556
3,319,465412151
3,320,480349692
3,321,480281410
3,322,480262118
3,323,480245051
3,324,480228680
3,325,480202907
3,326,480184516
3,327,480167760
3,328,480150578
3,329,480133655
3,330,480116983
3,331,480094734
3,332,480077986
3,333,480062774
3,334,480046472
3,335,480030664
3,336,480014519
3,337,479999073
3,338,479969918
3,339,479950008
3,340,479925526
3,341,479911040
3,342,479896602
3,343,479882484
3,344,479860812
3,345,479847051
3,346,479832923
3,347,479819376
3,348,479805480
3,349,479791473
3,350,479778483
3,351,479765061
3,352,472371624
3,353,472285039
3,354,472271380
3,355,472241252
3,356,472222334
3,357,472204757
3,358,472187175
3,359,472170040
3,360,472153034
3,361,472136119
3,362,472112199
3,363,472094911
3,364,472072485
3,365,472050150
3,366,472033233
3,367,472017107
3,368,471982242
3,369,471970006
3,370,471956810
3,371,471938243
3,372,471919479
3,373,471900350
3,374,471857718
3,375,471838238
3,376,471819483
3,377,471800692
3,378,471782504
3,379,471762463
3,380,471747853
3,381,471734959
3,382,471715980
3,383,471697216
3,384,488953977
3,385,488872305
3,386,488833696
3,387,488810049
3,388,488792954
3,389,488775799
3,390,488758863
3,391,488740749
3,392,488723655
3,393,488707596
3,394,488683531
3,395,488665659
3,396,488648871
3,397,488631954
3,398,488615157
3,399,488598637
3,400,488566018
3,401,488552505
3,402,488540248
3,403,488527936
3,404,488508087
3,405,488494861
3,406,488481080
3,407,488466994
3,408,488445715
3,409,488426226
3,410,488412446
3,411,488398697
3,412,488384383
3,413,488371635
3,414,488357443
3,415,488343843
3,416,465557701
3,417,465482209
3,418,465463290
3,419,465425193
3,420,465406650
3,421,465380447
3,422,465356969
3,423,465343599
3,424,465326156
3,425,465308508
3,426,465291735
3,427,465274931
3,428,465258305
3,429,465241892
3,430,465213389
3,431,465192330
3,432,465178222
3,433,465158967
3,434,465140298
3,435,465127255
3,436,465114176
3,437,465095232
3,438,465082719
3,439,465062297
3,440,465042547
3,441,465022734
3,442,465003645
3,443,464984239
3,444,464965873
3,445,464947143
3,446,464929440
3,447,464910498
3,448,484285830
3,449,484211299
3,450,484192400
3,451,484165609
3,452,484128646
3,453,484108732
3,454,484083760
3,455,484059179
3,456,484036778
3,457,484020370
3,458,484004263
3,459,483987756
3,460,483970519
3,461,483953615
3,462,483937779
3,463,483914153
3,464,483897044
3,465,483880217
3,466,483863140
3,467,483835961
3,468,483815765
3,469,483796846
3,470,483783672
3,471,483770542
3,472,483745704
3,473,483732163
3,474,483718749
3,475,483705609
3,476,483691710
3,477,483671502
3,478,483652345
3,479,483637767
3,480,455775649
3,481,455697793
3,482,455679297
3,483,455661228
3,484,455644520
3,485,455627834
3,486,455610383
3,487,455593202
3,488,455576355
3,489,455543366
3,490,455517753
3,491,455494302
3,492,455481226
3,493,455463453
3,494,455445174
3,495,455428182
3,496,455411569
3,497,455395470
3,498,455378862
3,499,455361945
3,500,455338145
3,501,455321435
3,502,455299336
3,503,455268845
3,504,455251837
3,505,455235728
3,506,455212906
3,507,455197300
3,508,455180093
3,509,455157528
3,510,455135201
3,511,455111493
3,512,466294840
3,513,466204179
3,514,466179041
3,515,466155409
3,516,466131503
3,517,466107456
3,518,466089519
3,519,466073303
3,520,466050261
3,521,466026775
3,522,466009873
3,523,465987507
3,524,465964719
3,525,465943008
3,526,465926611
3,527,465910499
3,528,465880448
3,529,465862556
3,530,465844704
3,531,465827752
3,532,465796917
3,533,465778776
3,534,465762441
3,535,465745546
3,536,465728678
3,537,465712746
3,538,465690755
3,539,465673795
3,540,465658275
3,541,465642847
3,542,465626802
3,543,465611179
3,544,446982562
3,545,446910061
3,546,446866664
3,547,446842435
3,548,446825204
3,549,446807809
3,550,446790494
3,551,446774554
3,552,446756388
3,553,446739817
3,554,446722404
3,555,446704084
3,556,446686622
3,557,446670390
3,558,446653393
3,559,446630289
3,560,446606142
3,561,446592920
3,562,446575251
3,563,446545225
3,564,446530401
3,565,446516917
3,566,446504143
3,567,446491279
3,568,446470381
3,569,446450164
3,570,446435290
3,571,446414763
3,572,446395949
3,573,446383072
3,574,446370542
3,575,446352853
3,576,477174200
3,577,477082690
3,578,477053804
3,579,477029590
3,580,477005423
3,581,476981718
3,582,476959328
3,583,476936195
3,584,476913721
3,585,476891372
3,586,476867481
3,587,476849997
3,588,476833888
3,589,476810647
3,590,476787190
3,591,476770037
3,592,476747984
3,593,476725519
3,594,476703391
3,595,476680298
3,596,476664368
3,597,476648036
3,598,476630784
3,599,476613266
3,600,476596801
3,601,476572907
3,602,476555778
3,603,476539593
3,604,476522588
3,605,476505694
3,606,476478018
3,607,476454622
3,608,464290429
3,609,464214597
3,610,464196629
3,611,464179496
3,612,464162070
3,613,464145074
3,614,464127466
3,615,464100410
3,616,464076563
3,617,464059482
3,618,464041508
3,619,464024093
3,620,464007879
3,621,463990258
3,622,463973506
3,623,463956595
3,624,463939314
3,625,463922869
3,626,463906791
3,627,463890087
3,628,463856102
3,629,463836829
3,630,463826871
3,631,463812107
3,632,463781469
3,633,463767208
3,634,463753204
3,635,463740180
3,636,463727062
3,637,463713756
3,638,463694204
3,639,463680182
3,640,476499047
3,641,476419483
3,642,476400440
3,643,476383437
3,644,476358835
3,645,476342132
3,646,476325535
3,647,476290105
3,648,476266104
3,649,476242738
3,650,476219111
3,651,476196119
3,652,476173681
3,653,476151458
3,654,476128761
3,655,476106215
3,656,476088478
3,657,476059443
3,658,476040116
3,659,476021353
3,660,476001236
3,661,475982063
3,662,475962040
3,663,475921595
3,664,475906990
3,665,475893885
3,666,475879604
3,667,475865514
3,668,475851065
3,669,475837849
3,670,475817654
3,671,475802935
3,672,255840552
3,673,255754118
3,674,255735250
3,675,255718204
3,676,255693047
3,677,255675106
3,678,255658997
3,679,255643007
3,680,255626289
3,681,255609985
3,682,255593968
3,683,255575796
3,684,255551311
3,685,255528201
3,686,255511453
3,687,255494606
3,688,255476654
3,689,255460170
4,0,475957147
4,1,475907149
4,2,475887147
4,3,475866542
4,4,475834859
4,5,475816843
4,6,475797563
4,7,475764914
4,8,475738403
4,9,475723428
4,10,475702543
4,11,475682693
4,12,475663644
4,13,475645029
4,14,475626296
4,15,475607374
4,16,475589050
4,17,475563225
4,18,475544078
4,19,475519229
4,20,475479691
4,21,475460136
4,22,475442171
4,23,475416632
4,24,475399289
4,25,475381675
4,26,475356985
4,27,475331587
4,28,475302316
4,29,475277116
4,30,475252786
4,31,475228578
4,32,482279711
4,33,482195606
4,34,482158986
4,35,482140127
4,36,482122768
4,37,482091839
4,38,482067159
4,39,482049480
4,40,482026861
4,41,482003785
4,42,481981918
4,43,481965496
4,44,481949528
4,45,481933899
4,46,481916903
4,47,481900430
4,48,481884792
4,49,481848937
4,50,481834205
4,51,481820559
4,52,481806633
4,53,481781657
4,54,481768088
4,55,481747788
4,56,481734665
4,57,481721494
4,58,481708161
4,59,481695575
4,60,481682697
4,61,481669676
4,62,481655852
4,63,481636931
4,64,505434643
4,65,505360725
4,66,505340733
4,67,505322983
4,68,505304985
4,69,505286500
4,70,505269758
4,71,505231228
4,72,505212537
4,73,505195606
4,74,505178264
4,75,505160956
4,76,505135533
4,77,505110880
4,78,505098768
4,79,505081101
4,80,505063488
4,81,505045948
4,82,505029558
4,83,505003242
4,84,504989534
4,85,504976058
4,86,504955601
4,87,504941743
4,88,504922864
4,89,504904411
4,90,504890688
4,91,504878158
4,92,504859359
4,93,504846758
4,94,504834057
4,95,504815540
4,96,498368780
4,97,498257458
4,98,498226478
4,99,498190836
4,100,498147389
4,101,498116391
4,102,498071431
4,103,498022363
4,104,497986063
4,105,497961013
4,106,497928002
4,107,497896489
4,108,497870226
4,109,497846407
4,110,497815176
4,111,497781188
4,112,497762608
4,113,497735920
4,114,497715864
4,115,497691220
4,116,497668614
4,117,497616611
4,118,497579238
4,119,497553420
4,120,497532048
4,121,497502969
4,122,497474849
4,123,497453524
4,124,497425049
4,125,497405911
4,126,496806334
4,127,496768312
4,128,452884468
4,129,452778375
4,130,452751965
4,131,452732216
4,132,452704959
4,133,452681741
4,134,452657968
4,135,452639180
4,136,452621208
4,137,452604717
4,138,452587005
4,139,452556983
4,140,452540010
4,141,452521218
4,142,452503945
4,143,452486225
4,144,452459178
4,145,452440328
4,146,452419998
4,147,452404748
4,148,452390082
4,149,452374853
4,150,452361008
4,151,452347452
4,152,452333867
4,153,452320404
4,154,452307570
4,155,452287287
4,156,452273563
4,157,452254921
4,158,452235521
4,159,452222343
4,160,464637814
4,161,464549887
4,162,464532159
4,163,464515836
4,164,464491752
4,165,464467841
4,166,464444545
4,167,464420952
4,168,464391621
4,169,464368478
4,170,464346178
4,171,464322775
4,172,464299576
4,173,464282715
4,174,464266463
4,175,464229872
4,176,464192471
4,177,464177867
4,178,464158930
4,179,464140974
4,180,464122632
4,181,464110096
4,182,464097355
4,183,464084275
4,184,464070162
4,185,464057100
4,186,464044167
4,187,464024873
4,188,464010658
4,189,463997649
4,190,463983911
4,191,463970012
4,192,451617864
4,193,451538500
4,194,451520118
4,195,451503086
4,196,451486795
4,197,451469755
4,198,451447396
4,199,451430155
4,200,451412431
4,201,451385932
4,202,451362199
4,203,451345013
4,204,451327469
4,205,451310929
4,206,451294252
4,207,451276304
4,208,451247670
4,209,451230980
4,210,451212543
4,211,451184297
4,212,451170064
4,213,451157127
4,214,451137332
4,215,451117400
4,216,451083665
4,217,451067055
4,218,451051878
4,219,451037710
4,220,451023783
4,221,451010347
4,222,450996969
4,223,450983760
4,224,466053861
4,225,465984727
4,226,465936586
4,227,465910688
4,228,465892918
4,229,465876311
4,230,465852162
4,231,465836216
4,232,465819389
4,233,465788985
4,234,465765435
4,235,465740857
4,236,465717673
4,237,465695327
4,238,465672968
4,239,465650675
4,240,465615656
4,241,465596305
4,242,465582212
4,243,465569203
4,244,465550437
4,245,465532341
4,246,465518921
4,247,465500648
4,248,465482694
4,249,465465555
4,250,465452074
4,251,465438359
4,252,465424990
4,253,465410846
4,254,465397414
4,255,465384485
4,256,459439977
4,257,459359167
4,258,459341578
4,259,459324844
4,260,459307405
4,261,459289706
4,262,459258824
4,263,459241976
4,264,459225836
4,265,459209515
4,266,459193506
4,267,459177520
4,268,459161657
4,269,459144771
4,270,459121624
4,271,459098705
4,272,459081311
4,273,459064321
4,274,459047852
4,275,459031696
4,276,459002650
4,277,458988749
4,278,458975014
4,279,458960118
4,280,458946938
4,281,458934443
4,282,458920974
4,283,458901926
4,284,458882581
4,285,458872635
4,286,458858828
4,287,458844750
4,288,478909865
4,289,478834094
4,290,478814771
4,291,478797723
4,292,478779965
4,293,478754814
4,294,478724291
4,295,478699439
4,296,478675052
4,297,478657883
4,298,478634244
4,299,478610065
4,300,478593578
4,301,478576182
4,302,478552345
4,303,478528586
4,304,478504913
4,305,478469749
4,306,478451400
4,307,478432544
4,308,478414161
4,309,478395590
4,310,478376217
4,311,478349387
4,312,478335746
4,313,478315834
4,314,478295880
4,315,478282541
4,316,478263878
4,317,478243717
4,318,478225759
4,319,478212253
4,320,470906405
4,321,470831487
4,322,470811181
4,323,470793925
4,324,470777398
4,325,470745452
4,326,470725769
4,327,470707922
4,328,470690128
4,329,470662258
4,330,470644154
4,331,470620936
4,332,470611367
4,333,470595320
4,334,470579455
4,335,470563362
4,336,470547003
4,337,470530741
4,338,470513121
4,339,470477366
4,340,470457063
4,341,469906385
4,342,469887858
4,343,469873555
4,344,469860105
4,345,469846325
4,346,469832809
4,347,469819313
4,348,469805533
4,349,469792137
4,350,469771585
4,351,469757087
4,352,451660427
4,353,451580697
4,354,451582276
4,355,451563731
4,356,451544956
4,357,451527907
4,358,451510534
4,359,451494146
4,360,451476680
4,361,451459184
4,362,451434971
4,363,451417813
4,364,451382185
4,365,451358340
4,366,451341033
4,367,451324857
4,368,451301294
4,369,451285856
4,370,451269906
4,371,451236323
4,372,451217148
4,373,451198047
4,374,451171726
4,375,451153505
4,376,451134294
4,377,451115697
4,378,451096985
4,379,451078527
4,380,451065025
4,381,451052531
4,382,451033896
4,383,451001958
4,384,475295839
4,385,475207873
4,386,475182187
4,387,475158658
4,388,475141799
4,389,475125383
4,390,475108730
4,391,475091007
4,392,475073470
4,393,475057395
4,394,475033860
4,395,475016438
4,396,475000382
4,397,474983519
4,398,474966976
4,399,474938329
4,400,474919305
4,401,474906183
4,402,474893321
4,403,474880421
4,404,474867420
4,405,474854934
4,406,474836873
4,407,474821934
4,408,474800649
4,409,474781675
4,410,474767798
4,411,474753947
4,412,474739523
4,413,474715397
4,414,474701322
4,415,474687045
4,416,457471657
4,417,457382550
4,418,457362336
4,419,457344966
4,420,457327131
4,421,457300856
4,422,457277746
4,423,457264749
4,424,457246990
4,425,457229686
4,426,457199719
4,427,457182696
4,428,457165123
4,429,457148112
4,430,457131256
4,431,457093997
4,432,457078802
4,433,457059642
4,434,457037389
4,435,457023900
4,436,457011121
4,437,456991977
4,438,456979258
4,439,456966259
4,440,456939978
4,441,456920506
4,442,456900082
4,443,456880201
4,444,456861032
4,445,456830133
4,446,456769431
4,447,456750272
4,448,479967479
4,449,479856570
4,450,479837953
4,451,479797482
4,452,479772230
4,453,479754793
4,454,479731293
4,455,479708356
4,456,479685373
4,457,479669021
4,458,479652855
4,459,479636641
4,460,479619317
4,461,479602448
4,462,479586257
4,463,479562445
4,464,479535073
4,465,479521818
4,466,479508192
4,467,479495200
4,468,479481590
4,469,479463330
4,470,479443956
4,471,479430477
4,472,479417634
4,473,479404137
4,474,479391245
4,475,479377700
4,476,479364072
4,477,479344778
4,478,479325660
4,479,479311795
4,480,451310433
4,481,451234879
4,482,451216428
4,483,451197337
4,484,451180409
4,485,451147001
4,486,451128240
4,487,451111110
4,488,451094520
4,489,451076654
4,490,451051488
4,491,451027979
4,492,450988939
4,493,450970494
4,494,450952111
4,495,450934510
4,496,450917997
4,497,450889499
4,498,450874809
4,499,450860271
4,500,450840193
4,501,450825140
4,502,450805716
4,503,450786905
4,504,450773051
4,505,450752729
4,506,450734159
4,507,450721388
4,508,450707912
4,509,450689104
4,510,450669908
4,511,450650802
4,512,465922082
4,513,465840349
4,514,465815529
4,515,465791935
4,516,465768511
4,517,465744962
4,518,465727727
4,519,465710930
4,520,465687763
4,521,465664318
4,522,465647686
4,523,465624387
4,524,465602025
4,525,465579659
4,526,465563124
4,527,465547194
4,528,465530364
4,529,465492516
4,530,465477891
4,531,465464243
4,532,465444937
4,533,465430732
4,534,465411245
4,535,465396613
4,536,465382569
4,537,465369368
4,538,465350678
4,539,465336795
4,540,465324192
4,541,465311782
4,542,465299035
4,543,465286301
4,544,451233187
4,545,451162949
4,546,451135630
4,547,451111155
4,548,451093615
4,549,451075782
4,550,451057582
4,551,451041894
4,552,451023051
4,553,451006515
4,554,450990149
4,555,450971592
4,556,450954875
4,557,450937784
4,558,450920347
4,559,450896873
4,560,450872515
4,561,450859469
4,562,450841485
4,563,450811291
4,564,450796058
4,565,450782479
4,566,450761238
4,567,450747257
4,568,450733409
4,569,450714110
4,570,450700060
4,571,450674112
4,572,450653772
4,573,450639776
4,574,450626511
4,575,450607487
4,576,465016836
4,577,464943052
4,578,464915299
4,579,464890506
4,580,464865741
4,581,464842103
4,582,464819504
4,583,464785647
4,584,464762241
4,585,464739539
4,586,464716772
4,587,464699065
4,588,464682904
4,589,464659452
4,590,464636679
4,591,464619657
4,592,464597662
4,593,464562122
4,594,464543865
4,595,464530201
4,596,464517876
4,597,464505028
4,598,464490776
4,599,464468957
4,600,464455555
4,601,464436348
4,602,464408772
4,603,464395358
4,604,464380716
4,605,464367220
4,606,464354004
4,607,464335649
4,608,451139675
4,609,451068089
4,610,451051523
4,611,451034668
4,612,451018101
4,613,451001448
4,614,450983936
4,615,450947708
4,616,450924560
4,617,450907189
4,618,450890319
4,619,450873785
4,620,450857323
4,621,450839323
4,622,450822855
4,623,450806226
4,624,450788602
4,625,450771871
4,626,450755415
4,627,450738682
4,628,450715776
4,629,450692933
4,630,450669506
4,631,450653521
4,632,450639518
4,633,450624962
4,634,450611548
4,635,450579754
4,636,450565383
4,637,450551191
4,638,450530637
4,639,450516578
4,640,466881957
4,641,466787080
4,642,466769163
4,643,466752726
4,644,466727975
4,645,466711590
4,646,466694844
4,647,466670690
4,648,466647006
4,649,466623076
4,650,466599157
4,651,466576911
4,652,466554241
4,653,466531654
4,654,466493838
4,655,466469603
4,656,466450262
4,657,466423201
4,658,466404340
4,659,466384638
4,660,466371239
4,661,466352899
4,662,466334688
4,663,466308286
4,664,466293763
4,665,466281012
4,666,466267080
4,667,466253342
4,668,466238942
4,669,466225702
4,670,466206773
4,671,466191062
4,672,252620002
4,673,252548792
4,674,252530366
4,675,252503148
4,676,252478468
4,677,252462235
4,678,252446482
4,679,252430616
4,680,252413672
4,681,252397531
4,682,252381698
4,683,252364012
4,684,252339825
4,685,252316776
4,686,252299366
4,687,252282004
4,688,252265087
4,689,252249145
5,0,452018856
5,1,451969122
5,2,451954441
5,3,451938498
5,4,451924756
5,5,451911596
5,6,451896779
5,7,451876777
5,8,451856967
5,9,451845852
5,10,451831321
5,11,451816804
5,12,451802835
5,13,451790283
5,14,451777227
5,15,451763918
5,16,451750082
5,17,451730418
5,18,451716488
5,19,451698031
5,20,451679416
5,21,451665751
5,22,451653331
5,23,451635193
5,24,451622940
5,25,451610324
5,26,451592201
5,27,451573962
5,28,451554791
5,29,451535645
5,30,451517668
5,31,451499538
5,32,469311251
5,33,469216455
5,34,469190035
5,35,469171464
5,36,469155262
5,37,469132050
5,38,469107902
5,39,469091161
5,40,469068834
5,41,469039516
5,42,469016207
5,43,468999307
5,44,468983634
5,45,468967410
5,46,468950278
5,47,468933815
5,48,468917457
5,49,468894174
5,50,468862675
5,51,468848636
5,52,468834041
5,53,468819251
5,54,468805481
5,55,468786576
5,56,468772978
5,57,468760622
5,58,468748247
5,59,468735387
5,60,468713463
5,61,468700369
5,62,468686728
5,63,468666823
5,64,450444848
5,65,450370066
5,66,450351019
5,67,450333733
5,68,450316499
5,69,450298663
5,70,450281488
5,71,450264234
5,72,450246072
5,73,450229482
5,74,450212505
5,75,450194546
5,76,450152254
5,77,450128498
5,78,450115910
5,79,450096430
5,80,450078420
5,81,450061478
5,82,450044706
5,83,450027981
5,84,450011408
5,85,449994799
5,86,449971188
5,87,449953003
5,88,449929603
5,89,449906676
5,90,449889976
5,91,449874127
5,92,449851466
5,93,449835705
5,94,449806083
5,95,449782388
5,96,464623070
5,97,464544803
5,98,464520369
5,99,464497035
5,100,464474153
5,101,464436577
5,102,464413597
5,103,464388919
5,104,464371657
5,105,464355221
5,106,464325908
5,107,464302429
5,108,464284600
5,109,464262578
5,110,464239867
5,111,464216354
5,112,464187621
5,113,464174724
5,114,464161997
5,115,464148438
5,116,464134954
5,117,464122100
5,118,464102738
5,119,464088492
5,120,464075113
5,121,464060986
5,122,464047664
5,123,464034792
5,124,464016889
5,125,464003451
5,126,463990953
5,127,463977615
5,128,459522838
5,129,459453056
5,130,459435292
5,131,459417476
5,132,459391468
5,133,459357262
5,134,459339102
5,135,459321414
5,136,459303471
5,137,459286965
5,138,459269580
5,139,459252785
5,140,459236682
5,141,459212150
5,142,459194199
5,143,459176972
5,144,459159447
5,145,459135724
5,146,459112789
5,147,459099565
5,148,459082370
5,149,459064658
5,150,459047598
5,151,459030464
5,152,459019635
5,153,459002669
5,154,458985605
5,155,458961827
5,156,458944515
5,157,458921452
5,158,458898643
5,159,458881987
5,160,480150390
5,161,480070540
5,162,480052198
5,163,480034505
5,164,480009590
5,165,479985715
5,166,479962086
5,167,479937818
5,168,479915032
5,169,479892167
5,170,479870591
5,171,479840557
5,172,479817144
5,173,479799332
5,174,479781980
5,175,479757540
5,176,479721609
5,177,479707801
5,178,479689776
5,179,479670574
5,180,479652204
5,181,479638753
5,182,479626147
5,183,479613039
5,184,479588397
5,185,479574288
5,186,479560865
5,187,479540893
5,188,479526901
5,189,479512860
5,190,479498787
5,191,479485480
5,192,458654506
5,193,458577339
5,194,458559359
5,195,458542252
5,196,458526238
5,197,458509489
5,198,458493049
5,199,458476025
5,200,458458018
5,201,458432175
5,202,458409339
5,203,458391824
5,204,458367285
5,205,458348457
5,206,458331632
5,207,458313619
5,208,458295832
5,209,458278962
5,210,458250848
5,211,458223321
5,212,458208866
5,213,458195075
5,214,458175253
5,215,458155817
5,216,458145848
5,217,458130459
5,218,458115787
5,219,458101619
5,220,458088162
5,221,458074818
5,222,458061248
5,223,458047778
5,224,469825355
5,225,469751663
5,226,469711804
5,227,469687214
5,228,469669251
5,229,469652997
5,230,469630163
5,231,469614204
5,232,469597282
5,233,469574766
5,234,469551135
5,235,469527769
5,236,469504963
5,237,469483110
5,238,469453689
5,239,469430106
5,240,469406406
5,241,469371407
5,242,469356464
5,243,469343315
5,244,469324227
5,245,469305624
5,246,469292018
5,247,469273202
5,248,469255235
5,249,469237358
5,250,469224276
5,251,469211615
5,252,469198697
5,253,469184827
5,254,469170786
5,255,469157832
5,256,449730072
5,257,449659625
5,258,449641782
5,259,449624450
5,260,449606697
5,261,449589070
5,262,449564963
5,263,449548104
5,264,449532476
5,265,449516401
5,266,449483403
5,267,449466205
5,268,449449928
5,269,449433102
5,270,449398545
5,271,449374880
5,272,449357083
5,273,449340391
5,274,449323309
5,275,449297217
5,276,449282591
5,277,449269108
5,278,449255979
5,279,449241354
5,280,449227754
5,281,449215149
5,282,449201405
5,283,449182465
5,284,449163440
5,285,449153908
5,286,449139344
5,287,449125439
5,288,452090826
5,289,452020207
5,290,452001060
5,291,451981944
5,292,451964041
5,293,451937168
5,294,451918107
5,295,451894515
5,296,451870412
5,297,451853499
5,298,451837189
5,299,451813946
5,300,451798259
5,301,451782662
5,302,451758742
5,303,451735157
5,304,451700892
5,305,451667501
5,306,451647429
5,307,451615735
5,308,451594929
5,309,451576133
5,310,451556212
5,311,451541008
5,312,451527521
5,313,451508069
5,314,451487820
5,315,451473625
5,316,451454634
5,317,451435146
5,318,451416957
5,319,451403791
5,320,457350651
5,321,457291405
5,322,457270392
5,323,457252239
5,324,457235728
5,325,457208825
5,326,457190450
5,327,457172414
5,328,457154794
5,329,457137930
5,330,457121974
5,331,457098559
5,332,457082080
5,333,457058869
5,334,457041721
5,335,457007883
5,336,456991229
5,337,456974094
5,338,456945622
5,339,456923030
5,340,456903870
5,341,456889422
5,342,456874392
5,343,456860675
5,344,456847390
5,345,456833228
5,346,456819586
5,347,456806495
5,348,456791994
5,349,456778205
5,350,456764930
5,351,456750689
5,352,449491557
5,353,449405149
5,354,449390973
5,355,449371284
5,356,449351988
5,357,449334758
5,358,449317904
5,359,449300180
5,360,449284172
5,361,449267316
5,362,449242578
5,363,449224188
5,364,449201115
5,365,449179260
5,366,449162744
5,367,449146377
5,368,449115916
5,369,449099836
5,370,449071916
5,371,449051539
5,372,449030733
5,373,449012002
5,374,448992564
5,375,448973326
5,376,448955499
5,377,448936863
5,378,448910855
5,379,448890200
5,380,448876680
5,381,448863573
5,382,448843760
5,383,448824307
5,384,466266446
5,385,466166232
5,386,466139481
5,387,466115655
5,388,466097505
5,389,466081473
5,390,466064869
5,391,466046473
5,392,466030073
5,393,466014223
5,394,465990845
5,395,465972803
5,396,465956579
5,397,465940204
5,398,465914559
5,399,465898037
5,400,465874083
5,401,465856295
5,402,465815916
5,403,465802536
5,404,465788661
5,405,465775222
5,406,465762714
5,407,465748637
5,408,465728842
5,409,465710407
5,410,465696193
5,411,465682074
5,412,465668599
5,413,465655506
5,414,465642018
5,415,465628008
5,416,440438225
5,417,440369372
5,418,440350032
5,419,440332926
5,420,440314729
5,421,440271329
5,422,440247006
5,423,440234414
5,424,440216723
5,425,440199255
5,426,440182236
5,427,440165266
5,428,440148682
5,429,440132177
5,430,440114739
5,431,440091599
5,432,440073427
5,433,440043803
5,434,440020288
5,435,440003794
5,436,439986980
5,437,439964669
5,438,439948905
5,439,439932661
5,440,439909560
5,441,439887991
5,442,439865921
5,443,439842083
5,444,439819387
5,445,439796583
5,446,439774206
5,447,439751855
5,448,457025699
5,449,456955887
5,450,456936657
5,451,456911883
5,452,456890987
5,453,456877461
5,454,456857656
5,455,456837675
5,456,456816692
5,457,456802170
5,458,456789247
5,459,456775171
5,460,456761134
5,461,456734313
5,462,456714097
5,463,456693233
5,464,456678387
5,465,456665402
5,466,456651086
5,467,456630442
5,468,456617837
5,469,456598836
5,470,456584810
5,471,456572033
5,472,456559468
5,473,456546397
5,474,456533305
5,475,456520439
5,476,456506942
5,477,456487346
5,478,456469458
5,479,456455734
5,480,438032885
5,481,437961621
5,482,437941533
5,483,437923720
5,484,437907002
5,485,437890024
5,486,437872653
5,487,437856159
5,488,437839887
5,489,437823286
5,490,437788138
5,491,437763905
5,492,437751060
5,493,437732978
5,494,437715922
5,495,437699429
5,496,437682139
5,497,437666033
5,498,437650018
5,499,437625715
5,500,437591337
5,501,437577019
5,502,437557634
5,503,437538022
5,504,437523979
5,505,437510957
5,506,437492730
5,507,437480553
5,508,437467595
5,509,437448763
5,510,437418122
5,511,437397566
5,512,456904093
5,513,456824990
5,514,456800736
5,515,456777767
5,516,456753918
5,517,456718982
5,518,456701112
5,519,456684202
5,520,456660149
5,521,456637090
5,522,456620552
5,523,456596833
5,524,456574761
5,525,456552363
5,526,456529505
5,527,456512628
5,528,456495622
5,529,456467512
5,530,456453316
5,531,456440390
5,532,456421155
5,533,456407197
5,534,456394294
5,535,456380329
5,536,456367169
5,537,456343484
5,538,456324282
5,539,456310711
5,540,456297910
5,541,456284786
5,542,456271958
5,543,456258830
5,544,439994186
5,545,439932567
5,546,439906002
5,547,439882356
5,548,439864768
5,549,439847732
5,550,439830480
5,551,439814506
5,552,439796145
5,553,439780501
5,554,439764002
5,555,439735343
5,556,439717725
5,557,439700533
5,558,439682886
5,559,439658662
5,560,439634993
5,561,439622728
5,562,439604998
5,563,439580504
5,564,439551854
5,565,439537274
5,566,439523651
5,567,439509434
5,568,439495927
5,569,439476621
5,570,439462610
5,571,439442450
5,572,439424014
5,573,439410752
5,574,439397865
5,575,439367627
5,576,458616812
5,577,458558349
5,578,458532019
5,579,458508842
5,580,458484513
5,581,458460586
5,582,458438311
5,583,458405641
5,584,458383011
5,585,458360467
5,586,458337103
5,587,458319909
5,588,458303748
5,589,458281478
5,590,458258722
5,591,458242167
5,592,458200441
5,593,458180668
5,594,458161703
5,595,458148520
5,596,458136300
5,597,458123073
5,598,458108891
5,599,458095496
5,600,458082379
5,601,458062514
5,602,458029783
5,603,458015761
5,604,458001560
5,605,457987651
5,606,457974556
5,607,457956303
5,608,436589859
5,609,436514129
5,610,436496126
5,611,436478364
5,612,436461324
5,613,436444421
5,614,436426993
5,615,436401261
5,616,436378247
5,617,436360658
5,618,436343294
5,619,436326286
5,620,436309683
5,621,436292558
5,622,436276576
5,623,436260208
5,624,436241994
5,625,436225695
5,626,436208866
5,627,436179985
5,628,436151340
5,629,436131254
5,630,436119999
5,631,436105087
5,632,436090918
5,633,436077373
5,634,436063861
5,635,436041674
5,636,436027561
5,637,436013556
5,638,435992978
5,639,435978889
5,640,458767732
5,641,458689734
5,642,458671461
5,643,458654129
5,644,458630591
5,645,458614369
5,646,458597321
5,647,458572934
5,648,458555929
5,649,458532566
5,650,458508381
5,651,458484649
5,652,458448456
5,653,458425193
5,654,458401901
5,655,458379041
5,656,458348766
5,657,458333405
5,658,458307422
5,659,458287456
5,660,458273510
5,661,458254593
5,662,458235160
5,663,458216316
5,664,458202912
5,665,458189933
5,666,458177079
5,667,458162548
5,668,458148774
5,669,458136131
5,670,458115368
5,671,458101443
5,672,242015935
5,673,241943402
5,674,241924829
5,675,241908872
5,676,241874469
5,677,241856794
5,678,241840839
5,679,241824695
5,680,241807297
5,681,241791197
5,682,241775708
5,683,241758202
5,684,241733321
5,685,241707888
5,686,241688492
5,687,241671608
5,688,241654102
5,689,241638434
6,0,439942610
6,1,439906227
6,2,439891809
6,3,439876104
6,4,439862302
6,5,439848852
6,6,439834926
6,7,439813953
6,8,439795021
6,9,439784574
6,10,439770611
6,11,439756360
6,12,439741665
6,13,439728979
6,14,439715535
6,15,439702079
6,16,439688975
6,17,439668970
6,18,439654901
6,19,439636282
6,20,439618372
6,21,439605150
6,22,439584630
6,23,439565300
6,24,439552561
6,25,439538769
6,26,439520349
6,27,439502054
6,28,439483251
6,29,439464830
6,30,439446478
6,31,439427691
6,32,464168877
6,33,464083010
6,34,464057398
6,35,464031358
6,36,464013904
6,37,463989694
6,38,463965300
6,39,463948470
6,40,463924705
6,41,463901306
6,42,463879236
6,43,463862692
6,44,463846648
6,45,463830751
6,46,463813392
6,47,463796942
6,48,463757625
6,49,463736197
6,50,463720707
6,51,463707616
6,52,463693620
6,53,463679631
6,54,463666232
6,55,463647420
6,56,463634217
6,57,463621575
6,58,463608368
6,59,463594955
6,60,463581569
6,61,463568794
6,62,463555565
6,63,463535834
6,64,452456448
6,65,452381513
6,66,452361840
6,67,452344948
6,68,452327804
6,69,452302830
6,70,452285943
6,71,452258285
6,72,452239711
6,73,452222412
6,74,452205460
6,75,452188030
6,76,452162989
6,77,452140124
6,78,452127054
6,79,452109560
6,80,452091680
6,81,452075227
6,82,452059081
6,83,452042589
6,84,452026383
6,85,452009849
6,86,451985554
6,87,451968201
6,88,451945458
6,89,451923229
6,90,451906349
6,91,451877739
6,92,451854091
6,93,451837833
6,94,451821509
6,95,451798687
6,96,454772488
6,97,454693375
6,98,454653249
6,99,454629837
6,100,454606078
6,101,454576425
6,102,454553042
6,103,454529141
6,104,454511382
6,105,454494732
6,106,454470950
6,107,454447935
6,108,454431580
6,109,454409389
6,110,454386200
6,111,454363592
6,112,454346264
6,113,454330649
6,114,454314706
6,115,454298120
6,116,454281521
6,117,454265774
6,118,454241116
6,119,454223839
6,120,454207287
6,121,454190650
6,122,454174380
6,123,454157962
6,124,454136080
6,125,454119497
6,126,454103472
6,127,454079114
6,128,447738552
6,129,447669705
6,130,447650988
6,131,447633313
6,132,447607247
6,133,447577333
6,134,447560268
6,135,447542417
6,136,447524992
6,137,447508262
6,138,447491156
6,139,447474138
6,140,447439537
6,141,447421071
6,142,447403422
6,143,447386533
6,144,447369172
6,145,447345225
6,146,447322109
6,147,447309046
6,148,447291375
6,149,447274221
6,150,447257243
6,151,447239686
6,152,447222826
6,153,447205671
6,154,447188657
6,155,447165362
6,156,447148305
6,157,447125674
6,158,447103358
6,159,447087106
6,160,461741542
6,161,461650289
6,162,461630653
6,163,461613066
6,164,461576696
6,165,461552355
6,166,461528742
6,167,461498131
6,168,461474873
6,169,461451917
6,170,461429140
6,171,461405621
6,172,461382934
6,173,461365643
6,174,461349178
6,175,461325637
6,176,461294146
6,177,461280639
6,178,461262830
6,179,461244468
6,180,461208664
6,181,461193376
6,182,461180491
6,183,461166672
6,184,461152443
6,185,461138978
6,186,461125193
6,187,461105437
6,188,461090899
6,189,461077600
6,190,461063506
6,191,461050275
6,192,444886379
6,193,444801313
6,194,444783619
6,195,444766445
6,196,444750076
6,197,444733120
6,198,444709994
6,199,444692617
6,200,444675255
6,201,444649560
6,202,444626430
6,203,444608456
6,204,444591534
6,205,444574504
6,206,444557755
6,207,444540040
6,208,444510804
6,209,444481769
6,210,444466506
6,211,444452023
6,212,444437600
6,213,444423398
6,214,444403019
6,215,444382940
6,216,444372782
6,217,444358581
6,218,444344407
6,219,444331105
6,220,444317186
6,221,444303298
6,222,444289977
6,223,444275872
6,224,464895565
6,225,464824074
6,226,464798265
6,227,464774031
6,228,464756569
6,229,464740374
6,230,464717267
6,231,464701384
6,232,464684125
6,233,464653838
6,234,464629736
6,235,464604564
6,236,464580656
6,237,464557401
6,238,464534205
6,239,464511557
6,240,464488654
6,241,464445234
6,242,464428994
6,243,464414678
6,244,464394696
6,245,464375245
6,246,464361522
6,247,464342103
6,248,464322320
6,249,464304417
6,250,464291020
6,251,464278601
6,252,464265539
6,253,464251810
6,254,464237782
6,255,464224618
6,256,443863894
6,257,443792210
6,258,443773099
6,259,443755060
6,260,443737399
6,261,443721262
6,262,443690822
6,263,443673894
6,264,443657788
6,265,443641277
6,266,443625130
6,267,443608807
6,268,443593090
6,269,443576266
6,270,443551877
6,271,443528492
6,272,443510930
6,273,443494003
6,274,443476834
6,275,443448176
6,276,443432519
6,277,443418900
6,278,443405644
6,279,443391546
6,280,443378011
6,281,443365074
6,282,443343305
6,283,443321874
6,284,443302412
6,285,443292061
6,286,443277866
6,287,443264088
6,288,460909923
6,289,460813615
6,290,460793089
6,291,460774902
6,292,460757586
6,293,460732388
6,294,460714334
6,295,460691249
6,296,460668863
6,297,460651959
6,298,460629141
6,299,460605303
6,300,460589125
6,301,460572226
6,302,460549159
6,303,460526096
6,304,460502548
6,305,460467881
6,306,460449583
6,307,460431480
6,308,460413115
6,309,460394024
6,310,460374709
6,311,460359590
6,312,460346760
6,313,460327637
6,314,460308732
6,315,460294999
6,316,460265850
6,317,460246253
6,318,460228792
6,319,460215315
6,320,461434094
6,321,461360434
6,322,461323956
6,323,461306754
6,324,461290705
6,325,461266164
6,326,461242169
6,327,461225310
6,328,461207299
6,329,461190674
6,330,461174799
6,331,461151149
6,332,461134528
6,333,461118918
6,334,461103118
6,335,461087570
6,336,461071160
6,337,461055201
6,338,461039138
6,339,461001296
6,340,460981941
6,341,460968707
6,342,460955463
6,343,460941633
6,344,460928440
6,345,460915339
6,346,460901609
6,347,460889145
6,348,460875752
6,349,460862810
6,350,460849548
6,351,460836474
6,352,447874508
6,353,447795310
6,354,447781570
6,355,447762763
6,356,447743598
6,357,447726309
6,358,447709269
6,359,447631629
6,360,447611618
6,361,447595127
6,362,447570028
6,363,447545150
6,364,447521352
6,365,447498107
6,366,447481355
6,367,447465485
6,368,447429687
6,369,447416817
6,370,447404026
6,371,447384840
6,372,447365716
6,373,447346773
6,374,447327199
6,375,447308764
6,376,447290564
6,377,447272789
6,378,447242620
6,379,447222774
6,380,447209421
6,381,447196371
6,382,447177005
6,383,447158331
6,384,459113376
6,385,459025581
6,386,458991587
6,387,458967671
6,388,458950825
6,389,458934545
6,390,458910675
6,391,458885284
6,392,458868005
6,393,458851026
6,394,458827250
6,395,458809356
6,396,458777166
6,397,458759378
6,398,458742375
6,399,458725872
6,400,458688307
6,401,458675256
6,402,458662765
6,403,458650467
6,404,458637697
6,405,458625324
6,406,458612714
6,407,458599386
6,408,458579417
6,409,458560741
6,410,458547071
6,411,458533459
6,412,458519605
6,413,458506515
6,414,458493104
6,415,458480158
6,416,456160412
6,417,456086376
6,418,456068039
6,419,456050285
6,420,456032732
6,421,456007607
6,422,455984211
6,423,455960945
6,424,455942113
6,425,455923773
6,426,455906310
6,427,455889478
6,428,455865886
6,429,455848510
6,430,455831392
6,431,455806694
6,432,455788911
6,433,455765470
6,434,455742642
6,435,455715947
6,436,455703685
6,437,455685399
6,438,455673370
6,439,455660501
6,440,455641474
6,441,455622592
6,442,455604162
6,443,455573902
6,444,455554754
6,445,455536988
6,446,455519233
6,447,455501176
6,448,466165791
6,449,466085243
6,450,466066597
6,451,466040208
6,452,466015684
6,453,465998968
6,454,465975198
6,455,465952038
6,456,465922475
6,457,465905556
6,458,465889259
6,459,465872919
6,460,465855890
6,461,465838795
6,462,465821742
6,463,465798430
6,464,465766112
6,465,465748898
6,466,465719269
6,467,465705155
6,468,465698887
6,469,465679698
6,470,465666724
6,471,465653888
6,472,465641406
6,473,465628861
6,474,465616031
6,475,465603696
6,476,465590259
6,477,465570184
6,478,465552002
6,479,465538719
6,480,453544627
6,481,453475174
6,482,453456807
6,483,453438055
6,484,453421392
6,485,453405227
6,486,453387173
6,487,453369433
6,488,453339329
6,489,453322243
6,490,453296362
6,491,453266282
6,492,453253200
6,493,453235066
6,494,453217150
6,495,453199308
6,496,453182450
6,497,453166327
6,498,453150272
6,499,453122759
6,500,453101790
6,501,453086608
6,502,453067479
6,503,453048348
6,504,453034176
6,505,453021549
6,506,453003005
6,507,452990541
6,508,452978051
6,509,452959722
6,510,452941378
6,511,452922936
6,512,465417145
6,513,465337095
6,514,465312255
6,515,465288803
6,516,465264282
6,517,465240687
6,518,465223151
6,519,465207078
6,520,465171226
6,521,465139704
6,522,465122206
6,523,465098688
6,524,465075702
6,525,465054185
6,526,465037655
6,527,465022115
6,528,465005409
6,529,464978097
6,530,464963964
6,531,464950639
6,532,464931176
6,533,464917137
6,534,464904326
6,535,464890836
6,536,464877191
6,537,464864370
6,538,464845297
6,539,464832242
6,540,464820147
6,541,464793058
6,542,464779256
6,543,464766088
6,544,447959135
6,545,447888329
6,546,447859924
6,547,447835880
6,548,447817890
6,549,447800327
6,550,447769058
6,551,447752775
6,552,447734243
6,553,447717196
6,554,447701137
6,555,447683276
6,556,447660337
6,557,447643294
6,558,447626193
6,559,447602475
6,560,447579102
6,561,447565744
6,562,447535258
6,563,447520190
6,564,447506404
6,565,447492851
6,566,447479108
6,567,447465770
6,568,447452008
6,569,447433479
6,570,447419777
6,571,447400805
6,572,447382286
6,573,447368684
6,574,447355703
6,575,447337117
6,576,463596448
6,577,463524300
6,578,463497333
6,579,463473526
6,580,463449772
6,581,463426114
6,582,463385284
6,583,463360991
6,584,463338147
6,585,463314978
6,586,463291576
6,587,463274448
6,588,463258154
6,589,463235020
6,590,463212441
6,591,463195436
6,592,463161201
6,593,463141470
6,594,463123266
6,595,463110012
6,596,463097683
6,597,463084933
6,598,463071305
6,599,463057522
6,600,463045232
6,601,463026087
6,602,463012287
6,603,462999658
6,604,462986412
6,605,462973171
6,606,462959861
6,607,462941714
6,608,459232255
6,609,459162115
6,610,459145123
6,611,459128675
6,612,459112117
6,613,459095269
6,614,459076810
6,615,459038691
6,616,459015187
6,617,458998292
6,618,458981264
6,619,458964363
6,620,458947773
6,621,458929841
6,622,458913183
6,623,458897621
6,624,458871750
6,625,458854266
6,626,458836881
6,627,458818659
6,628,458781825
6,629,458760566
6,630,458750297
6,631,458736231
6,632,458722347
6,633,458708260
6,634,458695530
6,635,458671097
6,636,458657175
6,637,458642793
6,638,458622554
6,639,458608494
6,640,475276784
6,641,475199486
6,642,475181226
6,643,475164110
6,644,475140174
6,645,475123800
6,646,475106479
6,647,475083082
6,648,475059891
6,649,475036212
6,650,475012601
6,651,474973793
6,652,474950338
6,653,474926929
6,654,474903625
6,655,474873419
6,656,474844294
6,657,474830092
6,658,474810897
6,659,474791634
6,660,474778363
6,661,474760236
6,662,474741846
6,663,474724553
6,664,474711592
6,665,474699088
6,666,474686115
6,667,474672482
6,668,474658516
6,669,474645689
6,670,474626625
6,671,474612619
6,672,251174387
6,673,251088486
6,674,251070090
6,675,251052807
6,676,251028932
6,677,251012299
6,678,250996225
6,679,250980449
6,680,250964185
6,681,250947832
6,682,250932068
6,683,250914238
6,684,250889692
6,685,250866996
6,686,250850269
6,687,250832952
6,688,250808861
6,689,250792195
7,0,453461637
7,1,453425845
7,2,453411383
7,3,453395318
7,4,453379917
7,5,453365860
7,6,453333697
7,7,453312383
7,8,453292840
7,9,453282364
7,10,453267898
7,11,453253380
7,12,453238911
7,13,453225185
7,14,453212002
7,15,453197814
7,16,453183857
7,17,453164007
7,18,453149623
7,19,453129614
7,20,453110751
7,21,453097050
7,22,453084559
7,23,453064942
7,24,453052662
7,25,453040284
7,26,453022174
7,27,453002987
7,28,452978448
7,29,452959596
7,30,452940732
7,31,452922449
7,32,465129631
7,33,465049178
7,34,465024626
7,35,465006407
7,36,464989879
7,37,464966277
7,38,464942215
7,39,464925072
7,40,464902403
7,41,464862231
7,42,464839178
7,43,464822531
7,44,464806927
7,45,464790805
7,46,464773284
7,47,464756270
7,48,464740329
7,49,464717144
7,50,464687273
7,51,464673717
7,52,464660210
7,53,464647172
7,54,464634607
7,55,464617021
7,56,464603729
7,57,464591541
7,58,464578613
7,59,464559098
7,60,464545693
7,61,464532920
7,62,464505898
7,63,464483644
7,64,448183942
7,65,448111541
7,66,448081980
7,67,448064315
7,68,448047309
7,69,448028842
7,70,448012366
7,71,447996121
7,72,447978882
7,73,447961828
7,74,447945080
7,75,447927362
7,76,447903606
7,77,447881059
7,78,447867456
7,79,447849935
7,80,447832142
7,81,447815213
7,82,447799014
7,83,447782652
7,84,447766100
7,85,447738106
7,86,447704455
7,87,447689594
7,88,447670101
7,89,447651102
7,90,447637545
7,91,447625232
7,92,447606162
7,93,447594102
7,94,447575080
7,95,447555472
7,96,461951860
7,97,461872296
7,98,461847631
7,99,461825333
7,100,461801689
7,101,461779120
7,102,461755876
7,103,461731390
7,104,461714192
7,105,461676155
7,106,461652236
7,107,461628947
7,108,461611594
7,109,461590297
7,110,461567917
7,111,461545729
7,112,461516766
7,113,461503614
7,114,461490229
7,115,461475434
7,116,461462116
7,117,461449405
7,118,461430205
7,119,461415672
7,120,461402877
7,121,461389463
7,122,461375263
7,123,461362665
7,124,461337016
7,125,461323515
7,126,461310534
7,127,461297165
7,128,449733957
7,129,449662173
7,130,449643606
7,131,449625181
7,132,449599389
7,133,449575400
7,134,449557493
7,135,449540847
7,136,449523474
7,137,449506841
7,138,449489506
7,139,449472628
7,140,449440562
7,141,449422812
7,142,449405544
7,143,449388862
7,144,449371264
7,145,449347917
7,146,449324247
7,147,449301118
7,148,449286396
7,149,449271280
7,150,449257368
7,151,449242491
7,152,449228980
7,153,449216147
7,154,449202676
7,155,449183676
7,156,449170528
7,157,449151218
7,158,449132136
7,159,449111798
7,160,465624155
7,161,465545218
7,162,465527216
7,163,465510145
7,164,465474181
7,165,465450175
7,166,465426240
7,167,465402338
7,168,465379976
7,169,465357246
7,170,465333944
7,171,465309644
7,172,465286176
7,173,465268125
7,174,465251149
7,175,465227627
7,176,465204758
7,177,465177530
7,178,465158742
7,179,465139714
7,180,465122286
7,181,465095734
7,182,465082238
7,183,465067510
7,184,465053230
7,185,465039772
7,186,465026637
7,187,465007310
7,188,464986922
7,189,464972684
7,190,464958247
7,191,464944007
7,192,446492126
7,193,446415348
7,194,446397772
7,195,446380839
7,196,446365027
7,197,446348366
7,198,446332334
7,199,446315637
7,200,446298813
7,201,446273432
7,202,446250491
7,203,446232812
7,204,446215552
7,205,446198693
7,206,446182514
7,207,446165200
7,208,446147915
7,209,446132126
7,210,446114659
7,211,446098263
7,212,446081319
7,213,446052527
7,214,446032429
7,215,446005622
7,216,445995186
7,217,445981049
7,218,445966526
7,219,445952466
7,220,445939786
7,221,445926135
7,222,445912238
7,223,445899063
7,224,451821679
7,225,451746623
7,226,451718869
7,227,451692804
7,228,451674787
7,229,451657647
7,230,451633401
7,231,451617092
7,232,451600044
7,233,451575909
7,234,451552342
7,235,451528822
7,236,451503810
7,237,451466351
7,238,451441836
7,239,451406744
7,240,451385041
7,241,451364103
7,242,451349756
7,243,451336348
7,244,451316189
7,245,451296031
7,246,451282479
7,247,451263989
7,248,451243811
7,249,451224827
7,250,451211041
7,251,451198122
7,252,451184639
7,253,451169934
7,254,451156016
7,255,451142426
7,256,437779664
7,257,437706712
7,258,437688375
7,259,437658198
7,260,437639758
7,261,437622049
7,262,437598467
7,263,437581124
7,264,437564863
7,265,437549248
7,266,437532864
7,267,437516634
7,268,437500098
7,269,437483065
7,270,437458691
7,271,437425671
7,272,437407568
7,273,437388913
7,274,437371514
7,275,437344309
7,276,437330347
7,277,437317456
7,278,437304403
7,279,437267942
7,280,437253831
7,281,437239059
7,282,437224966
7,283,437204480
7,284,437185809
7,285,437175685
7,286,437161086
7,287,437147117
7,288,452897663
7,289,452833380
7,290,452814023
7,291,452796723
7,292,452779159
7,293,452754448
7,294,452736664
7,295,452712898
7,296,452690844
7,297,452673742
7,298,452657179
7,299,452634503
7,300,452619197
7,301,452592623
7,302,452569037
7,303,452546100
7,304,452522718
7,305,452491007
7,306,452455251
7,307,452434477
7,308,452416012
7,309,452398011
7,310,452379385
7,311,452365308
7,312,452352688
7,313,452333355
7,314,452315208
7,315,452301990
7,316,452283141
7,317,452264042
7,318,452246358
7,319,452221768
7,320,454422238
7,321,454356435
7,322,454336701
7,323,454319192
7,324,454302969
7,325,454277568
7,326,454259983
7,327,454242664
7,328,454225635
7,329,454209238
7,330,454192833
7,331,454169817
7,332,454153067
7,333,454136973
7,334,454121056
7,335,454105268
7,336,454079744
7,337,454039823
7,338,454025263
7,339,454004820
7,340,453986515
7,341,453972530
7,342,453958607
7,343,453944368
7,344,453931851
7,345,453918100
7,346,453905621
7,347,453893390
7,348,453879670
7,349,453866212
7,350,453853079
7,351,453838911
7,352,434210946
7,353,434131638
7,354,434119024
7,355,434099675
7,356,434080381
7,357,434063679
7,358,434046251
7,359,434028994
7,360,434011514
7,361,433994556
7,362,433970089
7,363,433952079
7,364,433929124
7,365,433888883
7,366,433871558
7,367,433855198
7,368,433831704
7,369,433815851
7,370,433779782
7,371,433759169
7,372,433739296
7,373,433720779
7,374,433701279
7,375,433682784
7,376,433664786
7,377,433646934
7,378,433628845
7,379,433610038
7,380,433596723
7,381,433583670
7,382,433564571
7,383,433545364
7,384,453973090
7,385,453875077
7,386,453849990
7,387,453827399
7,388,453811424
7,389,453795097
7,390,453779415
7,391,453761724
7,392,453744556
7,393,453727901
7,394,453705247
7,395,453687449
7,396,453671328
7,397,453654738
7,398,453638736
7,399,453622841
7,400,453592785
7,401,453575246
7,402,453559033
7,403,453530740
7,404,453516440
7,405,453503173
7,406,453490470
7,407,453477648
7,408,453458144
7,409,453439697
7,410,453426457
7,411,453412708
7,412,453399648
7,413,453386814
7,414,453372957
7,415,453360393
7,416,434262082
7,417,434174025
7,418,434154527
7,419,434136730
7,420,434119270
7,421,434094474
7,422,434070607
7,423,434058367
7,424,434041028
7,425,434023763
7,426,434007619
7,427,433991134
7,428,433974830
7,429,433957732
7,430,433940813
7,431,433917551
7,432,433899284
7,433,433875017
7,434,433851637
7,435,433827420
7,436,433811535
7,437,433788194
7,438,433772669
7,439,433756453
7,440,433733869
7,441,433711503
7,442,433689923
7,443,433667113
7,444,433644868
7,445,433622533
7,446,433591469
7,447,433569041
7,448,446922073
7,449,446851624
7,450,446833940
7,451,446809315
7,452,446784985
7,453,446768176
7,454,446744651
7,455,446721295
7,456,446698217
7,457,446682004
7,458,446665777
7,459,446649568
7,460,446632124
7,461,446615971
7,462,446600594
7,463,446576756
7,464,446551717
7,465,446523130
7,466,446493941
7,467,446478780
7,468,446465909
7,469,446448318
7,470,446434655
7,471,446422476
7,472,446410192
7,473,446397606
7,474,446384843
7,475,446372438
7,476,446359577
7,477,446339310
7,478,446320694
7,479,446307055
7,480,434664922
7,481,434594092
7,482,434576184
7,483,434557118
7,484,434540975
7,485,434524446
7,486,434507225
7,487,434490803
7,488,434474352
7,489,434456577
7,490,434432244
7,491,434408696
7,492,434396089
7,493,434379077
7,494,434361832
7,495,434345302
7,496,434328899
7,497,434312459
7,498,434295958
7,499,434279754
7,500,434256880
7,501,434213423
7,502,434193707
7,503,434173960
7,504,434160930
7,505,434148083
7,506,434129904
7,507,434117614
7,508,434104620
7,509,434086484
7,510,434068210
7,511,434049691
7,512,447185749
7,513,447109488
7,514,447086091
7,515,447048786
7,516,447024323
7,517,447000611
7,518,446983691
7,519,446967335
7,520,446944671
7,521,446921586
7,522,446905117
7,523,446882743
7,524,446860620
7,525,446838491
7,526,446822424
7,527,446806951
7,528,446791343
7,529,446767500
7,530,446739025
7,531,446725214
7,532,446705488
7,533,446691704
7,534,446678083
7,535,446664569
7,536,446651315
7,537,446638675
7,538,446621359
7,539,446607999
7,540,446596165
7,541,446583412
7,542,446570477
7,543,446557638
7,544,447629332
7,545,447560919
7,546,447535459
7,547,447511816
7,548,447494374
7,549,447476895
7,550,447460383
7,551,447444165
7,552,447426314
7,553,447410465
7,554,447394198
7,555,447376153
7,556,447359746
7,557,447343090
7,558,447325734
7,559,447302205
7,560,447279833
7,561,447267952
7,562,447249991
7,563,447233009
7,564,447217260
7,565,447200677
7,566,447177427
7,567,447160191
7,568,447143296
7,569,447119566
7,570,447091796
7,571,447067401
7,572,447044696
7,573,447028445
7,574,447012617
7,575,446989228
7,576,460958912
7,577,460888135
7,578,460861053
7,579,460837134
7,580,460812755
7,581,460788436
7,582,460765872
7,583,460743124
7,584,460720603
7,585,460682805
7,586,460659090
7,587,460641933
7,588,460625073
7,589,460601874
7,590,460578730
7,591,460562218
7,592,460526817
7,593,460508097
7,594,460481698
7,595,460468288
7,596,460454710
7,597,460440852
7,598,460426397
7,599,460412191
7,600,460398945
7,601,460379845
7,602,460365871
7,603,460352711
7,604,460339395
7,605,460325026
7,606,460312259
7,607,460295061
7,608,431848977
7,609,431778169
7,610,431761461
7,611,431744278
7,612,431728143
7,613,431711496
7,614,431694804
7,615,431669459
7,616,431647366
7,617,431630621
7,618,431613953
7,619,431596854
7,620,431565533
7,621,431547078
7,622,431531089
7,623,431514690
7,624,431496620
7,625,431480338
7,626,431463656
7,627,431446891
7,628,431410947
7,629,431390513
7,630,431373332
7,631,431357614
7,632,431342914
7,633,431329428
7,634,431316175
7,635,431303123
7,636,431290183
7,637,431277320
7,638,431258768
7,639,431244868
7,640,442857240
7,641,442770899
7,642,442753898
7,643,442737038
7,644,442713985
7,645,442697173
7,646,442680309
7,647,442656753
7,648,442633319
7,649,442610177
7,650,442587059
7,651,442564690
7,652,442543004
7,653,442520870
7,654,442498473
7,655,442461303
7,656,442442140
7,657,442412919
7,658,442391552
7,659,442364842
7,660,442350576
7,661,442331661
7,662,442312019
7,663,442293320
7,664,442280121
7,665,442267318
7,666,442254511
7,667,442241324
7,668,442228372
7,669,442215609
7,670,442195960
7,671,442181487
7,672,240969354
7,673,240900090
7,674,240881959
7,675,240866286
7,676,240833295
7,677,240815926
7,678,240800233
7,679,240784137
7,680,240767892
7,681,240751894
7,682,240736421
7,683,240719086
7,684,240695120
7,685,240672247
7,686,240655565
7,687,240638280
7,688,240622009
7,689,240605943
8,0,458056721
8,1,458023189
8,2,458009398
8,3,457994444
8,4,457980204
8,5,457967524
8,6,457953730
8,7,457933669
8,8,457915176
8,9,457904544
8,10,457890280
8,11,457875552
8,12,457862239
8,13,457848765
8,14,457836123
8,15,457823022
8,16,457810335
8,17,457791062
8,18,457776095
8,19,457757600
8,20,457730287
8,21,457716623
8,22,457702643
8,23,457684095
8,24,457671970
8,25,457659507
8,26,457640723
8,27,457621360
8,28,457603281
8,29,457584652
8,30,457566590
8,31,457549333
8,32,474497972
8,33,474403273
8,34,474376851
8,35,474357693
8,36,474340689
8,37,474309506
8,38,474284151
8,39,474266186
8,40,474229779
8,41,474205246
8,42,474181094
8,43,474164145
8,44,474147843
8,45,474131522
8,46,474113384
8,47,474085016
8,48,474069887
8,49,474048877
8,50,474034645
8,51,474020644
8,52,474006726
8,53,473992944
8,54,473978838
8,55,473960409
8,56,473945991
8,57,473933496
8,58,473920154
8,59,473906845
8,60,473892828
8,61,473866729
8,62,473851970
8,63,473830127
8,64,467718288
8,65,467670202
8,66,467650678
8,67,467608784
8,68,467589362
8,69,467570111
8,70,467552318
8,71,467534591
8,72,467508958
8,73,467490195
8,74,467472755
8,75,467454356
8,76,467428259
8,77,467403584
8,78,467390230
8,79,467372028
8,80,467353497
8,81,467336439
8,82,467319591
8,83,467292292
8,84,467278849
8,85,467265276
8,86,467245339
8,87,467230957
8,88,467211546
8,89,467191949
8,90,467178008
8,91,467164423
8,92,467145522
8,93,467132406
8,94,467119262
8,95,467099470
8,96,476952382
8,97,476872754
8,98,476846387
8,99,476822191
8,100,476798479
8,101,476774449
8,102,476751321
8,103,476720072
8,104,476711430
8,105,476693821
8,106,476669414
8,107,476638102
8,108,476603202
8,109,476579372
8,110,476555857
8,111,476523012
8,112,476508816
8,113,476495867
8,114,476482723
8,115,476468349
8,116,476454147
8,117,476440730
8,118,476420707
8,119,476405976
8,120,476392476
8,121,476378694
8,122,476365214
8,123,476352288
8,124,476333973
8,125,476320062
8,126,476306558
8,127,476293939
8,128,449748504
8,129,449672536
8,130,449654483
8,131,449635821
8,132,449609330
8,133,449584764
8,134,449567175
8,135,449549496
8,136,449525573
8,137,449507945
8,138,449489466
8,139,449471115
8,140,449454391
8,141,449436806
8,142,449420129
8,143,449386900
8,144,449368281
8,145,449343235
8,146,449305843
8,147,449294667
8,148,449279860
8,149,449265519
8,150,449251488
8,151,449237915
8,152,449223951
8,153,449210732
8,154,449194825
8,155,449174322
8,156,449159779
8,157,449140696
8,158,449122204
8,159,449108326
8,160,470887744
8,161,470801567
8,162,470783433
8,163,470766144
8,164,470741400
8,165,470717329
8,166,470681595
8,167,470657496
8,168,470634016
8,169,470603847
8,170,470581153
8,171,470557500
8,172,470533784
8,173,470516322
8,174,470500073
8,175,470476668
8,176,470442236
8,177,470427805
8,178,470408944
8,179,470389594
8,180,470371505
8,181,470358415
8,182,470345645
8,183,470332391
8,184,470306581
8,185,470291165
8,186,470277652
8,187,470257705
8,188,470243012
8,189,470229846
8,190,470215873
8,191,470202384
8,192,449643410
8,193,449559572
8,194,449540838
8,195,449524175
8,196,449507646
8,197,449490357
8,198,449473827
8,199,449457295
8,200,449439048
8,201,449407009
8,202,449383519
8,203,449354601
8,204,449336640
8,205,449318974
8,206,449302627
8,207,449285432
8,208,449269262
8,209,449252347
8,210,449234507
8,211,449205156
8,212,449190038
8,213,449175286
8,214,449155623
8,215,449136872
8,216,449126616
8,217,449112200
8,218,449097877
8,219,449084357
8,220,449071262
8,221,449057750
8,222,449044107
8,223,449030333
8,224,474294255
8,225,474213309
8,226,474186806
8,227,474160572
8,228,474142166
8,229,474125169
8,230,474101373
8,231,474085054
8,232,474068337
8,233,474044235
8,234,474021085
8,235,473997073
8,236,473964592
8,237,473941039
8,238,473918114
8,239,473895196
8,240,473871800
8,241,473836602
8,242,473821953
8,243,473807991
8,244,473788705
8,245,473768832
8,246,473754826
8,247,473735890
8,248,473716581
8,249,473690248
8,250,473675712
8,251,473662077
8,252,473647676
8,253,473632661
8,254,473618019
8,255,473604729
8,256,458383618
8,257,458303646
8,258,458284981
8,259,458267661
8,260,458249314
8,261,458231353
8,262,458207356
8,263,458189825
8,264,458173401
8,265,458157601
8,266,458133278
8,267,458115912
8,268,458089407
8,269,458071610
8,270,458046172
8,271,458022668
8,272,458004954
8,273,457987314
8,274,457970002
8,275,457943259
8,276,457928035
8,277,457914031
8,278,457901542
8,279,457885864
8,280,457872642
8,281,457859398
8,282,457845444
8,283,457825701
8,284,457806984
8,285,457796924
8,286,457782480
8,287,457767498
8,288,472763232
8,289,472687968
8,290,472669078
8,291,472651878
8,292,472633938
8,293,472608124
8,294,472590367
8,295,472566737
8,296,472544011
8,297,472526824
8,298,472494975
8,299,472470397
8,300,472453571
8,301,472428156
8,302,472403811
8,303,472379420
8,304,472355715
8,305,472321465
8,306,472302727
8,307,472283949
8,308,472265542
8,309,472246728
8,310,472227490
8,311,472212669
8,312,472199198
8,313,472179496
8,314,472160935
8,315,472146770
8,316,472128543
8,317,472109989
8,318,472092016
8,319,472078832
8,320,478267437
8,321,478193492
8,322,478164004
8,323,478146864
8,324,478130179
8,325,478104403
8,326,478085912
8,327,478068876
8,328,478050768
8,329,478032855
8,330,478009700
8,331,477985685
8,332,477968752
8,333,477952056
8,334,477935486
8,335,477919142
8,336,477902227
8,337,477886454
8,338,477869155
8,339,477845157
8,340,477795788
8,341,477779809
8,342,477765461
8,343,477750926
8,344,477737814
8,345,477723585
8,346,477710258
8,347,477697425
8,348,477683306
8,349,477670039
8,350,477656917
8,351,477642956
8,352,462216548
8,353,462129093
8,354,462115545
8,355,462096378
8,356,462076199
8,357,462058876
8,358,462024620
8,359,462006548
8,360,461988453
8,361,461971655
8,362,461947132
8,363,461928290
8,364,461905002
8,365,461875266
8,366,461858234
8,367,461841850
8,368,461818049
8,369,461790184
8,370,461776827
8,371,461757339
8,372,461738562
8,373,461718899
8,374,461699025
8,375,461680337
8,376,461661438
8,377,461642598
8,378,461624432
8,379,461604123
8,380,461590375
8,381,461576631
8,382,461557186
8,383,461538076
8,384,495659161
8,385,495575364
8,386,495549640
8,387,495525259
8,388,495507411
8,389,495490469
8,390,495474246
8,391,495455206
8,392,495436447
8,393,495419428
8,394,495388374
8,395,495369202
8,396,495352122
8,397,495333446
8,398,495316750
8,399,495300141
8,400,495276607
8,401,495259824
8,402,495233179
8,403,495219986
8,404,495206546
8,405,495193098
8,406,495179779
8,407,495165029
8,408,495144259
8,409,495117224
8,410,495102853
8,411,495088034
8,412,495070604
8,413,495051410
8,414,495035747
8,415,495021484
8,416,448836845
8,417,448760647
8,418,448741180
8,419,448723526
8,420,448705744
8,421,448679186
8,422,448655391
8,423,448641452
8,424,448623438
8,425,448589216
8,426,448571283
8,427,448553754
8,428,448536702
8,429,448519775
8,430,448502063
8,431,448470971
8,432,448452431
8,433,448428147
8,434,448396028
8,435,448381997
8,436,448368958
8,437,448350199
8,438,448337392
8,439,448334920
8,440,448315809
8,441,448296904
8,442,448278079
8,443,448258993
8,444,448240439
8,445,448222055
8,446,448202975
8,447,448184309
8,448,467651222
8,449,467575976
8,450,467557860
8,451,467531779
8,452,467507223
8,453,467490376
8,454,467466982
8,455,467442917
8,456,467420396
8,457,467403711
8,458,467387213
8,459,467363058
8,460,467344445
8,461,467325586
8,462,467308441
8,463,467269575
8,464,467251563
8,465,467223737
8,466,467209338
8,467,467195614
8,468,467181821
8,469,467163595
8,470,467150296
8,471,467137098
8,472,467123723
8,473,467110626
8,474,467097784
8,475,467085045
8,476,467070997
8,477,467051145
8,478,467031852
8,479,467017712
8,480,444447507
8,481,444376778
8,482,444358382
8,483,444338458
8,484,444319817
8,485,444303036
8,486,444285501
8,487,444267947
8,488,444251425
8,489,444233436
8,490,444207364
8,491,444182633
8,492,444169876
8,493,444142248
8,494,444123663
8,495,444105632
8,496,444081558
8,497,444063511
8,498,444046037
8,499,444016632
8,500,443993327
8,501,443979087
8,502,443959574
8,503,443940024
8,504,443925982
8,505,443912857
8,506,443894592
8,507,443881370
8,508,443867901
8,509,443848862
8,510,443828318
8,511,443808493
8,512,461285521
8,513,461204022
8,514,461179156
8,515,461155424
8,516,461131546
8,517,461107751
8,518,461090184
8,519,461058996
8,520,461033673
8,521,461009903
8,522,460992228
8,523,460969339
8,524,460939507
8,525,460916651
8,526,460899555
8,527,460883087
8,528,460854213
8,529,460837285
8,530,460822766
8,531,460808626
8,532,460788637
8,533,460774171
8,534,460761302
8,535,460747405
8,536,460733343
8,537,460717621
8,538,460698103
8,539,460684397
8,540,460671838
8,541,460659240
8,542,460645677
8,543,460633243
8,544,444202162
8,545,444133520
8,546,444107168
8,547,444082094
8,548,444064590
8,549,444047507
8,550,444029681
8,551,444013306
8,552,443994881
8,553,443977349
8,554,443961040
8,555,443942583
8,556,443925355
8,557,443908148
8,558,443890956
8,559,443867287
8,560,443838495
8,561,443814997
8,562,443798167
8,563,443783433
8,564,443769012
8,565,443755667
8,566,443741409
8,567,443728029
8,568,443714288
8,569,443684286
8,570,443669826
8,571,443649396
8,572,443629888
8,573,443616200
8,574,443603048
8,575,443583958
8,576,464695469
8,577,464627000
8,578,464600875
8,579,464577368
8,580,464553920
8,581,464530899
8,582,464508741
8,583,464485588
8,584,464463697
8,585,464441589
8,586,464408329
8,587,464389586
8,588,464373352
8,589,464350130
8,590,464320066
8,591,464303542
8,592,464268592
8,593,464250435
8,594,464232065
8,595,464219052
8,596,464206431
8,597,464193984
8,598,464181394
8,599,464167747
8,600,464155326
8,601,464136748
8,602,464122821
8,603,464108955
8,604,464103008
8,605,464090043
8,606,464076878
8,607,464046948
8,608,448092334
8,609,448020490
8,610,448003077
8,611,447986081
8,612,447968787
8,613,447951825
8,614,447934179
8,615,447907774
8,616,447884557
8,617,447866939
8,618,447849941
8,619,447832259
8,620,447815821
8,621,447797717
8,622,447781553
8,623,447765369
8,624,447747761
8,625,447723879
8,626,447706375
8,627,447688578
8,628,447663330
8,629,447640137
8,630,447627032
8,631,447609396
8,632,447591339
8,633,447566311
8,634,447549152
8,635,447531455
8,636,447514125
8,637,447497441
8,638,447474065
8,639,447456434
8,640,467202769
8,641,467133328
8,642,467115287
8,643,467098605
8,644,467073507
8,645,467056666
8,646,467040013
8,647,467016070
8,648,466992748
8,649,466969308
8,650,466945639
8,651,466922568
8,652,466899362
8,653,466876994
8,654,466854499
8,655,466824359
8,656,466806551
8,657,466768037
8,658,466747567
8,659,466727226
8,660,466712943
8,661,466694785
8,662,466674825
8,663,466655973
8,664,466642384
8,665,466629343
8,666,466616088
8,667,466602216
8,668,466588052
8,669,466574613
8,670,466554667
8,671,466540882
8,672,258150146
8,673,258079548
8,674,258059976
8,675,258042811
8,676,258018196
8,677,258001322
8,678,257984651
8,679,257955398
8,680,257938087
8,681,257921614
8,682,257904758
8,683,257886624
8,684,257861041
8,685,257837604
8,686,257820063
8,687,257802737
8,688,257785610
8,689,257762931
9,0,454293895
9,1,454258898
9,2,454245233
9,3,454230325
9,4,454216520
9,5,454203517
9,6,454190053
9,7,454169082
9,8,454149145
9,9,454138728
9,10,454124247
9,11,454109564
9,12,454095284
9,13,454082102
9,14,454069084
9,15,454046786
9,16,454032661
9,17,454011768
9,18,453997898
9,19,453979233
9,20,453960444
9,21,453947301
9,22,453935018
9,23,453916669
9,24,453904684
9,25,453892081
9,26,453872950
9,27,453854457
9,28,453834811
9,29,453808883
9,30,453790490
9,31,453772183
9,32,484770695
9,33,484670899
9,34,484636661
9,35,484611213
9,36,484587258
9,37,484556846
9,38,484522178
9,39,484500439
9,40,484452469
9,41,484410802
9,42,484386328
9,43,484368019
9,44,484348791
9,45,484329685
9,46,484310277
9,47,484289236
9,48,484270437
9,49,484244048
9,50,484220117
9,51,484202016
9,52,484183999
9,53,484164769
9,54,484146667
9,55,484122632
9,56,484103543
9,57,484086385
9,58,484068490
9,59,484050452
9,60,484017948
9,61,483998918
9,62,483980356
9,63,483952141
9,64,464315573
9,65,464242524
9,66,464222727
9,67,464195681
9,68,464177982
9,69,464158974
9,70,464141231
9,71,464123801
9,72,464105267
9,73,464087555
9,74,464070569
9,75,464052576
9,76,464027226
9,77,464003833
9,78,463991172
9,79,463973162
9,80,463954771
9,81,463937215
9,82,463920492
9,83,463904195
9,84,463874585
9,85,463860635
9,86,463841195
9,87,463809330
9,88,463788109
9,89,463767722
9,90,463051766
9,91,462968928
9,92,462915769
9,93,462889335
9,94,462869090
9,95,462845786
9,96,490940344
9,97,490857070
9,98,490831503
9,99,490808982
9,100,490771048
9,101,490747627
9,102,490723528
9,103,490699891
9,104,490682073
9,105,490665299
9,106,490641843
9,107,490617755
9,108,490600028
9,109,490577544
9,110,490554757
9,111,490531998
9,112,490514560
9,113,490498188
9,114,490481321
9,115,490464327
9,116,490447689
9,117,490431086
9,118,490407815
9,119,490383262
9,120,490365752
9,121,490348258
9,122,490330549
9,123,490313801
9,124,490291193
9,125,490274294
9,126,490257958
9,127,490242181
9,128,449676303
9,129,449604928
9,130,449586154
9,131,449567502
9,132,449540900
9,133,449517127
9,134,449485133
9,135,449466449
9,136,449448638
9,137,449431382
9,138,449413361
9,139,449396040
9,140,449379730
9,141,449362674
9,142,449345976
9,143,449329629
9,144,449312758
9,145,449288912
9,146,449265986
9,147,449240965
9,148,449224990
9,149,449209911
9,150,449196113
9,151,449182609
9,152,449168671
9,153,449155798
9,154,449142214
9,155,449122551
9,156,449101176
9,157,449080485
9,158,449060729
9,159,449046520
9,160,462156124
9,161,462071964
9,162,462043581
9,163,462026179
9,164,462000544
9,165,461976959
9,166,461953847
9,167,461929455
9,168,461906528
9,169,461883590
9,170,461861503
9,171,461837623
9,172,461814113
9,173,461796290
9,174,461779958
9,175,461756591
9,176,461733459
9,177,461716372
9,178,461683025
9,179,461650996
9,180,461631824
9,181,461617848
9,182,461605372
9,183,461591928
9,184,461569682
9,185,461555412
9,186,461541606
9,187,461521295
9,188,461507210
9,189,461493659
9,190,461479312
9,191,461465252
9,192,442874333
9,193,442791835
9,194,442772593
9,195,442755093
9,196,442738816
9,197,442722305
9,198,442704895
9,199,442687738
9,200,442669670
9,201,442644490
9,202,442621012
9,203,442602954
9,204,442571735
9,205,442553419
9,206,442536246
9,207,442518271
9,208,442500775
9,209,442472013
9,210,442456700
9,211,442442977
9,212,442429360
9,213,442415432
9,214,442395124
9,215,442375987
9,216,442365820
9,217,442351043
9,218,442336586
9,219,442322761
9,220,442309116
9,221,442289520
9,222,442275328
9,223,442260805
9,224,457379747
9,225,457293058
9,226,457267088
9,227,457241880
9,228,457224154
9,229,457207779
9,230,457184755
9,231,457168889
9,232,457152864
9,233,457129375
9,234,457104108
9,235,457076268
9,236,457050026
9,237,457027107
9,238,457015894
9,239,456976865
9,240,456941352
9,241,456921978
9,242,456907556
9,243,456894081
9,244,456874509
9,245,456855000
9,246,456840965
9,247,456822877
9,248,456804105
9,249,456778603
9,250,456764262
9,251,456750622
9,252,456736965
9,253,456722690
9,254,456708976
9,255,456695450
9,256,440868652
9,257,440801932
9,258,440783618
9,259,440766255
9,260,440748183
9,261,440730954
9,262,440707463
9,263,440690987
9,264,440674635
9,265,440658963
9,266,440641994
9,267,440624988
9,268,440608945
9,269,440591704
9,270,440567743
9,271,440543923
9,272,440514602
9,273,440500370
9,274,440486524
9,275,440473486
9,276,440459564
9,277,440445832
9,278,440431937
9,279,440417763
9,280,440404256
9,281,440391318
9,282,440377099
9,283,440357473
9,284,440337925
9,285,440327406
9,286,440306248
9,287,440282881
9,288,461290487
9,289,461199393
9,290,461178960
9,291,461161566
9,292,461144493
9,293,461118758
9,294,461101207
9,295,461078593
9,296,461056239
9,297,461039157
9,298,461023123
9,299,460998969
9,300,460982777
9,301,460954885
9,302,460934807
9,303,460915886
9,304,460896807
9,305,460878064
9,306,460859456
9,307,460840336
9,308,460822432
9,309,460805016
9,310,460784972
9,311,460765802
9,312,460746876
9,313,460721438
9,314,460699814
9,315,460678111
9,316,460658557
9,317,460639028
9,318,460609107
9,319,460594805
9,320,465775148
9,321,465701443
9,322,465682395
9,323,465664968
9,324,465648129
9,325,465622666
9,326,465605128
9,327,465588316
9,328,465569841
9,329,465552643
9,330,465536487
9,331,465513758
9,332,465496669
9,333,465480381
9,334,465464562
9,335,465448589
9,336,465432540
9,337,465406004
9,338,465389001
9,339,465363841
9,340,465329556
9,341,465315481
9,342,465301732
9,343,465287432
9,344,465273896
9,345,465260178
9,346,465247003
9,347,465233704
9,348,465220416
9,349,465206639
9,350,465193753
9,351,465171782
9,352,450779316
9,353,450700864
9,354,450687455
9,355,450668880
9,356,450649004
9,357,450631101
9,358,450613582
9,359,450596766
9,360,450579463
9,361,450562208
9,362,450538732
9,363,450521427
9,364,450498821
9,365,450476485
9,366,450459835
9,367,450443975
9,368,450421438
9,369,450405903
9,370,450389413
9,371,450366909
9,372,450331488
9,373,450312821
9,374,450293685
9,375,450274985
9,376,450257499
9,377,450239135
9,378,450212174
9,379,450192313
9,380,450178549
9,381,450158209
9,382,450138343
9,383,450118984
9,384,470754713
9,385,470685706
9,386,470660963
9,387,470637525
9,388,470606140
9,389,470589003
9,390,470572303
9,391,470554546
9,392,470537051
9,393,470519995
9,394,470496053
9,395,470478614
9,396,470461923
9,397,470444470
9,398,470428436
9,399,470412453
9,400,470389515
9,401,470373771
9,402,470358572
9,403,470343188
9,404,470301568
9,405,470287556
9,406,470274584
9,407,470260073
9,408,470239825
9,409,470221250
9,410,470207210
9,411,470193827
9,412,470180136
9,413,470166373
9,414,470152427
9,415,470131675
9,416,450427734
9,417,450345902
9,418,450326008
9,419,450309177
9,420,450292090
9,421,450266426
9,422,450242042
9,423,450222643
9,424,450204931
9,425,450186447
9,426,450168957
9,427,450152178
9,428,450135748
9,429,450118571
9,430,450101914
9,431,449999631
9,432,449962251
9,433,449940910
9,434,449920618
9,435,449905766
9,436,449892285
9,437,449873090
9,438,449860659
9,439,449847171
9,440,449827762
9,441,449809003
9,442,449788749
9,443,449768815
9,444,449749412
9,445,449730957
9,446,449705079
9,447,449685416
9,448,462491812
9,449,462419409
9,450,462401351
9,451,462375416
9,452,462350351
9,453,462333065
9,454,462309769
9,455,462286482
9,456,462262300
9,457,462246054
9,458,462229336
9,459,462212553
9,460,462195206
9,461,462178333
9,462,462172907
9,463,462149523
9,464,462131846
9,465,462115556
9,466,462098685
9,467,462069895
9,468,462055485
9,469,462035431
9,470,462022516
9,471,462001777
9,472,461988679
9,473,461975558
9,474,461962113
9,475,461949065
9,476,461935856
9,477,461916167
9,478,461897438
9,479,461877170
9,480,466575556
9,481,466510695
9,482,466492014
9,483,466473715
9,484,466455711
9,485,466439613
9,486,466421909
9,487,466404730
9,488,466387906
9,489,466370609
9,490,466345041
9,491,466322258
9,492,466309389
9,493,466291897
9,494,466274584
9,495,466257476
9,496,466239703
9,497,466205123
9,498,466187849
9,499,466170188
9,500,466133419
9,501,466119188
9,502,466099402
9,503,466080697
9,504,466067166
9,505,466054347
9,506,466035417
9,507,466023204
9,508,466010267
9,509,465992448
9,510,465972953
9,511,465954112
9,512,488079236
9,513,487988406
9,514,487962629
9,515,487939150
9,516,487915397
9,517,487892266
9,518,487874522
9,519,487858216
9,520,487835116
9,521,487811098
9,522,487794426
9,523,487771406
9,524,487748756
9,525,487727206
9,526,487698710
9,527,487682470
9,528,487653568
9,529,487638477
9,530,487624251
9,531,487610842
9,532,487591032
9,533,487577137
9,534,487563782
9,535,487549633
9,536,487535955
9,537,487522806
9,538,487504802
9,539,487491404
9,540,487478986
9,541,487466917
9,542,487454430
9,543,487441990
9,544,456701657
9,545,456628682
9,546,456600841
9,547,456576273
9,548,456558604
9,549,456542035
9,550,456523859
9,551,456507555
9,552,456489813
9,553,456472840
9,554,456455851
9,555,456428479
9,556,456410772
9,557,456393133
9,558,456376483
9,559,456353009
9,560,456329559
9,561,456311332
9,562,456287974
9,563,456247710
9,564,456227113
9,565,456208311
9,566,456189286
9,567,456175265
9,568,456160700
9,569,456139766
9,570,456125570
9,571,456105861
9,572,456086959
9,573,456073634
9,574,456048259
9,575,456029057
9,576,473506210
9,577,473438563
9,578,473411284
9,579,473386829
9,580,473362779
9,581,473338923
9,582,473317039
9,583,473293760
9,584,473271220
9,585,473249128
9,586,473225719
9,587,473208004
9,588,473191706
9,589,473167826
9,590,473145201
9,591,473128786
9,592,473098763
9,593,473062737
9,594,473042828
9,595,473029230
9,596,473016394
9,597,473003016
9,598,472977616
9,599,472962678
9,600,472949527
9,601,472929067
9,602,472914568
9,603,472901618
9,604,472899123
9,605,472885696
9,606,472871328
9,607,472853178
9,608,456107558
9,609,456038236
9,610,456021214
9,611,456003982
9,612,455987014
9,613,455969635
9,614,455951947
9,615,455926146
9,616,455902249
9,617,455885305
9,618,455868557
9,619,455851232
9,620,455834821
9,621,455816537
9,622,455800144
9,623,455783483
9,624,455766213
9,625,455736375
9,626,455719609
9,627,455702951
9,628,455659628
9,629,455638672
9,630,455628400
9,631,455613606
9,632,455598798
9,633,455584153
9,634,455570634
9,635,455557274
9,636,455543665
9,637,455530516
9,638,455510037
9,639,455496337
9,640,462243739
9,641,462179183
9,642,462159586
9,643,462142346
9,644,462118636
9,645,462102521
9,646,462085573
9,647,462061645
9,648,462023484
9,649,461998739
9,650,461975300
9,651,461952721
9,652,461930088
9,653,461908201
9,654,461885297
9,655,461862017
9,656,461844679
9,657,461817372
9,658,461797996
9,659,461771933
9,660,461757942
9,661,461739392
9,662,461719262
9,663,461701382
9,664,461688231
9,665,461675764
9,666,461662422
9,667,461648651
9,668,461633972
9,669,461621416
9,670,461602107
9,671,461587036
9,672,248555935
9,673,248496954
9,674,248477705
9,675,248461276
9,676,248437727
9,677,248421019
9,678,248404730
9,679,248388724
9,680,248372015
9,681,248355509
9,682,248339515
9,683,248321344
9,684,248304238
9,685,248281543
9,686,248264492
9,687,248247327
9,688,248230223
9,689,248214040
