round,item,latency_ns
0,0,11454348
0,1,11393513
0,2,11373267
0,3,11317369
0,4,11412120
0,5,11298556
0,6,11264630
0,7,11245432
0,8,41122
0,9,11277681
0,10,11247128
0,11,11362550
0,12,11549885
0,13,11496530
0,14,11598528
0,15,11473589
0,16,11364651
0,17,11329012
0,18,11377094
0,19,11415778
0,20,11429187
0,21,11420495
0,22,11366782
0,23,11674509
0,24,11509852
0,25,11660092
0,26,11559569
0,27,11473195
0,28,11521982
0,29,11523254
0,30,11358461
0,31,11305969
0,32,11424185
0,33,11280929
0,34,11349887
0,35,11430039
0,36,11325499
0,37,11413292
0,38,11374366
0,39,11337206
0,40,12007287
0,41,11977977
0,42,11691581
0,43,11659150
0,44,11469053
0,45,11366909
0,46,11352582
0,47,11360616
0,48,11453738
0,49,11286906
0,50,11341874
0,51,11365291
0,52,11492485
0,53,11392244
0,54,11591307
0,55,11504683
0,56,11463294
0,57,11410988
0,58,11328355
0,59,11424524
0,60,11420152
0,61,11532214
0,62,11453518
0,63,11455395
0,64,11450260
0,65,11539112
0,66,11478983
0,67,11455282
0,68,11453495
0,69,11516298
0,70,11372077
0,71,11310561
0,72,11455808
0,73,11447569
0,74,11457757
0,75,11434476
0,76,11365963
0,77,48310
0,78,11278438
0,79,11416133
0,80,11315117
0,81,11360779
0,82,11386075
0,83,11437473
0,84,11453595
0,85,11429135
0,86,11405592
0,87,12620819
0,88,11519955
0,89,11283507
0,90,11255223
0,91,11318277
0,92,11460833
0,93,11312765
0,94,11363593
0,95,11392002
0,96,11427406
0,97,11461112
0,98,11267473
0,99,11252030
0,100,11494337
0,101,11419842
0,102,11562767
0,103,11320538
0,104,11347768
0,105,11406127
0,106,11298262
0,107,11358140
0,108,11303470
0,109,11239058
0,110,11246554
0,111,11368468
0,112,11312825
0,113,11344895
0,114,11546515
0,115,11465931
0,116,11576336
0,117,11789236
0,118,11670913
0,119,11566649
0,120,11478239
0,121,11471099
0,122,11314615
0,123,11428952
0,124,11354205
0,125,11288418
0,126,11336625
0,127,11230108
0,128,11253348
0,129,11616202
0,130,11326834
0,131,11380348
0,132,11870259
0,133,11436488
0,134,11444149
0,135,11377920
0,136,11328629
0,137,11356477
0,138,11189637
0,139,11163331
0,140,11128601
0,141,11119032
0,142,11115202
0,143,11151434
0,144,11193997
0,145,11123571
0,146,55094
0,147,11367793
0,148,11324856
0,149,11304035
0,150,11399486
0,151,11251480
0,152,11162840
0,153,11153111
0,154,11098595
0,155,11355206
0,156,11275548
0,157,11230003
0,158,11112075
0,159,11164356
0,160,11377278
0,161,11096276
0,162,11268739
0,163,11509007
0,164,11213022
0,165,11286088
0,166,11331401
0,167,11360972
0,168,11332018
0,169,11316561
0,170,11336626
0,171,11400107
0,172,11306222
0,173,11368630
0,174,11294382
0,175,11282727
0,176,11444016
0,177,11430865
0,178,11323729
0,179,11295635
0,180,11392045
0,181,11266417
0,182,11367333
0,183,11236433
0,184,11312808
0,185,11645611
0,186,11468394
0,187,11255398
0,188,11382093
0,189,11335315
0,190,11174145
0,191,11165507
0,192,11271447
0,193,11237517
0,194,12559829
0,195,12845657
0,196,12147547
0,197,12452971
0,198,12053947
0,199,12027040
0,200,12607129
0,201,12550750
0,202,12341586
0,203,11982420
0,204,11975237
0,205,11801889
0,206,11657625
0,207,11700139
0,208,11498079
0,209,11599524
0,210,11762601
0,211,12068296
0,212,11923451
0,213,12515053
0,214,12204197
0,215,69806
0,216,11920719
0,217,11896067
0,218,11965445
0,219,11714381
0,220,12255108
0,221,11946753
0,222,12266786
0,223,11916043
0,224,11922432
0,225,11737453
0,226,11919622
0,227,11635358
0,228,11660602
0,229,11739205
0,230,12928171
0,231,11803822
0,232,12008972
0,233,11877161
0,234,12005347
0,235,12324714
0,236,12130926
0,237,12060584
0,238,11815156
0,239,11717799
0,240,12126628
0,241,12179501
0,242,12050018
0,243,12199376
0,244,12301061
0,245,11900605
0,246,11955009
0,247,12585457
0,248,12373497
0,249,12186746
0,250,12227909
0,251,12232743
0,252,12509818
0,253,12955364
0,254,12658126
0,255,12574424
0,256,12453617
0,257,13066596
0,258,12822808
0,259,12997483
0,260,12653735
0,261,12562878
0,262,12340999
0,263,12556523
0,264,12684587
0,265,13600363
0,266,12696733
0,267,13117104
0,268,12812788
0,269,12511430
0,270,12315895
0,271,12190407
0,272,12421065
0,273,12556419
0,274,12476518
0,275,12306174
0,276,12686691
0,277,12424168
0,278,12269223
0,279,12115399
0,280,12609907
0,281,12232621
0,282,12834016
0,283,12985766
0,284,86689
0,285,12733912
0,286,12641289
0,287,12389153
0,288,12683981
0,289,12397444
0,290,12134434
0,291,12161207
0,292,12748325
0,293,12342442
0,294,12317012
0,295,12581609
0,296,12234055
0,297,12448734
0,298,12336045
0,299,12500646
0,300,12485955
0,301,12607239
0,302,12633970
0,303,12382495
0,304,12719561
0,305,12761398
0,306,12386052
0,307,12450671
0,308,12163606
0,309,12280325
0,310,12259885
0,311,12393301
0,312,12371293
0,313,12133624
0,314,11899630
0,315,12304895
0,316,12101062
0,317,11993078
0,318,12110476
0,319,11934633
0,320,12046072
0,321,12004752
0,322,11903105
0,323,12118673
0,324,12077652
0,325,12026456
0,326,12077213
0,327,11960770
0,328,11984134
0,329,12026248
0,330,11991046
0,331,12079173
0,332,12179975
0,333,11975770
0,334,12269736
0,335,12093812
0,336,11999464
0,337,12142816
0,338,11997058
0,339,11612204
0,340,11754773
0,341,11546177
0,342,11566798
0,343,11461857
0,344,11406694
0,345,11558607
0,346,11404213
0,347,11813464
0,348,12193673
0,349,12188654
0,350,12052124
0,351,11714258
0,352,11622065
0,353,84193
0,354,11741439
0,355,11939332
0,356,11688692
0,357,12326745
0,358,12096940
0,359,11866194
0,360,11959431
0,361,11773999
0,362,11730214
0,363,11567100
0,364,11747308
0,365,11660767
0,366,11675646
0,367,12140858
0,368,12163312
0,369,12323179
0,370,11862470
0,371,11793033
0,372,11601182
0,373,11557572
0,374,11540580
0,375,11769906
0,376,11651535
0,377,11451636
0,378,12051696
0,379,11555136
0,380,11736129
0,381,11752669
0,382,11873953
0,383,11919825
0,384,12187703
0,385,11788879
0,386,11788267
0,387,12079649
0,388,11822262
0,389,11812672
0,390,11861532
0,391,11525501
0,392,11618971
0,393,11823177
0,394,11734437
0,395,11770070
0,396,11842590
0,397,11945186
0,398,11629159
0,399,11805999
0,400,11634568
0,401,12196476
0,402,12873942
0,403,12230266
0,404,11972407
0,405,11902516
0,406,11709150
0,407,11716919
0,408,11740150
0,409,11706068
0,410,11644157
0,411,11673111
0,412,11562473
0,413,11754719
0,414,12071499
0,415,12532318
0,416,12425340
0,417,11979343
0,418,11956455
0,419,11918893
0,420,12004928
0,421,11793719
0,422,70856
0,423,11890396
0,424,12125176
0,425,11872061
0,426,12161327
0,427,12418369
0,428,12217158
0,429,12049840
0,430,13332423
0,431,11830187
0,432,11681096
0,433,11746708
0,434,11866750
0,435,11506617
0,436,11721002
0,437,11676177
0,438,11478289
0,439,11530204
0,440,11466795
0,441,11472612
0,442,11553925
0,443,11685979
0,444,11649918
0,445,11652602
0,446,11596399
0,447,11626547
0,448,11642473
0,449,11643069
0,450,11556386
0,451,11899230
0,452,11775966
0,453,12005837
0,454,11846249
0,455,11606449
0,456,11540244
0,457,11624207
0,458,11482298
0,459,11452072
0,460,11409681
0,461,11485607
0,462,11481687
0,463,11523981
0,464,11705702
0,465,11749249
0,466,11836543
0,467,11622610
0,468,11676656
0,469,11620151
0,470,11675347
0,471,11460286
0,472,11466173
0,473,11487012
0,474,11452505
0,475,11429321
0,476,11614982
0,477,11841161
0,478,11710343
0,479,11629910
0,480,11651896
0,481,11937533
0,482,11897388
0,483,11883617
0,484,12143102
0,485,12545041
0,486,12230182
0,487,11959827
0,488,12312658
0,489,12415937
0,490,12246711
0,491,87952
0,492,12327303
0,493,12568207
0,494,12273583
0,495,12081110
0,496,12050451
0,497,12444531
0,498,12287333
0,499,12450560
0,500,12447179
0,501,12670408
0,502,12571100
0,503,12201250
0,504,12082005
0,505,12209491
0,506,12417644
0,507,12445682
0,508,12692657
0,509,12168804
0,510,12060289
0,511,12308255
0,512,12391952
0,513,12298979
0,514,12169656
0,515,12460809
0,516,12033855
0,517,11884890
0,518,11873508
0,519,12169488
0,520,11932291
0,521,12034647
0,522,12273385
0,523,12094802
0,524,11963844
0,525,12074948
0,526,12094461
0,527,12142479
0,528,12257469
0,529,12272292
0,530,12046103
0,531,12033739
0,532,12196748
0,533,12074073
0,534,12191753
0,535,12488261
0,536,12394292
0,537,12255920
0,538,12072636
0,539,12051436
0,540,11861515
0,541,11912729
0,542,11730203
0,543,11745755
0,544,11609737
0,545,11552927
0,546,11509502
0,547,11922619
0,548,11593729
0,549,11553326
0,550,11513594
0,551,11465151
0,552,11634821
0,553,11720067
0,554,11565912
0,555,11433001
0,556,11483675
0,557,11410491
0,558,11793357
0,559,11447958
0,560,57660
0,561,11601799
0,562,11587594
0,563,11468737
0,564,11486114
0,565,11535749
0,566,11426541
0,567,11541096
0,568,11675506
0,569,11777827
0,570,11984428
0,571,11730246
0,572,11582476
0,573,11554284
0,574,11540464
0,575,11444405
0,576,11498425
0,577,11608268
0,578,11684954
0,579,11539193
0,580,11528248
0,581,11630603
0,582,11667202
0,583,11658125
0,584,11503561
0,585,11527590
0,586,11933887
0,587,11596422
0,588,11552644
0,589,11867361
0,590,11770596
0,591,11853870
0,592,11731434
0,593,11843756
0,594,11667042
0,595,11759889
0,596,11703836
0,597,11719208
0,598,11544500
0,599,11546002
0,600,11490138
0,601,11400387
0,602,11435885
0,603,11710777
0,604,11654729
0,605,12159665
0,606,11743102
0,607,11898998
0,608,11862033
0,609,11497838
0,610,11418355
0,611,11720718
0,612,11455978
0,613,11412206
0,614,11418867
0,615,11668297
0,616,11387146
0,617,11521721
0,618,11509651
0,619,11471882
0,620,11411220
0,621,11705304
0,622,11494353
0,623,11576142
0,624,11563634
0,625,11512641
0,626,11465009
0,627,11469598
0,628,11924904
0,629,67791
0,630,11677517
0,631,11771902
0,632,11864905
0,633,11671062
0,634,11653149
0,635,11594305
0,636,11566706
0,637,11646996
0,638,11607765
0,639,11787895
0,640,12253527
0,641,11669999
0,642,11745397
0,643,11426874
0,644,11521192
0,645,11655821
0,646,11439939
0,647,11524719
0,648,11535121
0,649,11558757
0,650,11484875
0,651,11447980
0,652,11355088
0,653,11370130
0,654,11420651
0,655,11411048
0,656,11734974
0,657,11391033
0,658,11464623
0,659,11523468
0,660,11528432
0,661,11443394
0,662,11602126
0,663,11515736
0,664,11608800
0,665,11347088
0,666,11573309
0,667,11484326
0,668,11451904
0,669,11958830
0,670,11580633
0,671,11567005
0,672,11501814
0,673,11734939
0,674,11452095
0,675,11820859
0,676,11723440
0,677,11959776
0,678,11966474
0,679,11945210
0,680,11897722
0,681,11842706
0,682,11802766
0,683,11856625
0,684,11803503
0,685,11906489
0,686,11882152
0,687,11883664
0,688,11779227
0,689,11687265
1,0,12224259
1,1,11829743
1,2,11683614
1,3,11694649
1,4,11671147
1,5,11642739
1,6,11845326
1,7,11556275
1,8,62720
1,9,11779906
1,10,11780914
1,11,11729858
1,12,11754647
1,13,11626124
1,14,11873897
1,15,12057267
1,16,11842195
1,17,11735245
1,18,11646759
1,19,11625691
1,20,11771616
1,21,12148565
1,22,11950295
1,23,11713159
1,24,11914301
1,25,11833491
1,26,11584484
1,27,11880856
1,28,11588199
1,29,11603091
1,30,11503884
1,31,11783663
1,32,11660210
1,33,11520330
1,34,11655556
1,35,12119057
1,36,11647686
1,37,11888998
1,38,11689288
1,39,11701573
1,40,11557005
1,41,11679649
1,42,11495643
1,43,11603584
1,44,11514634
1,45,11391818
1,46,11633802
1,47,11484056
1,48,11567006
1,49,11477948
1,50,11534225
1,51,11714023
1,52,11533849
1,53,11653907
1,54,11580598
1,55,11517654
1,56,11491464
1,57,11910518
1,58,11677921
1,59,11585294
1,60,11539764
1,61,11535341
1,62,11570516
1,63,11556505
1,64,11601902
1,65,11670056
1,66,11782147
1,67,11696179
1,68,11927872
1,69,13174234
1,70,12290936
1,71,12275035
1,72,11919240
1,73,12403836
1,74,12365997
1,75,12433262
1,76,12265078
1,77,71631
1,78,12176209
1,79,12279113
1,80,11991023
1,81,11981393
1,82,11928565
1,83,12014937
1,84,11843105
1,85,13526537
1,86,12126413
1,87,12092243
1,88,12225796
1,89,12255999
1,90,12221833
1,91,12106933
1,92,11985996
1,93,11953293
1,94,11930989
1,95,11905780
1,96,11856454
1,97,11777662
1,98,11921636
1,99,11864288
1,100,12108441
1,101,12176780
1,102,12027425
1,103,12094020
1,104,12615309
1,105,12219983
1,106,12626880
1,107,12917112
1,108,13259897
1,109,12729859
1,110,12188088
1,111,12631549
1,112,12435205
1,113,12411680
1,114,11920073
1,115,12298860
1,116,11929219
1,117,12336396
1,118,12034968
1,119,12076343
1,120,11984174
1,121,12449354
1,122,12398293
1,123,13332330
1,124,11934778
1,125,11791609
1,126,11811571
1,127,11917873
1,128,12056920
1,129,11945174
1,130,11911351
1,131,12454963
1,132,11972339
1,133,12152093
1,134,12153452
1,135,12042950
1,136,12112609
1,137,12154598
1,138,11835611
1,139,11779026
1,140,11773241
1,141,11884086
1,142,11905267
1,143,11741088
1,144,11946505
1,145,11785816
1,146,70091
1,147,11927979
1,148,12035093
1,149,11864365
1,150,11758791
1,151,11798987
1,152,11658523
1,153,12143532
1,154,12027522
1,155,11889890
1,156,11913901
1,157,11867511
1,158,11922289
1,159,11894233
1,160,11904171
1,161,11899465
1,162,12028655
1,163,12582794
1,164,11982344
1,165,12222663
1,166,11750167
1,167,11839976
1,168,11917829
1,169,11900919
1,170,11726723
1,171,11978549
1,172,11675870
1,173,12117274
1,174,11660428
1,175,11536425
1,176,11579129
1,177,11585769
1,178,11415567
1,179,11733342
1,180,11494447
1,181,11532596
1,182,11468058
1,183,11514966
1,184,11621516
1,185,11728503
1,186,11434401
1,187,11554478
1,188,11575486
1,189,11494153
1,190,11854226
1,191,11870232
1,192,11676160
1,193,11666297
1,194,11544894
1,195,11502267
1,196,11437748
1,197,11867040
1,198,11478591
1,199,11570998
1,200,11473082
1,201,11636066
1,202,11582667
1,203,11478456
1,204,11807266
1,205,11633095
1,206,11518673
1,207,11930449
1,208,11707656
1,209,11522836
1,210,11987110
1,211,11583876
1,212,11507945
1,213,11464164
1,214,11619468
1,215,60800
1,216,11437146
1,217,11519040
1,218,11601890
1,219,11589430
1,220,11677532
1,221,11504863
1,222,11510956
1,223,11501837
1,224,11525727
1,225,11487281
1,226,11525940
1,227,11602884
1,228,11670732
1,229,11966768
1,230,11633042
1,231,11668248
1,232,11441159
1,233,11553702
1,234,11490795
1,235,11461734
1,236,11464016
1,237,11487904
1,238,11737798
1,239,12461774
1,240,12499563
1,241,12390832
1,242,12114572
1,243,12870426
1,244,12478988
1,245,11915004
1,246,11868583
1,247,11766540
1,248,11691708
1,249,11711946
1,250,11919572
1,251,11650168
1,252,11570497
1,253,11555136
1,254,11453296
1,255,11707653
1,256,11623972
1,257,11538015
1,258,11631288
1,259,11499691
1,260,11681396
1,261,11605867
1,262,11519961
1,263,11681149
1,264,11671141
1,265,11587363
1,266,11645352
1,267,11451785
1,268,11515935
1,269,11523228
1,270,11498619
1,271,11734622
1,272,11978887
1,273,11550704
1,274,11508948
1,275,11579455
1,276,11550041
1,277,11949938
1,278,11724944
1,279,11759798
1,280,11655505
1,281,11518987
1,282,11526271
1,283,11538946
1,284,51815
1,285,11687458
1,286,11455093
1,287,11454723
1,288,11650717
1,289,11831913
1,290,11865193
1,291,11745646
1,292,11743214
1,293,11750207
1,294,11787257
1,295,11921194
1,296,11919841
1,297,11985623
1,298,11970878
1,299,11892908
1,300,11994739
1,301,11829502
1,302,11713785
1,303,11682992
1,304,11803311
1,305,11720636
1,306,11777270
1,307,11941953
1,308,11711811
1,309,11825904
1,310,11941604
1,311,11775696
1,312,11650878
1,313,11712884
1,314,11835955
1,315,11809978
1,316,11673843
1,317,11698755
1,318,11726999
1,319,11575906
1,320,11635722
1,321,11694220
1,322,11729283
1,323,11721417
1,324,11863839
1,325,11783460
1,326,11794986
1,327,11669699
1,328,11676748
1,329,11534598
1,330,11339426
1,331,11412128
1,332,11340726
1,333,11415273
1,334,11880952
1,335,11914490
1,336,11854922
1,337,11885992
1,338,11706753
1,339,11505686
1,340,11315469
1,341,11284293
1,342,11491080
1,343,11451996
1,344,11299981
1,345,11380863
1,346,11629890
1,347,11621065
1,348,11619821
1,349,11548172
1,350,11321657
1,351,11388288
1,352,11259856
1,353,42898
1,354,11234326
1,355,11235580
1,356,11230132
1,357,11349076
1,358,11335348
1,359,11363562
1,360,11578776
1,361,11397265
1,362,11233172
1,363,11294790
1,364,11299545
1,365,11654862
1,366,11417469
1,367,11388969
1,368,11352869
1,369,11173363
1,370,11356336
1,371,11458275
1,372,11252454
1,373,11216882
1,374,11189261
1,375,11285747
1,376,11683428
1,377,11509424
1,378,11380269
1,379,11500844
1,380,11274903
1,381,11252664
1,382,11575465
1,383,11310956
1,384,11394717
1,385,11517484
1,386,11354673
1,387,11322832
1,388,11157214
1,389,11274660
1,390,11462439
1,391,11282038
1,392,11331530
1,393,11339349
1,394,11407222
1,395,11427810
1,396,11305173
1,397,11298494
1,398,11290616
1,399,11294477
1,400,11268811
1,401,11157881
1,402,11202588
1,403,11288357
1,404,11230702
1,405,11232510
1,406,11237134
1,407,11314151
1,408,11290490
1,409,11344990
1,410,11233020
1,411,11386850
1,412,11685194
1,413,11587847
1,414,11312415
1,415,11445796
1,416,11377111
1,417,11346497
1,418,11369378
1,419,11353999
1,420,11374592
1,421,11310181
1,422,50113
1,423,11251846
1,424,11369556
1,425,11252627
1,426,11217748
1,427,11250078
1,428,11217143
1,429,11094029
1,430,11327135
1,431,11219784
1,432,12547141
1,433,11384460
1,434,11204949
1,435,11363776
1,436,11304780
1,437,11440133
1,438,11192436
1,439,11312196
1,440,11189268
1,441,11176524
1,442,11090482
1,443,11145359
1,444,11315074
1,445,11462419
1,446,11192169
1,447,11170034
1,448,11276681
1,449,11466990
1,450,11089504
1,451,11264637
1,452,11419790
1,453,11261605
1,454,11702394
1,455,11697170
1,456,11391188
1,457,11314188
1,458,11279410
1,459,11232694
1,460,11238045
1,461,11145870
1,462,11369457
1,463,11571376
1,464,11274384
1,465,11393837
1,466,11322883
1,467,11272248
1,468,11312338
1,469,11328763
1,470,11426183
1,471,11362122
1,472,11422951
1,473,11218845
1,474,11460008
1,475,11417354
1,476,11278538
1,477,11324492
1,478,11371560
1,479,11335098
1,480,11372821
1,481,11269050
1,482,11163983
1,483,11139800
1,484,11145557
1,485,11220002
1,486,11310608
1,487,11138933
1,488,11185917
1,489,11250711
1,490,11190139
1,491,41448
1,492,11331614
1,493,11493269
1,494,11263593
1,495,11136924
1,496,11208254
1,497,11242043
1,498,11132851
1,499,11194359
1,500,11367616
1,501,11198311
1,502,11248928
1,503,11199663
1,504,11278847
1,505,11358613
1,506,11361194
1,507,11526103
1,508,11566433
1,509,11442177
1,510,11407313
1,511,11471003
1,512,11707767
1,513,11653237
1,514,12062106
1,515,12152241
1,516,12232031
1,517,11714409
1,518,11746285
1,519,11426866
1,520,11531705
1,521,11311131
1,522,11389983
1,523,11212296
1,524,11233446
1,525,11270220
1,526,11132084
1,527,11210866
1,528,11511891
1,529,11592953
1,530,11720396
1,531,12178598
1,532,11856146
1,533,11587318
1,534,11807226
1,535,11380448
1,536,11351810
1,537,11381827
1,538,11257776
1,539,11223429
1,540,11455710
1,541,11284341
1,542,11405847
1,543,11726062
1,544,11502270
1,545,11341662
1,546,11306700
1,547,11148349
1,548,11265538
1,549,11238833
1,550,11425659
1,551,11647648
1,552,11658453
1,553,11636214
1,554,11684844
1,555,11530964
1,556,11801838
1,557,11808695
1,558,12040410
1,559,12279682
1,560,86973
1,561,12218754
1,562,12283268
1,563,12110697
1,564,11751704
1,565,11689133
1,566,11544449
1,567,11652413
1,568,11542630
1,569,11552538
1,570,11668978
1,571,13023676
1,572,11665493
1,573,11484639
1,574,11444247
1,575,11418067
1,576,11510635
1,577,11571992
1,578,11558921
1,579,11573808
1,580,11575808
1,581,11737131
1,582,12292611
1,583,12031105
1,584,11913605
1,585,11626760
1,586,11569874
1,587,11495185
1,588,11441902
1,589,11453038
1,590,11348175
1,591,11488525
1,592,11771975
1,593,11699367
1,594,11776992
1,595,11634751
1,596,12112561
1,597,12096092
1,598,11932759
1,599,11727739
1,600,12092007
1,601,11813620
1,602,11652445
1,603,12074255
1,604,11980219
1,605,11909480
1,606,11887956
1,607,12253717
1,608,12242954
1,609,11904162
1,610,12460495
1,611,11988378
1,612,11790797
1,613,11342273
1,614,11670821
1,615,11393977
1,616,11546258
1,617,11506911
1,618,11569876
1,619,11501972
1,620,11628003
1,621,11739237
1,622,11671631
1,623,11649254
1,624,11508260
1,625,11439703
1,626,11522425
1,627,11533316
1,628,11576445
1,629,61460
1,630,11676394
1,631,11695930
1,632,11666034
1,633,11463415
1,634,11379019
1,635,11397876
1,636,11349340
1,637,11399451
1,638,11493114
1,639,11355104
1,640,11215427
1,641,11300140
1,642,11286423
1,643,11280370
1,644,11299108
1,645,11229602
1,646,11194687
1,647,11224988
1,648,11484019
1,649,11326730
1,650,11404878
1,651,11523516
1,652,11456568
1,653,11429791
1,654,11492555
1,655,11378162
1,656,11466602
1,657,11267661
1,658,11197663
1,659,11324502
1,660,11490518
1,661,11516685
1,662,11447345
1,663,11458257
1,664,11326078
1,665,11207936
1,666,11365622
1,667,11496844
1,668,11581701
1,669,11266359
1,670,11237460
1,671,11208956
1,672,11214419
1,673,11372367
1,674,11405271
1,675,11582602
1,676,11618307
1,677,11565807
1,678,11486954
1,679,11705573
1,680,11740614
1,681,12285832
1,682,11677806
1,683,11489937
1,684,11438616
1,685,11450815
1,686,11405142
1,687,11289649
1,688,11306824
1,689,11263492
2,0,11321841
2,1,11488770
2,2,11289334
2,3,11336247
2,4,11419215
2,5,11409168
2,6,11362792
2,7,11456413
2,8,58188
2,9,11476701
2,10,11345867
2,11,11380158
2,12,11250913
2,13,11232409
2,14,11231652
2,15,11217010
2,16,11278027
2,17,11194956
2,18,11352881
2,19,11189205
2,20,11110870
2,21,11245455
2,22,11230461
2,23,11295697
2,24,11167663
2,25,11276632
2,26,11163021
2,27,11152810
2,28,11815573
2,29,11768671
2,30,11616612
2,31,11702944
2,32,11321390
2,33,11282424
2,34,11280112
2,35,11236263
2,36,11239549
2,37,11362343
2,38,11238590
2,39,11263086
2,40,11471321
2,41,11278650
2,42,11353674
2,43,11401831
2,44,11478188
2,45,11236828
2,46,11406688
2,47,11289129
2,48,11159250
2,49,11384725
2,50,11232775
2,51,11300103
2,52,11230274
2,53,11227605
2,54,11208416
2,55,11263041
2,56,11307243
2,57,11156455
2,58,11142318
2,59,11262049
2,60,11306389
2,61,11608979
2,62,11420817
2,63,11228156
2,64,11395095
2,65,11362496
2,66,11366931
2,67,11249846
2,68,11354721
2,69,11283009
2,70,11224750
2,71,11167556
2,72,11356406
2,73,11403290
2,74,11422599
2,75,11430749
2,76,11589731
2,77,47414
2,78,11461355
2,79,11526305
2,80,11369080
2,81,11305846
2,82,11287199
2,83,11262530
2,84,11286077
2,85,11299474
2,86,11384650
2,87,11250317
2,88,11418972
2,89,11340858
2,90,11485326
2,91,11279174
2,92,11248411
2,93,11297478
2,94,11418324
2,95,11186404
2,96,11160884
2,97,12360158
2,98,11204675
2,99,11284529
2,100,11484505
2,101,11648426
2,102,11617640
2,103,11658035
2,104,11836768
2,105,11959215
2,106,12187122
2,107,12502917
2,108,12101781
2,109,11764429
2,110,11839988
2,111,11717636
2,112,11816979
2,113,11868256
2,114,12057811
2,115,12083443
2,116,11931121
2,117,11957902
2,118,11937048
2,119,12159562
2,120,11879935
2,121,11991548
2,122,12256523
2,123,12072655
2,124,11783004
2,125,11852226
2,126,11815931
2,127,11882431
2,128,11900989
2,129,12150818
2,130,11857179
2,131,11697578
2,132,11736242
2,133,11779808
2,134,11953561
2,135,11995505
2,136,12042811
2,137,11950806
2,138,11717294
2,139,11875106
2,140,11841016
2,141,11736779
2,142,12093886
2,143,12418358
2,144,12295524
2,145,11938361
2,146,75517
2,147,11961998
2,148,11785116
2,149,11660916
2,150,11877098
2,151,12130711
2,152,11740884
2,153,11822697
2,154,11857279
2,155,11815598
2,156,11893947
2,157,11765664
2,158,11662082
2,159,11597519
2,160,11464100
2,161,11497806
2,162,11341433
2,163,11623917
2,164,11333293
2,165,11377999
2,166,11591542
2,167,11322227
2,168,11361756
2,169,11549423
2,170,11444111
2,171,11537865
2,172,11541267
2,173,11543050
2,174,11859828
2,175,11301869
2,176,11398061
2,177,11310880
2,178,11144260
2,179,11297392
2,180,11263855
2,181,11567540
2,182,11405989
2,183,12067777
2,184,11454136
2,185,11459615
2,186,13721345
2,187,11478450
2,188,11386055
2,189,11438440
2,190,11406424
2,191,11464851
2,192,12508802
2,193,11537569
2,194,11389968
2,195,11287731
2,196,11552014
2,197,11461724
2,198,11256870
2,199,11224531
2,200,11422673
2,201,11280552
2,202,11313254
2,203,11914655
2,204,11708987
2,205,11502186
2,206,11638977
2,207,11431480
2,208,11275551
2,209,11377685
2,210,11277621
2,211,11431377
2,212,11316087
2,213,11460663
2,214,11375696
2,215,45707
2,216,11352650
2,217,11323822
2,218,11292741
2,219,11350419
2,220,11246547
2,221,11312595
2,222,11396632
2,223,11226420
2,224,11174668
2,225,11387306
2,226,11226600
2,227,11241670
2,228,11213881
2,229,11143140
2,230,11250246
2,231,11375119
2,232,11248210
2,233,11168759
2,234,11189871
2,235,11254455
2,236,11157241
2,237,11238505
2,238,11167496
2,239,11161096
2,240,11261464
2,241,11185367
2,242,11159380
2,243,11210271
2,244,11276859
2,245,11361299
2,246,11307470
2,247,11198174
2,248,11268643
2,249,11216228
2,250,11316009
2,251,11320180
2,252,11216593
2,253,11304047
2,254,11200490
2,255,11350751
2,256,11268431
2,257,11435164
2,258,11410592
2,259,11612924
2,260,11467302
2,261,11413483
2,262,11353780
2,263,11323984
2,264,11439327
2,265,11384136
2,266,11431515
2,267,11375403
2,268,11400826
2,269,11513091
2,270,11442836
2,271,11434835
2,272,11492324
2,273,11477267
2,274,11443937
2,275,11546556
2,276,11486326
2,277,11566271
2,278,11760709
2,279,11531809
2,280,11395967
2,281,11426578
2,282,11473615
2,283,11423864
2,284,61117
2,285,11487814
2,286,11561929
2,287,11385682
2,288,11353892
2,289,11679290
2,290,11511722
2,291,11727156
2,292,11463376
2,293,11606730
2,294,11688701
2,295,11685900
2,296,12007685
2,297,11980628
2,298,11602240
2,299,11691267
2,300,12185330
2,301,11872473
2,302,11666610
2,303,11585731
2,304,11753468
2,305,11790147
2,306,11710245
2,307,11727074
2,308,11421779
2,309,11744952
2,310,11544095
2,311,11485629
2,312,11559553
2,313,11658784
2,314,11695692
2,315,11656795
2,316,11591612
2,317,11769845
2,318,11607300
2,319,11448083
2,320,11441053
2,321,11487639
2,322,11464363
2,323,11616217
2,324,11635395
2,325,11628362
2,326,11921426
2,327,11612411
2,328,11696408
2,329,11701273
2,330,11443940
2,331,11700438
2,332,11819351
2,333,11676349
2,334,11911369
2,335,11932458
2,336,11886097
2,337,11774234
2,338,11814861
2,339,12140841
2,340,12003147
2,341,12218423
2,342,12419930
2,343,12202446
2,344,11963997
2,345,12212739
2,346,12144421
2,347,12184002
2,348,12082537
2,349,12514632
2,350,12602216
2,351,12265825
2,352,12022526
2,353,78940
2,354,12132229
2,355,12355550
2,356,12300494
2,357,12408975
2,358,12301266
2,359,12343533
2,360,12012367
2,361,12228885
2,362,12336689
2,363,12339422
2,364,12272624
2,365,12398554
2,366,12352622
2,367,12123614
2,368,11996869
2,369,12186450
2,370,12330732
2,371,12546600
2,372,12536664
2,373,12555071
2,374,12305391
2,375,12238951
2,376,12137507
2,377,12400241
2,378,12535148
2,379,12380535
2,380,12294076
2,381,12421836
2,382,12301622
2,383,12031602
2,384,12414095
2,385,11903144
2,386,12096654
2,387,12371361
2,388,12470738
2,389,12200840
2,390,12387767
2,391,12105724
2,392,11962590
2,393,12524223
2,394,12598949
2,395,12236358
2,396,12255915
2,397,11746909
2,398,11660795
2,399,11597289
2,400,11371348
2,401,11446104
2,402,11373294
2,403,11384788
2,404,11677294
2,405,11529098
2,406,11530468
2,407,11435930
2,408,11504691
2,409,11591597
2,410,11576295
2,411,11487624
2,412,11436097
2,413,11510573
2,414,11541819
2,415,11671018
2,416,11626704
2,417,11659175
2,418,11402221
2,419,11401832
2,420,11599317
2,421,11660227
2,422,44684
2,423,11534061
2,424,11665068
2,425,11854885
2,426,11584553
2,427,11592533
2,428,11549581
2,429,11374731
2,430,11307234
2,431,11278677
2,432,11197679
2,433,11262156
2,434,11215725
2,435,11293788
2,436,11388202
2,437,11396201
2,438,11384394
2,439,11305688
2,440,11284135
2,441,11318875
2,442,11236874
2,443,11245488
2,444,11588996
2,445,12444117
2,446,11260825
2,447,11455585
2,448,11211999
2,449,11189049
2,450,11346861
2,451,11358962
2,452,11214947
2,453,11192613
2,454,11277400
2,455,11247613
2,456,11200971
2,457,11213208
2,458,11528530
2,459,11661880
2,460,11644918
2,461,11585909
2,462,11676086
2,463,11418849
2,464,11602645
2,465,11487621
2,466,11455852
2,467,11329003
2,468,11802878
2,469,11577273
2,470,11648230
2,471,11685931
2,472,11399025
2,473,11295202
2,474,11320389
2,475,11374247
2,476,11565734
2,477,11410554
2,478,11194009
2,479,11328329
2,480,11181996
2,481,11267386
2,482,11377005
2,483,11516335
2,484,11342007
2,485,11595557
2,486,11285933
2,487,11183878
2,488,11203485
2,489,11234190
2,490,11382851
2,491,46700
2,492,11417822
2,493,11319844
2,494,11260648
2,495,11363411
2,496,11183751
2,497,11201550
2,498,11164827
2,499,11207787
2,500,11271544
2,501,11325516
2,502,11157366
2,503,11288120
2,504,11336825
2,505,11276354
2,506,11317262
2,507,11185332
2,508,11281253
2,509,11189467
2,510,11325783
2,511,11245692
2,512,11302185
2,513,11190564
2,514,11266800
2,515,11493240
2,516,11443598
2,517,11595071
2,518,11556245
2,519,11500151
2,520,11469413
2,521,11297169
2,522,11410755
2,523,11322887
2,524,11334159
2,525,11386497
2,526,11231583
2,527,11219137
2,528,11344053
2,529,11291450
2,530,11347022
2,531,11250915
2,532,11319144
2,533,11257712
2,534,11196101
2,535,11223083
2,536,11226054
2,537,11213482
2,538,11253075
2,539,11315492
2,540,11332288
2,541,11223467
2,542,11292010
2,543,11289934
2,544,11323396
2,545,11207526
2,546,11250581
2,547,11193521
2,548,11272148
2,549,11183537
2,550,11214133
2,551,11440612
2,552,11430152
2,553,11852485
2,554,11929478
2,555,11616246
2,556,11328849
2,557,11274948
2,558,11518889
2,559,11230253
2,560,27845
2,561,11349474
2,562,11247869
2,563,11249347
2,564,11201399
2,565,11276485
2,566,11495454
2,567,11509870
2,568,11312758
2,569,11435111
2,570,11246048
2,571,11387249
2,572,11390493
2,573,11271067
2,574,11223677
2,575,11310487
2,576,11205328
2,577,11198843
2,578,11214047
2,579,11222393
2,580,11209833
2,581,11224652
2,582,11252860
2,583,11370925
2,584,11513002
2,585,11356202
2,586,11252330
2,587,11179940
2,588,11294159
2,589,11284836
2,590,11306067
2,591,11442721
2,592,11439318
2,593,11376457
2,594,11380184
2,595,11440066
2,596,11243937
2,597,11377213
2,598,11300868
2,599,11302042
2,600,11383661
2,601,11196543
2,602,11231201
2,603,11237031
2,604,11833059
2,605,11432384
2,606,11534200
2,607,11298367
2,608,11316464
2,609,11369865
2,610,11319518
2,611,11391446
2,612,11266183
2,613,11119174
2,614,11210407
2,615,11171051
2,616,11216491
2,617,11246420
2,618,11196608
2,619,11384403
2,620,11371902
2,621,11340573
2,622,11262583
2,623,11250879
2,624,11175735
2,625,11180499
2,626,11262672
2,627,11262756
2,628,11289730
2,629,57233
2,630,11306075
2,631,11227470
2,632,11377204
2,633,11476135
2,634,11366430
2,635,11266202
2,636,11529191
2,637,11312650
2,638,11248444
2,639,11315244
2,640,11157577
2,641,11218826
2,642,11116363
2,643,11316511
2,644,11688165
2,645,11487045
2,646,11370842
2,647,11360112
2,648,11658223
2,649,11387711
2,650,11443668
2,651,11353608
2,652,11384472
2,653,11405980
2,654,11389782
2,655,11371737
2,656,11469192
2,657,11438006
2,658,11455114
2,659,11287618
2,660,11326712
2,661,11339451
2,662,11413857
2,663,11180565
2,664,11347497
2,665,11260314
2,666,11253243
2,667,11379057
2,668,11283930
2,669,11388878
2,670,11225012
2,671,11231956
2,672,11260271
2,673,11214138
2,674,11147080
2,675,11375248
2,676,11349146
2,677,11527649
2,678,11279893
2,679,11293140
2,680,11320887
2,681,11246374
2,682,11276494
2,683,11257505
2,684,11267745
2,685,11379823
2,686,11342496
2,687,11368500
2,688,11246678
2,689,11212135
3,0,11265658
3,1,11201894
3,2,11357914
3,3,11220100
3,4,11349982
3,5,11239211
3,6,11187271
3,7,11231464
3,8,52012
3,9,11276979
3,10,11423713
3,11,11399921
3,12,11309712
3,13,11200177
3,14,11200611
3,15,11215786
3,16,11218875
3,17,11274017
3,18,11215865
3,19,11237832
3,20,11300097
3,21,11201076
3,22,11296348
3,23,11226440
3,24,11282408
3,25,11125952
3,26,11374995
3,27,11188757
3,28,11359995
3,29,11265354
3,30,11311340
3,31,11336935
3,32,11181552
3,33,11295024
3,34,11312696
3,35,11232272
3,36,11131894
3,37,11392077
3,38,11281062
3,39,11356574
3,40,11292422
3,41,11413469
3,42,11437374
3,43,11890905
3,44,11564154
3,45,11379673
3,46,11355902
3,47,11246485
3,48,11545821
3,49,11416900
3,50,11391138
3,51,11220153
3,52,11210334
3,53,11217711
3,54,11303474
3,55,11488398
3,56,11310390
3,57,11429650
3,58,11270318
3,59,11239051
3,60,11218614
3,61,11238382
3,62,11195939
3,63,11312636
3,64,11247384
3,65,11319279
3,66,11212158
3,67,11197091
3,68,11196128
3,69,11334180
3,70,11166450
3,71,11294575
3,72,11237946
3,73,11186526
3,74,11200649
3,75,11354072
3,76,11242510
3,77,30227
3,78,11229551
3,79,11232869
3,80,11163254
3,81,11205557
3,82,11274501
3,83,11226307
3,84,11175164
3,85,11175095
3,86,11223405
3,87,11304081
3,88,11212194
3,89,11341278
3,90,11244343
3,91,11233277
3,92,11256235
3,93,11192789
3,94,11431564
3,95,11355789
3,96,11427489
3,97,11516144
3,98,11714874
3,99,11762046
3,100,11557485
3,101,11538104
3,102,11819612
3,103,11649595
3,104,11428124
3,105,11509238
3,106,11562484
3,107,11342156
3,108,11298823
3,109,11189174
3,110,11187161
3,111,11325842
3,112,11265408
3,113,12451616
3,114,11203618
3,115,11305121
3,116,11121197
3,117,11198692
3,118,11203800
3,119,11280207
3,120,11247039
3,121,11306354
3,122,11243251
3,123,11338684
3,124,11298887
3,125,11391604
3,126,11450993
3,127,11375326
3,128,11213787
3,129,11214349
3,130,11194678
3,131,11246420
3,132,11390349
3,133,11271518
3,134,11266220
3,135,11272576
3,136,11422176
3,137,11516149
3,138,11159196
3,139,11237454
3,140,11393893
3,141,11220025
3,142,11176595
3,143,11178105
3,144,11627888
3,145,11416839
3,146,43054
3,147,11453955
3,148,11330790
3,149,11264023
3,150,11294128
3,151,11742466
3,152,11777972
3,153,11992269
3,154,12198818
3,155,11929291
3,156,12004478
3,157,12100081
3,158,12281748
3,159,12093913
3,160,12076616
3,161,12314600
3,162,11984189
3,163,11921184
3,164,12125925
3,165,11926258
3,166,12184443
3,167,12098635
3,168,12187643
3,169,12313700
3,170,12014498
3,171,11889901
3,172,12079207
3,173,11995792
3,174,11668543
3,175,11831124
3,176,12192909
3,177,12005677
3,178,11764179
3,179,11789731
3,180,11955091
3,181,11893090
3,182,11974975
3,183,11996133
3,184,11792403
3,185,11814400
3,186,11848726
3,187,11796637
3,188,11693349
3,189,11947543
3,190,12136611
3,191,11897604
3,192,11842949
3,193,11984526
3,194,12054935
3,195,11697570
3,196,11721799
3,197,12201197
3,198,12015846
3,199,11746557
3,200,11897465
3,201,11802730
3,202,11742071
3,203,11697901
3,204,11559740
3,205,11429985
3,206,11459383
3,207,11205318
3,208,11268442
3,209,11293639
3,210,11230910
3,211,11265742
3,212,11291936
3,213,11334197
3,214,11263049
3,215,29564
3,216,11373558
3,217,11283183
3,218,11232039
3,219,11455634
3,220,11586565
3,221,11557129
3,222,11405083
3,223,11446258
3,224,11417445
3,225,11476971
3,226,11454375
3,227,11322731
3,228,11509684
3,229,11464033
3,230,11278334
3,231,11452757
3,232,11345566
3,233,11207299
3,234,11195486
3,235,11297595
3,236,11270748
3,237,11254545
3,238,11389384
3,239,11455711
3,240,11330035
3,241,11220496
3,242,11241920
3,243,11394167
3,244,11393119
3,245,11330706
3,246,11196118
3,247,11376917
3,248,11204631
3,249,11374088
3,250,11317820
3,251,11291850
3,252,11452054
3,253,11276450
3,254,11259318
3,255,11352701
3,256,11211997
3,257,11291264
3,258,11287723
3,259,11230829
3,260,11382026
3,261,11346532
3,262,11234197
3,263,11367991
3,264,11470196
3,265,11357564
3,266,11444383
3,267,11354410
3,268,11371133
3,269,11458974
3,270,11434698
3,271,11327289
3,272,11314146
3,273,11348851
3,274,11316989
3,275,11409894
3,276,11309462
3,277,11270194
3,278,11322111
3,279,11214303
3,280,11142972
3,281,11105138
3,282,11116860
3,283,11230655
3,284,28622
3,285,11349629
3,286,11196046
3,287,11222938
3,288,11167117
3,289,11285015
3,290,11285630
3,291,11189154
3,292,11189239
3,293,11168073
3,294,11166054
3,295,11224049
3,296,11203358
3,297,11385458
3,298,11470692
3,299,11425419
3,300,11422593
3,301,11393470
3,302,11242548
3,303,11296515
3,304,11305101
3,305,11449147
3,306,11492408
3,307,11835006
3,308,11771948
3,309,11901799
3,310,11820238
3,311,11610391
3,312,11441519
3,313,11394463
3,314,11614389
3,315,11356866
3,316,11349551
3,317,11277492
3,318,11393832
3,319,11183118
3,320,11307862
3,321,11394199
3,322,11304217
3,323,11420763
3,324,11221812
3,325,11350779
3,326,11349454
3,327,11137309
3,328,11279373
3,329,11292611
3,330,11471197
3,331,11220481
3,332,11387607
3,333,11233481
3,334,11177893
3,335,11322701
3,336,11300719
3,337,11187013
3,338,11149305
3,339,11232098
3,340,11199898
3,341,11313814
3,342,11185029
3,343,11215382
3,344,11294882
3,345,11326179
3,346,11415039
3,347,11436121
3,348,11420256
3,349,11419699
3,350,11336643
3,351,11507557
3,352,11175904
3,353,26454
3,354,11096661
3,355,11380444
3,356,11403772
3,357,11293683
3,358,11421805
3,359,11682129
3,360,11697157
3,361,11657605
3,362,11415131
3,363,11467336
3,364,11317012
3,365,11263553
3,366,11284298
3,367,11277792
3,368,11350903
3,369,11953531
3,370,12055053
3,371,12006159
3,372,11586323
3,373,11517739
3,374,11339421
3,375,11265698
3,376,11349356
3,377,11141056
3,378,11221360
3,379,11232567
3,380,11204455
3,381,11349920
3,382,11250451
3,383,11260914
3,384,11583061
3,385,11798375
3,386,11780829
3,387,11632825
3,388,11826136
3,389,11621271
3,390,11920987
3,391,12147879
3,392,12110774
3,393,11565746
3,394,11825263
3,395,11971213
3,396,11917234
3,397,12188364
3,398,12159253
3,399,12304365
3,400,11818327
3,401,11951160
3,402,11724490
3,403,12328641
3,404,11894852
3,405,11945484
3,406,11982188
3,407,11747990
3,408,11871846
3,409,11743627
3,410,11855902
3,411,11788810
3,412,11939794
3,413,12332806
3,414,11970483
3,415,11710524
3,416,11847823
3,417,12008263
3,418,11732094
3,419,11915174
3,420,12612373
3,421,12200739
3,422,58927
3,423,11731681
3,424,11904762
3,425,11864855
3,426,11693780
3,427,12104986
3,428,12296656
3,429,12101071
3,430,11880768
3,431,11912781
3,432,11986174
3,433,11898730
3,434,12152404
3,435,12455566
3,436,11854291
3,437,12033161
3,438,11884983
3,439,11933332
3,440,11713193
3,441,11681894
3,442,11649552
3,443,11502920
3,444,11284162
3,445,11559044
3,446,11369514
3,447,11412327
3,448,11241807
3,449,11290086
3,450,11285919
3,451,11230367
3,452,11308562
3,453,11207156
3,454,11234033
3,455,11381734
3,456,11247495
3,457,11330063
3,458,11349552
3,459,11349525
3,460,11335834
3,461,11289434
3,462,11441860
3,463,11224840
3,464,11299553
3,465,12353840
3,466,11706217
3,467,11285134
3,468,11216350
3,469,11275602
3,470,11371600
3,471,11175286
3,472,11382587
3,473,11253396
3,474,11227184
3,475,11246584
3,476,11301453
3,477,11155153
3,478,11411078
3,479,11345101
3,480,11373866
3,481,11208162
3,482,11323180
3,483,11303680
3,484,11287208
3,485,11511431
3,486,11369322
3,487,11307730
3,488,11678077
3,489,11738451
3,490,11597086
3,491,42147
3,492,11336914
3,493,11328566
3,494,11259687
3,495,11200558
3,496,11305703
3,497,11247371
3,498,11384272
3,499,11202043
3,500,11492266
3,501,11222876
3,502,11295828
3,503,11348149
3,504,11176015
3,505,11230590
3,506,11237666
3,507,11150534
3,508,11241411
3,509,11257499
3,510,11354890
3,511,11186999
3,512,11390528
3,513,11345623
3,514,11185168
3,515,11209535
3,516,11367385
3,517,11171089
3,518,11500527
3,519,11114915
3,520,11264596
3,521,11177710
3,522,11325194
3,523,11349995
3,524,11462930
3,525,11279228
3,526,11309011
3,527,11312388
3,528,11239676
3,529,11160635
3,530,11159897
3,531,11306603
3,532,11127494
3,533,11428099
3,534,11263370
3,535,11323122
3,536,11279635
3,537,11244173
3,538,11225679
3,539,11247429
3,540,11177500
3,541,11208727
3,542,11313540
3,543,11257798
3,544,11223195
3,545,11174056
3,546,11286309
3,547,11205929
3,548,11279489
3,549,11281416
3,550,11233728
3,551,11335975
3,552,11141474
3,553,11204524
3,554,11188937
3,555,11268841
3,556,11196260
3,557,11218692
3,558,11255304
3,559,11169044
3,560,25927
3,561,11194946
3,562,11180332
3,563,11153818
3,564,11253112
3,565,11302365
3,566,11167880
3,567,11145962
3,568,11215654
3,569,11338314
3,570,11328231
3,571,11323901
3,572,11237740
3,573,11298584
3,574,11459868
3,575,11568838
3,576,11303196
3,577,11270764
3,578,11274506
3,579,11236595
3,580,11391250
3,581,11346358
3,582,11207160
3,583,11261457
3,584,11344252
3,585,11285511
3,586,11539149
3,587,11404837
3,588,11291584
3,589,11370548
3,590,11219928
3,591,11267641
3,592,11254946
3,593,11331619
3,594,11254978
3,595,11324346
3,596,11159510
3,597,11261100
3,598,11190553
3,599,11208141
3,600,11119822
3,601,11200079
3,602,11222632
3,603,11183250
3,604,11246767
3,605,11238150
3,606,11525740
3,607,11294596
3,608,11255255
3,609,11251049
3,610,11216869
3,611,11266395
3,612,11306934
3,613,11418222
3,614,11620254
3,615,11607009
3,616,11472509
3,617,11434159
3,618,11549719
3,619,11250571
3,620,11307984
3,621,11267638
3,622,11262294
3,623,11392402
3,624,11365123
3,625,11371977
3,626,11584264
3,627,11596260
3,628,12017315
3,629,60738
3,630,12162937
3,631,11923446
3,632,11740616
3,633,11850887
3,634,11718688
3,635,11915798
3,636,11837160
3,637,12210099
3,638,12311065
3,639,11974886
3,640,11668671
3,641,11840515
3,642,11810245
3,643,11788744
3,644,11839282
3,645,12177345
3,646,12021988
3,647,11761979
3,648,11871087
3,649,11910548
3,650,11867232
3,651,11770425
3,652,12124057
3,653,12024134
3,654,11668497
3,655,11435510
3,656,11279602
3,657,11478966
3,658,11683814
3,659,11649075
3,660,12117434
3,661,11921115
3,662,11922913
3,663,11985109
3,664,11814007
3,665,11754859
3,666,11932686
3,667,12121539
3,668,12007296
3,669,11833024
3,670,11854591
3,671,11910924
3,672,11671882
3,673,12047595
3,674,11993587
3,675,11831414
3,676,11862499
3,677,11703048
3,678,11750584
3,679,12807137
3,680,11786831
3,681,11522330
3,682,11380277
3,683,11356084
3,684,11258780
3,685,11283449
3,686,11359691
3,687,11572893
3,688,11310321
3,689,11291473
4,0,11389700
4,1,11433405
4,2,11208653
4,3,11265612
4,4,11191288
4,5,11296144
4,6,11219907
4,7,11256766
4,8,27872
4,9,11175536
4,10,11237928
4,11,11179107
4,12,11281134
4,13,11241922
4,14,11270696
4,15,11365152
4,16,11172522
4,17,11260238
4,18,11313558
4,19,11357643
4,20,11330363
4,21,11585659
4,22,11576533
4,23,11441305
4,24,11866154
4,25,11784220
4,26,12097321
4,27,11843157
4,28,12109740
4,29,11973214
4,30,11685443
4,31,11752993
4,32,11707967
4,33,11589479
4,34,11493981
4,35,11477121
4,36,11523575
4,37,11478687
4,38,11852863
4,39,11965705
4,40,12054400
4,41,12093740
4,42,11815875
4,43,11885395
4,44,11780575
4,45,11941369
4,46,11738899
4,47,11878297
4,48,11805544
4,49,11866762
4,50,11667038
4,51,11437575
4,52,11306354
4,53,11295813
4,54,11349020
4,55,11290423
4,56,11407470
4,57,11453056
4,58,11466803
4,59,11900217
4,60,11625512
4,61,11459687
4,62,11469312
4,63,11595088
4,64,11441307
4,65,11665412
4,66,11704767
4,67,11656283
4,68,11409664
4,69,11592868
4,70,11477039
4,71,11847154
4,72,11381951
4,73,11531837
4,74,11619196
4,75,11666553
4,76,11648371
4,77,61797
4,78,11745442
4,79,11660602
4,80,11547578
4,81,11502922
4,82,11583598
4,83,11460982
4,84,11500480
4,85,11322712
4,86,11636538
4,87,11679125
4,88,11707336
4,89,11706606
4,90,11747780
4,91,11734173
4,92,11777226
4,93,11720243
4,94,11496790
4,95,11572276
4,96,11700518
4,97,11574773
4,98,11560871
4,99,11713655
4,100,11576552
4,101,11564587
4,102,11560671
4,103,11525115
4,104,11492579
4,105,11552375
4,106,11467581
4,107,11378207
4,108,11544136
4,109,11791049
4,110,11738364
4,111,11563587
4,112,11554825
4,113,11736244
4,114,11793890
4,115,11953514
4,116,11875173
4,117,11713058
4,118,11648346
4,119,11733157
4,120,11779583
4,121,11748665
4,122,11857549
4,123,12014039
4,124,12110259
4,125,11719467
4,126,11581465
4,127,11612329
4,128,11714115
4,129,13025000
4,130,11714417
4,131,11626207
4,132,11646952
4,133,11874754
4,134,11905090
4,135,12198019
4,136,12168106
4,137,12078134
4,138,12313577
4,139,11811566
4,140,11719247
4,141,11682257
4,142,11607028
4,143,11536535
4,144,11742240
4,145,11900641
4,146,94705
4,147,11842694
4,148,11760134
4,149,11587419
4,150,11477500
4,151,11624270
4,152,11591808
4,153,11551300
4,154,11500002
4,155,11427702
4,156,11466809
4,157,11542995
4,158,11530361
4,159,11495836
4,160,11607494
4,161,11577944
4,162,11558422
4,163,11615869
4,164,11569442
4,165,11451474
4,166,11690281
4,167,11704977
4,168,11813355
4,169,11631099
4,170,11767330
4,171,11940214
4,172,11879572
4,173,12321174
4,174,12362410
4,175,11955163
4,176,11910695
4,177,12010835
4,178,12003051
4,179,12065119
4,180,12209238
4,181,12395701
4,182,12156091
4,183,12019151
4,184,12353641
4,185,12422120
4,186,12295612
4,187,12235020
4,188,12649613
4,189,12564834
4,190,12108003
4,191,12063218
4,192,12096189
4,193,12117420
4,194,12189342
4,195,12257608
4,196,12337883
4,197,12145143
4,198,12001608
4,199,12217324
4,200,12456724
4,201,12361268
4,202,12238265
4,203,12569614
4,204,12364038
4,205,12365987
4,206,12329911
4,207,12442129
4,208,12365614
4,209,12433473
4,210,12492642
4,211,12159959
4,212,12131344
4,213,12408609
4,214,12472648
4,215,58350
4,216,12569769
4,217,12575496
4,218,12624929
4,219,12443675
4,220,12377075
4,221,12214314
4,222,12149975
4,223,12028226
4,224,12140531
4,225,11969236
4,226,11839590
4,227,11946173
4,228,11962115
4,229,12024859
4,230,12266094
4,231,11919311
4,232,11724137
4,233,11638951
4,234,11596516
4,235,11602500
4,236,11581335
4,237,11649814
4,238,11577809
4,239,11498931
4,240,11521819
4,241,11434150
4,242,11786290
4,243,11693794
4,244,11690148
4,245,11661331
4,246,11655325
4,247,11594903
4,248,11615266
4,249,11412560
4,250,11513565
4,251,11537121
4,252,11526720
4,253,11491434
4,254,11421194
4,255,11370527
4,256,11429332
4,257,11455814
4,258,11395794
4,259,11515625
4,260,11464458
4,261,11377582
4,262,11393394
4,263,11548772
4,264,11477762
4,265,11505445
4,266,11461009
4,267,11489435
4,268,11613832
4,269,11719179
4,270,11686286
4,271,11695247
4,272,11837371
4,273,11721185
4,274,11720115
4,275,11766628
4,276,11626864
4,277,11558963
4,278,11553891
4,279,11662997
4,280,11615770
4,281,11623661
4,282,11488812
4,283,11744573
4,284,58453
4,285,11771316
4,286,11712691
4,287,11797046
4,288,11657929
4,289,11711548
4,290,11596371
4,291,11737083
4,292,11629401
4,293,11512434
4,294,11534596
4,295,11742176
4,296,11784113
4,297,11798063
4,298,11704026
4,299,11625299
4,300,11433024
4,301,11570324
4,302,11555468
4,303,11508867
4,304,11446931
4,305,11434465
4,306,11470667
4,307,11547982
4,308,11663415
4,309,11646917
4,310,11757976
4,311,11714063
4,312,11644422
4,313,11609730
4,314,11842397
4,315,11870256
4,316,11969484
4,317,11792317
4,318,11609366
4,319,11731552
4,320,13693982
4,321,11369129
4,322,11328316
4,323,11370758
4,324,11459420
4,325,11556909
4,326,11514431
4,327,11487458
4,328,11474042
4,329,11704868
4,330,11548994
4,331,11513847
4,332,11520845
4,333,11581760
4,334,11593945
4,335,11935626
4,336,11654637
4,337,11563302
4,338,11486539
4,339,11397791
4,340,11400453
4,341,11361921
4,342,11434990
4,343,11326835
4,344,11444863
4,345,11453766
4,346,11380054
4,347,11413862
4,348,11413522
4,349,11459842
4,350,11418464
4,351,11445156
4,352,11468978
4,353,34103
4,354,11428540
4,355,11463321
4,356,11382136
4,357,11340790
4,358,11417219
4,359,11418178
4,360,11359981
4,361,11392329
4,362,11386775
4,363,11421442
4,364,11520497
4,365,11467268
4,366,11450326
4,367,11597337
4,368,11699242
4,369,11967659
4,370,11791719
4,371,11963585
4,372,12001074
4,373,12216146
4,374,12004927
4,375,12036926
4,376,12163532
4,377,11980661
4,378,11958580
4,379,11907689
4,380,12445341
4,381,12085136
4,382,11959488
4,383,12327454
4,384,12505401
4,385,12224555
4,386,11840136
4,387,12168757
4,388,12021431
4,389,11934510
4,390,11806008
4,391,12203762
4,392,12357908
4,393,12113289
4,394,12072698
4,395,11945897
4,396,11682724
4,397,11662791
4,398,12196264
4,399,12431856
4,400,12414584
4,401,12318484
4,402,12341361
4,403,12748018
4,404,12321444
4,405,12080897
4,406,12036787
4,407,11871612
4,408,12139069
4,409,12108422
4,410,12294195
4,411,12522879
4,412,12450546
4,413,12591383
4,414,12430796
4,415,12274776
4,416,12339874
4,417,12295207
4,418,12393690
4,419,12682947
4,420,13040184
4,421,12796379
4,422,64272
4,423,12742764
4,424,12960274
4,425,13371195
4,426,12908214
4,427,18688385
4,428,12497840
4,429,12556038
4,430,12581664
4,431,12360793
4,432,12553897
4,433,12507859
4,434,12497796
4,435,12629023
4,436,12526772
4,437,12518042
4,438,12658533
4,439,13079266
4,440,12781570
4,441,12550635
4,442,12727319
4,443,12687912
4,444,12307791
4,445,12326892
4,446,12343923
4,447,12276417
4,448,12272534
4,449,12525218
4,450,12636088
4,451,12457275
4,452,12198127
4,453,12057847
4,454,12038556
4,455,11917037
4,456,18160957
4,457,13247924
4,458,12525302
4,459,12596443
4,460,12370301
4,461,12968373
4,462,12181184
4,463,12437836
4,464,12097400
4,465,12910868
4,466,12111935
4,467,12257853
4,468,13780411
4,469,12422094
4,470,12171218
4,471,12876465
4,472,17462894
4,473,13198819
4,474,18256279
4,475,12744349
4,476,12493750
4,477,12277738
4,478,12412277
4,479,12606634
4,480,12441237
4,481,12567599
4,482,12510773
4,483,12744511
4,484,12675142
4,485,12619209
4,486,12329326
4,487,12273617
4,488,12667353
4,489,12575326
4,490,15454134
4,491,73757
4,492,19492341
4,493,18993922
4,494,15679141
4,495,12371179
4,496,12345250
4,497,12097179
4,498,17037603
4,499,12509979
4,500,12332867
4,501,12184667
4,502,11999315
4,503,12055287
4,504,12070787
4,505,12192704
4,506,11903629
4,507,11975493
4,508,12012747
4,509,12063653
4,510,11866106
4,511,11991476
4,512,11963419
4,513,11739011
4,514,11746274
4,515,11852577
4,516,11892495
4,517,12215382
4,518,13082148
4,519,18026651
4,520,12849676
4,521,12507371
4,522,12215546
4,523,12097556
4,524,12600479
4,525,12333042
4,526,12080797
4,527,12717732
4,528,12622969
4,529,11826375
4,530,11698706
4,531,11694023
4,532,11929894
4,533,11955983
4,534,11760526
4,535,11824397
4,536,11813350
4,537,11990047
4,538,11985387
4,539,12228687
4,540,12631856
4,541,12571887
4,542,12376304
4,543,12392277
4,544,12249931
4,545,12184297
4,546,12234160
4,547,12415212
4,548,12272674
4,549,12414821
4,550,12495143
4,551,12418752
4,552,12505089
4,553,12279481
4,554,12515980
4,555,12319014
4,556,12345933
4,557,12355478
4,558,12224701
4,559,12173081
4,560,63205
4,561,12126659
4,562,12126444
4,563,12316118
4,564,12212729
4,565,12233516
4,566,12146321
4,567,12073055
4,568,11846649
4,569,11651135
4,570,11642227
4,571,11629416
4,572,11692531
4,573,11542926
4,574,11462631
4,575,11746971
4,576,11588484
4,577,11963391
4,578,12350905
4,579,11865472
4,580,11782552
4,581,11774144
4,582,11879063
4,583,11921729
4,584,11891081
4,585,11888735
4,586,12121510
4,587,12110205
4,588,12242450
4,589,12417513
4,590,12380820
4,591,12332165
4,592,12103382
4,593,11938212
4,594,11985003
4,595,11852367
4,596,11870479
4,597,11976900
4,598,12074284
4,599,12232659
4,600,12270466
4,601,12226107
4,602,12351428
4,603,12127058
4,604,12272888
4,605,12298673
4,606,12245860
4,607,12229450
4,608,11822584
4,609,11941002
4,610,12056616
4,611,11729418
4,612,12003030
4,613,12007268
4,614,11963841
4,615,11808231
4,616,11736851
4,617,11635405
4,618,11660363
4,619,12255433
4,620,12241003
4,621,12268860
4,622,11917763
4,623,11941073
4,624,11864313
4,625,12161698
4,626,12562880
4,627,12471814
4,628,12531293
4,629,64526
4,630,12435361
4,631,12368518
4,632,12377381
4,633,12552070
4,634,12066965
4,635,12043274
4,636,12048432
4,637,12010343
4,638,11973834
4,639,11946457
4,640,11709927
4,641,11681913
4,642,11659020
4,643,11795426
4,644,11645204
4,645,11801455
4,646,11630558
4,647,11742381
4,648,11793350
4,649,11998803
4,650,12371317
4,651,12123519
4,652,12168494
4,653,12118477
4,654,12222318
4,655,12227896
4,656,12070796
4,657,12016509
4,658,11979755
4,659,12003110
4,660,12226393
4,661,12155578
4,662,12029434
4,663,11936765
4,664,12023290
4,665,12005643
4,666,12286853
4,667,12584206
4,668,12179188
4,669,12484674
4,670,12629937
4,671,12355676
4,672,12332953
4,673,12163578
4,674,12016349
4,675,12049339
4,676,11862187
4,677,11820333
4,678,11914885
4,679,11969259
4,680,12124832
4,681,12009794
4,682,11907065
4,683,12030230
4,684,12019023
4,685,12145840
4,686,12028409
4,687,12088813
4,688,12084280
4,689,12212414
5,0,12056590
5,1,12012572
5,2,12106526
5,3,11913483
5,4,12092659
5,5,12037601
5,6,12173453
5,7,11991990
5,8,59856
5,9,11963880
5,10,11923142
5,11,11928906
5,12,11939888
5,13,11961675
5,14,12342267
5,15,12272866
5,16,12408323
5,17,12232653
5,18,12178732
5,19,12130330
5,20,12203225
5,21,12329550
5,22,11978968
5,23,12045289
5,24,11889835
5,25,11727289
5,26,11794429
5,27,11883689
5,28,12342373
5,29,12362245
5,30,12161875
5,31,12264239
5,32,12341422
5,33,12124563
5,34,11938949
5,35,12127457
5,36,12295290
5,37,12311931
5,38,12041076
5,39,11982946
5,40,12362818
5,41,12774979
5,42,12295544
5,43,12207917
5,44,12263902
5,45,12251652
5,46,12314861
5,47,12125762
5,48,12180278
5,49,11881876
5,50,11813331
5,51,11814619
5,52,12013299
5,53,11824276
5,54,12250217
5,55,12380924
5,56,12472645
5,57,12266465
5,58,12410324
5,59,12308986
5,60,12680179
5,61,12401946
5,62,12369608
5,63,12452868
5,64,12665751
5,65,12478623
5,66,12380600
5,67,12136769
5,68,12262586
5,69,12210534
5,70,12451633
5,71,12277942
5,72,12312712
5,73,12545783
5,74,12284312
5,75,12414841
5,76,12493818
5,77,62628
5,78,11931202
5,79,11839474
5,80,12025147
5,81,12142436
5,82,11803976
5,83,11795710
5,84,11810731
5,85,11711623
5,86,11687574
5,87,11608937
5,88,11746395
5,89,11852295
5,90,11701036
5,91,11644968
5,92,11650071
5,93,11971361
5,94,11982547
5,95,12028889
5,96,11842577
5,97,11754892
5,98,11762846
5,99,11701423
5,100,11980107
5,101,11670081
5,102,11780760
5,103,11775969
5,104,11778149
5,105,11872401
5,106,11980978
5,107,11908221
5,108,11707092
5,109,11823294
5,110,13154774
5,111,12245150
5,112,11820724
5,113,11918659
5,114,11779529
5,115,11699649
5,116,11715693
5,117,12095688
5,118,12575796
5,119,12243144
5,120,12127275
5,121,12015248
5,122,12121535
5,123,11799818
5,124,12197772
5,125,12158856
5,126,11885213
5,127,11824876
5,128,11729687
5,129,11506981
5,130,11555729
5,131,11427972
5,132,11634437
5,133,11495892
5,134,11500499
5,135,11549501
5,136,11535877
5,137,11851951
5,138,11513126
5,139,11532404
5,140,11499023
5,141,11456409
5,142,11617506
5,143,11494636
5,144,11454618
5,145,11631271
5,146,47201
5,147,11467625
5,148,11464044
5,149,11680510
5,150,11754205
5,151,11751018
5,152,11562495
5,153,11587295
5,154,11688215
5,155,11647821
5,156,11669336
5,157,11650665
5,158,11735937
5,159,11719087
5,160,11755238
5,161,11620257
5,162,12096267
5,163,12456360
5,164,12126086
5,165,11940994
5,166,12044659
5,167,11883276
5,168,11841050
5,169,11776370
5,170,11660044
5,171,11630285
5,172,11457844
5,173,11621513
5,174,11544133
5,175,11648439
5,176,11587091
5,177,11737804
5,178,11630540
5,179,11674511
5,180,11511967
5,181,11618310
5,182,11745711
5,183,11577587
5,184,11527952
5,185,11880594
5,186,11772777
5,187,11947723
5,188,11983372
5,189,11968859
5,190,12355455
5,191,12392977
5,192,12282654
5,193,12184456
5,194,11823433
5,195,11774728
5,196,11783552
5,197,12081599
5,198,11845256
5,199,11809479
5,200,11890739
5,201,12502024
5,202,12655187
5,203,12311880
5,204,12128341
5,205,12432094
5,206,12526943
5,207,12443439
5,208,12517881
5,209,12017037
5,210,12204951
5,211,12057402
5,212,11747957
5,213,11719137
5,214,11470359
5,215,41227
5,216,11565319
5,217,11521273
5,218,11502183
5,219,11773806
5,220,12198492
5,221,11947135
5,222,12001984
5,223,11999074
5,224,11688959
5,225,11782807
5,226,11529065
5,227,11690313
5,228,11679805
5,229,11611950
5,230,11587904
5,231,11487324
5,232,11624765
5,233,11594446
5,234,11514965
5,235,11440366
5,236,11392760
5,237,11640379
5,238,11547462
5,239,11498312
5,240,11566304
5,241,11589632
5,242,11580941
5,243,12220205
5,244,12675005
5,245,12610536
5,246,12157627
5,247,12192267
5,248,12277220
5,249,11876270
5,250,11633412
5,251,11561301
5,252,11968983
5,253,11799416
5,254,11713543
5,255,12033742
5,256,12002084
5,257,11835279
5,258,11634053
5,259,11722915
5,260,12010102
5,261,12068663
5,262,11822165
5,263,11576184
5,264,12098023
5,265,12144300
5,266,12074285
5,267,11828253
5,268,12087038
5,269,11703826
5,270,11773530
5,271,12078794
5,272,12203711
5,273,12342047
5,274,12445757
5,275,12178838
5,276,11974772
5,277,11897926
5,278,11994476
5,279,12084499
5,280,12248869
5,281,12138766
5,282,12076389
5,283,12483261
5,284,63798
5,285,12473300
5,286,12206575
5,287,12590084
5,288,12146242
5,289,11991527
5,290,12088823
5,291,11962742
5,292,11850335
5,293,11737007
5,294,12015723
5,295,12142770
5,296,12148257
5,297,11956597
5,298,11965324
5,299,11885081
5,300,12000618
5,301,11837293
5,302,11822615
5,303,11906063
5,304,12238229
5,305,12084668
5,306,11724850
5,307,11728099
5,308,11872421
5,309,11942411
5,310,11924091
5,311,12010366
5,312,11719254
5,313,11853534
5,314,12021340
5,315,11799987
5,316,11726770
5,317,11667572
5,318,12054594
5,319,11750023
5,320,12215084
5,321,12052588
5,322,12148668
5,323,12538011
5,324,12478128
5,325,11988690
5,326,12496062
5,327,12393626
5,328,12181019
5,329,11938115
5,330,11811926
5,331,12128114
5,332,12100897
5,333,12174430
5,334,12021094
5,335,12429101
5,336,12383433
5,337,12006630
5,338,12253053
5,339,12247199
5,340,12068733
5,341,12141457
5,342,12011960
5,343,12083302
5,344,11974885
5,345,11942362
5,346,11800501
5,347,11831808
5,348,11831049
5,349,12135474
5,350,12200593
5,351,12080023
5,352,11889657
5,353,56947
5,354,11600297
5,355,11625771
5,356,11689318
5,357,11789930
5,358,11717956
5,359,11893575
5,360,12272512
5,361,11935766
5,362,11798331
5,363,12144950
5,364,12426204
5,365,12571906
5,366,12617143
5,367,12286238
5,368,12724729
5,369,12735248
5,370,12509418
5,371,12326588
5,372,12189108
5,373,12100108
5,374,12166119
5,375,11827689
5,376,12082667
5,377,11897061
5,378,11787296
5,379,11580786
5,380,11569757
5,381,11857927
5,382,11914683
5,383,11887527
5,384,12278168
5,385,11995629
5,386,12298281
5,387,12066693
5,388,12048037
5,389,12169095
5,390,11954843
5,391,12219897
5,392,11954039
5,393,11926496
5,394,12095684
5,395,12272323
5,396,11867096
5,397,11796738
5,398,12184054
5,399,12262967
5,400,12097701
5,401,12190356
5,402,12206664
5,403,12108140
5,404,12220855
5,405,12196548
5,406,12495700
5,407,12769990
5,408,12437834
5,409,12124259
5,410,12493800
5,411,12383911
5,412,11963676
5,413,11745692
5,414,11989347
5,415,12147308
5,416,11840376
5,417,11747816
5,418,12032660
5,419,12338886
5,420,12232321
5,421,12353213
5,422,66092
5,423,12225895
5,424,12358594
5,425,12168817
5,426,12235668
5,427,12365847
5,428,12447312
5,429,12149786
5,430,12003444
5,431,12077176
5,432,12068945
5,433,12154697
5,434,12348517
5,435,12245717
5,436,12006341
5,437,12161218
5,438,12474256
5,439,12679391
5,440,12502490
5,441,12307870
5,442,12394116
5,443,12578277
5,444,12781879
5,445,12524706
5,446,12103233
5,447,11982160
5,448,11945207
5,449,11914318
5,450,13379017
5,451,11971824
5,452,11917500
5,453,11698578
5,454,11562309
5,455,11596119
5,456,11642495
5,457,11503733
5,458,11462583
5,459,11486820
5,460,11548847
5,461,11587697
5,462,11520849
5,463,11585033
5,464,11749955
5,465,11628783
5,466,11562204
5,467,11518095
5,468,11416675
5,469,11455330
5,470,11419752
5,471,11572425
5,472,11476657
5,473,11456303
5,474,11659932
5,475,11621758
5,476,11804807
5,477,11614725
5,478,11554642
5,479,11488630
5,480,11486587
5,481,12037964
5,482,11815854
5,483,11660225
5,484,11847254
5,485,12408597
5,486,12329835
5,487,12027076
5,488,12189983
5,489,12077883
5,490,12236843
5,491,62010
5,492,11936471
5,493,11979201
5,494,11694091
5,495,11627625
5,496,11481673
5,497,11450392
5,498,11466317
5,499,11507995
5,500,11505622
5,501,11661097
5,502,11478085
5,503,11478502
5,504,11541767
5,505,11683639
5,506,11652723
5,507,11662380
5,508,11662191
5,509,11477892
5,510,11471437
5,511,11614477
5,512,11463058
5,513,11618956
5,514,12163757
5,515,12236490
5,516,12062465
5,517,11818587
5,518,11783842
5,519,11680599
5,520,12027677
5,521,11973608
5,522,11925547
5,523,11868852
5,524,12347928
5,525,12447610
5,526,12137531
5,527,11999697
5,528,12355102
5,529,12243159
5,530,12250090
5,531,12291473
5,532,12180793
5,533,11990501
5,534,12176246
5,535,12168689
5,536,11906152
5,537,11870526
5,538,11765471
5,539,11903628
5,540,12032784
5,541,11908896
5,542,11735035
5,543,11601814
5,544,11611840
5,545,11582763
5,546,11492756
5,547,11604896
5,548,11536221
5,549,11915574
5,550,11915297
5,551,11842599
5,552,11717472
5,553,11637028
5,554,11613862
5,555,11786554
5,556,11911855
5,557,12020256
5,558,11936395
5,559,11931365
5,560,50375
5,561,11970244
5,562,12119004
5,563,11897454
5,564,11755688
5,565,11960728
5,566,12355659
5,567,11788490
5,568,11946627
5,569,12142971
5,570,11843868
5,571,11782080
5,572,11693107
5,573,11750518
5,574,11830879
5,575,11641703
5,576,11768763
5,577,12181766
5,578,12205034
5,579,12012961
5,580,11800455
5,581,11637581
5,582,11731992
5,583,11718135
5,584,11722228
5,585,11766028
5,586,11614153
5,587,11815350
5,588,12167574
5,589,12032937
5,590,11947163
5,591,11871844
5,592,11688468
5,593,11595689
5,594,11619682
5,595,11749645
5,596,11611524
5,597,11651092
5,598,11573774
5,599,11711428
5,600,12028143
5,601,12174510
5,602,12121492
5,603,12012479
5,604,12011490
5,605,11957407
5,606,12439573
5,607,12476805
5,608,12111909
5,609,12101241
5,610,11994598
5,611,12040111
5,612,11879405
5,613,12064194
5,614,12330392
5,615,12601899
5,616,12750237
5,617,12296511
5,618,12290542
5,619,12071570
5,620,11991822
5,621,12106410
5,622,11898705
5,623,12068854
5,624,12168344
5,625,11858686
5,626,11720414
5,627,11953891
5,628,11761949
5,629,45759
5,630,11621592
5,631,11616159
5,632,11725641
5,633,11600206
5,634,11826174
5,635,11932412
5,636,11831447
5,637,11748334
5,638,11879317
5,639,11774477
5,640,11509596
5,641,11688856
5,642,11549601
5,643,11477041
5,644,11585649
5,645,11490428
5,646,11480695
5,647,11615657
5,648,11528579
5,649,11686668
5,650,11453370
5,651,11515030
5,652,11721906
5,653,11960697
5,654,11938568
5,655,12048715
5,656,11979192
5,657,12230440
5,658,12160757
5,659,11921594
5,660,11816827
5,661,11828651
5,662,11803925
5,663,11787933
5,664,11798577
5,665,11843979
5,666,11664166
5,667,11818490
5,668,11658204
5,669,11553321
5,670,11469972
5,671,11509242
5,672,11827446
5,673,12063231
5,674,11667924
5,675,11546955
5,676,11565576
5,677,11484818
5,678,11431530
5,679,11562884
5,680,11539438
5,681,11446673
5,682,11669453
5,683,11588932
5,684,11817576
5,685,11626288
5,686,11529931
5,687,11420989
5,688,11375160
5,689,11453531
6,0,11415261
6,1,11728301
6,2,11507624
6,3,11684128
6,4,11645146
6,5,11582468
6,6,11856426
6,7,11782394
6,8,48593
6,9,11575997
6,10,11667091
6,11,11943631
6,12,11806299
6,13,11605787
6,14,11511209
6,15,11354236
6,16,11419483
6,17,11388361
6,18,11508929
6,19,11632456
6,20,11793028
6,21,11660076
6,22,11491733
6,23,11397648
6,24,11537092
6,25,11385102
6,26,11455288
6,27,11805328
6,28,12040813
6,29,11963524
6,30,12267535
6,31,12305769
6,32,12353190
6,33,12097798
6,34,11926235
6,35,11840795
6,36,11656686
6,37,11737088
6,38,11642694
6,39,11737199
6,40,11562975
6,41,11615012
6,42,11665656
6,43,11602384
6,44,11653254
6,45,11902777
6,46,12147587
6,47,11892650
6,48,11766592
6,49,11938401
6,50,11938249
6,51,11589448
6,52,11524774
6,53,11495224
6,54,11743559
6,55,11619040
6,56,11364620
6,57,11407988
6,58,11472756
6,59,11431248
6,60,11387097
6,61,11410222
6,62,11679931
6,63,11671846
6,64,11581830
6,65,11434430
6,66,11467017
6,67,11563814
6,68,11378034
6,69,11413772
6,70,11436478
6,71,11431103
6,72,11643049
6,73,11688335
6,74,11538625
6,75,11569309
6,76,11481670
6,77,54986
6,78,11662982
6,79,11514186
6,80,11938045
6,81,11609710
6,82,11636837
6,83,11546033
6,84,11649466
6,85,11571006
6,86,11488080
6,87,11509263
6,88,11548519
6,89,11653666
6,90,11652422
6,91,11862771
6,92,11849535
6,93,11837754
6,94,11764027
6,95,11657432
6,96,11514300
6,97,11678688
6,98,11644869
6,99,11921023
6,100,11979526
6,101,11755651
6,102,11685698
6,103,11899786
6,104,11819588
6,105,13378432
6,106,11819737
6,107,11706001
6,108,11815405
6,109,11785224
6,110,11785585
6,111,11666611
6,112,11549682
6,113,11625588
6,114,11516892
6,115,12681472
6,116,11598872
6,117,11509754
6,118,11710091
6,119,11616698
6,120,11542768
6,121,11899204
6,122,11775655
6,123,11681813
6,124,11825196
6,125,11598302
6,126,11553297
6,127,11655813
6,128,11804218
6,129,11735810
6,130,11654770
6,131,11653141
6,132,11780794
6,133,11730271
6,134,11778652
6,135,11636083
6,136,11583363
6,137,11685157
6,138,11501951
6,139,11637480
6,140,11566267
6,141,11605065
6,142,11785183
6,143,11725117
6,144,11490091
6,145,11382859
6,146,35751
6,147,11294395
6,148,11326809
6,149,11579636
6,150,11773771
6,151,11774798
6,152,11680375
6,153,11983189
6,154,11924484
6,155,11947543
6,156,12345100
6,157,12285167
6,158,11766069
6,159,12024269
6,160,11910593
6,161,12130759
6,162,12102548
6,163,12132072
6,164,12364101
6,165,11889119
6,166,11902362
6,167,12019442
6,168,12094401
6,169,11842413
6,170,12158449
6,171,12542706
6,172,12094379
6,173,11889870
6,174,11982534
6,175,12244656
6,176,12252636
6,177,12477162
6,178,12619091
6,179,12457720
6,180,12026732
6,181,12368419
6,182,12362893
6,183,12279931
6,184,12321372
6,185,12714737
6,186,12447453
6,187,12185001
6,188,12343177
6,189,12307920
6,190,12172455
6,191,12189128
6,192,12335351
6,193,12178829
6,194,11912949
6,195,12128655
6,196,12360135
6,197,12530058
6,198,12528493
6,199,12491581
6,200,12480341
6,201,12449419
6,202,12446756
6,203,12382748
6,204,12266829
6,205,12492545
6,206,12143451
6,207,11940958
6,208,12399902
6,209,12030662
6,210,12197303
6,211,11855371
6,212,11885042
6,213,11919093
6,214,11893418
6,215,50868
6,216,11942050
6,217,11789795
6,218,11869757
6,219,11964437
6,220,11926469
6,221,11915435
6,222,11748940
6,223,11773984
6,224,11731045
6,225,12048288
6,226,11988805
6,227,12090104
6,228,12034641
6,229,11698767
6,230,11555424
6,231,11643123
6,232,11542034
6,233,11688102
6,234,11648986
6,235,11714215
6,236,11958451
6,237,12012983
6,238,11859159
6,239,11682392
6,240,11605305
6,241,11457732
6,242,11320068
6,243,11439901
6,244,11430365
6,245,11373212
6,246,11372818
6,247,11405850
6,248,11572047
6,249,11489301
6,250,11483818
6,251,11584325
6,252,11619687
6,253,11770861
6,254,11567703
6,255,11531197
6,256,11471077
6,257,11418596
6,258,11376100
6,259,11402963
6,260,11624351
6,261,11510932
6,262,11563827
6,263,11587716
6,264,11838304
6,265,11798098
6,266,11638310
6,267,11585501
6,268,11580004
6,269,11567493
6,270,11609355
6,271,11646022
6,272,11707112
6,273,11659972
6,274,11567958
6,275,11667830
6,276,11673653
6,277,11586791
6,278,11538712
6,279,11579695
6,280,11468104
6,281,11545710
6,282,11485494
6,283,11609781
6,284,39571
6,285,11626252
6,286,11727250
6,287,11809588
6,288,11706281
6,289,11596013
6,290,11688768
6,291,11491283
6,292,11569759
6,293,11418872
6,294,11383882
6,295,11360359
6,296,11485078
6,297,11657887
6,298,11519241
6,299,11635782
6,300,11766441
6,301,11850330
6,302,11603789
6,303,11488250
6,304,11493752
6,305,11610315
6,306,11727440
6,307,11700794
6,308,11675423
6,309,11771300
6,310,11756000
6,311,11675051
6,312,11652684
6,313,11454314
6,314,11442341
6,315,11562719
6,316,11453378
6,317,11646008
6,318,11448071
6,319,11395498
6,320,11423923
6,321,11473406
6,322,11480794
6,323,11649080
6,324,11485545
6,325,11491650
6,326,11530129
6,327,11532464
6,328,11555936
6,329,11494696
6,330,11643686
6,331,11594937
6,332,11609717
6,333,11530650
6,334,11585722
6,335,11633084
6,336,11582459
6,337,11613549
6,338,11653349
6,339,11589429
6,340,11566822
6,341,11577996
6,342,11534545
6,343,11538572
6,344,11466601
6,345,11441038
6,346,11446834
6,347,11583592
6,348,11506688
6,349,11608454
6,350,11420961
6,351,12018526
6,352,11656504
6,353,45223
6,354,11557230
6,355,11511045
6,356,11693760
6,357,11751947
6,358,11771459
6,359,11723182
6,360,11470286
6,361,11474067
6,362,11573996
6,363,11546330
6,364,11353154
6,365,11574939
6,366,11348762
6,367,11372022
6,368,11322895
6,369,11436508
6,370,11493041
6,371,11530968
6,372,11402277
6,373,11422533
6,374,11692683
6,375,11519601
6,376,11532428
6,377,11970805
6,378,11697847
6,379,11718757
6,380,11549804
6,381,11700494
6,382,11801758
6,383,11812334
6,384,11835080
6,385,11909796
6,386,12065684
6,387,12093909
6,388,12245846
6,389,12307703
6,390,11902527
6,391,11846828
6,392,11980191
6,393,12247084
6,394,11904013
6,395,12132347
6,396,12268713
6,397,12187383
6,398,11864068
6,399,11923680
6,400,12050433
6,401,12155156
6,402,12004460
6,403,12305388
6,404,12172635
6,405,12028211
6,406,11900382
6,407,12091885
6,408,12129949
6,409,11968538
6,410,12191774
6,411,12326155
6,412,11981464
6,413,11858021
6,414,11962628
6,415,12013374
6,416,11884296
6,417,12414748
6,418,12241030
6,419,11945700
6,420,11886653
6,421,12336851
6,422,62516
6,423,12114470
6,424,12031959
6,425,12596459
6,426,12377704
6,427,11976859
6,428,12069396
6,429,11999898
6,430,12376784
6,431,12349187
6,432,12525248
6,433,12379046
6,434,12540517
6,435,12822238
6,436,12601277
6,437,12329570
6,438,12365342
6,439,12464214
6,440,12411375
6,441,12316985
6,442,12461231
6,443,12659900
6,444,12105892
6,445,11799106
6,446,11875951
6,447,12123104
6,448,11879924
6,449,13423837
6,450,12005272
6,451,11948673
6,452,11578862
6,453,11595651
6,454,11587750
6,455,11531588
6,456,11795690
6,457,11829250
6,458,12199498
6,459,11858903
6,460,12040763
6,461,12023291
6,462,12116960
6,463,11702674
6,464,11764417
6,465,11657830
6,466,11668955
6,467,11530656
6,468,11605558
6,469,11950673
6,470,11863518
6,471,11911653
6,472,11637503
6,473,11583544
6,474,11732701
6,475,11686087
6,476,12053307
6,477,12061496
6,478,12122688
6,479,12179266
6,480,12005955
6,481,11924218
6,482,11801498
6,483,11941901
6,484,11823771
6,485,11729631
6,486,11797352
6,487,12053227
6,488,12063271
6,489,11921488
6,490,11623083
6,491,40612
6,492,11670047
6,493,11860849
6,494,11934617
6,495,11771735
6,496,11721940
6,497,11743027
6,498,11785628
6,499,11876536
6,500,11912045
6,501,11837096
6,502,11799173
6,503,11928499
6,504,12013938
6,505,11739604
6,506,11896334
6,507,11737496
6,508,11779304
6,509,11930608
6,510,11602157
6,511,11614967
6,512,11553257
6,513,11603454
6,514,11848939
6,515,11476670
6,516,11877696
6,517,11758113
6,518,12071991
6,519,12327243
6,520,12975748
6,521,12470378
6,522,12208345
6,523,12570587
6,524,11983195
6,525,11990516
6,526,12064776
6,527,12011219
6,528,12077107
6,529,12088177
6,530,11796592
6,531,11864135
6,532,11829808
6,533,11892112
6,534,11710608
6,535,11644047
6,536,11948149
6,537,12343210
6,538,12094519
6,539,12153802
6,540,11907120
6,541,11778911
6,542,11790641
6,543,11651319
6,544,11609611
6,545,11730439
6,546,12204614
6,547,12092989
6,548,11956813
6,549,12029863
6,550,11932626
6,551,11839397
6,552,11876616
6,553,11758037
6,554,11796746
6,555,11745485
6,556,11894924
6,557,11884250
6,558,11978317
6,559,11803061
6,560,46844
6,561,11669095
6,562,11748301
6,563,11836075
6,564,11874197
6,565,11919626
6,566,11905419
6,567,12167899
6,568,12219765
6,569,12041815
6,570,12094106
6,571,12176562
6,572,12225438
6,573,12399432
6,574,12277746
6,575,12151859
6,576,11897701
6,577,11982432
6,578,12020039
6,579,12186225
6,580,11807736
6,581,12113630
6,582,12035092
6,583,11883807
6,584,12019662
6,585,12266444
6,586,12290704
6,587,12011268
6,588,11955147
6,589,11964417
6,590,11717835
6,591,11881566
6,592,11940527
6,593,11896683
6,594,11922585
6,595,11696342
6,596,11597342
6,597,11545430
6,598,11675250
6,599,11578073
6,600,11583141
6,601,11459925
6,602,11712169
6,603,11974936
6,604,11892246
6,605,11844111
6,606,11965346
6,607,12057068
6,608,11723909
6,609,11608875
6,610,11608075
6,611,11731470
6,612,11595454
6,613,11699678
6,614,11737331
6,615,11824101
6,616,11895209
6,617,11729969
6,618,11981640
6,619,12056669
6,620,12224858
6,621,12441691
6,622,12410594
6,623,12014485
6,624,12473352
6,625,12200773
6,626,11994242
6,627,11957845
6,628,11856475
6,629,54161
6,630,11748058
6,631,11976912
6,632,12075357
6,633,12068456
6,634,12026457
6,635,11975427
6,636,11978248
6,637,11944399
6,638,11831707
6,639,11934006
6,640,11910256
6,641,12059236
6,642,12172409
6,643,12224798
6,644,12033570
6,645,11896722
6,646,11920206
6,647,11833591
6,648,11909037
6,649,12021841
6,650,12162929
6,651,12198740
6,652,11971308
6,653,11777876
6,654,11746410
6,655,11676266
6,656,11786164
6,657,11714690
6,658,11815247
6,659,11759914
6,660,11885305
6,661,12101624
6,662,12035223
6,663,11851949
6,664,12045243
6,665,11805749
6,666,12234556
6,667,12172656
6,668,12525779
6,669,12872039
6,670,12330979
6,671,12098632
6,672,12182761
6,673,12286285
6,674,12310389
6,675,12349031
6,676,12561109
6,677,12298872
6,678,12148407
6,679,12406537
6,680,12436388
6,681,12252489
6,682,12318467
6,683,12504764
6,684,12581116
6,685,11993629
6,686,11967360
6,687,12170484
6,688,12266145
6,689,12072764
7,0,12366196
7,1,12316447
7,2,12218604
7,3,12175540
7,4,12213798
7,5,12281475
7,6,12257550
7,7,12347547
7,8,64469
7,9,12212114
7,10,11963874
7,11,12063924
7,12,11982307
7,13,12065691
7,14,12048725
7,15,12403152
7,16,12035054
7,17,11977802
7,18,12187474
7,19,12168858
7,20,12007588
7,21,11996341
7,22,11984875
7,23,11805644
7,24,11747409
7,25,12246422
7,26,12079908
7,27,11945497
7,28,11960924
7,29,11882349
7,30,12218821
7,31,11853258
7,32,11582519
7,33,11800724
7,34,11665209
7,35,11535328
7,36,11939904
7,37,12443093
7,38,12164038
7,39,12033927
7,40,11802253
7,41,11782723
7,42,11647829
7,43,11549336
7,44,11583999
7,45,11718248
7,46,11656364
7,47,11595525
7,48,11934681
7,49,11850416
7,50,11610180
7,51,11660384
7,52,11839712
7,53,11555325
7,54,11490789
7,55,11469854
7,56,11573912
7,57,11675421
7,58,11532900
7,59,11544063
7,60,11495460
7,61,11448612
7,62,11538457
7,63,11436112
7,64,11493417
7,65,11667304
7,66,11487581
7,67,11485749
7,68,11854433
7,69,11868834
7,70,11766857
7,71,11624443
7,72,11633573
7,73,11859715
7,74,11777320
7,75,11693858
7,76,11882069
7,77,57660
7,78,12078533
7,79,12002657
7,80,12144762
7,81,12110223
7,82,12178896
7,83,11999670
7,84,11880701
7,85,11786671
7,86,11823733
7,87,11845932
7,88,11770849
7,89,11937343
7,90,11940296
7,91,12103565
7,92,11836459
7,93,11792890
7,94,11762598
7,95,11668221
7,96,11497879
7,97,11584940
7,98,11612659
7,99,12734311
7,100,11733053
7,101,11384567
7,102,11452675
7,103,11766741
7,104,11766218
7,105,11816072
7,106,11694261
7,107,11442840
7,108,11405875
7,109,11464080
7,110,11422003
7,111,11613700
7,112,11623781
7,113,11648611
7,114,11639065
7,115,11604659
7,116,11482570
7,117,11591876
7,118,11815805
7,119,11750435
7,120,11776231
7,121,11658250
7,122,11638115
7,123,11655862
7,124,11584492
7,125,11684344
7,126,11590783
7,127,11527236
7,128,11664629
7,129,11803143
7,130,11625893
7,131,11743531
7,132,11892706
7,133,11780092
7,134,11809268
7,135,11692260
7,136,11627701
7,137,11504579
7,138,11484906
7,139,11681410
7,140,11728284
7,141,11792598
7,142,11619507
7,143,11440371
7,144,11497467
7,145,11587970
7,146,35826
7,147,11466757
7,148,11562810
7,149,11627279
7,150,11586017
7,151,11577796
7,152,11609215
7,153,11841254
7,154,12076087
7,155,11881415
7,156,11764903
7,157,11680116
7,158,11552266
7,159,11515287
7,160,11662095
7,161,11996853
7,162,11847969
7,163,11686241
7,164,11738277
7,165,11605971
7,166,11564657
7,167,11603605
7,168,11655906
7,169,11995913
7,170,11693913
7,171,11674111
7,172,11840632
7,173,11626821
7,174,11628840
7,175,11667779
7,176,11670669
7,177,11834923
7,178,11869383
7,179,11816538
7,180,11695646
7,181,11793377
7,182,11648526
7,183,11658403
7,184,11765671
7,185,11849732
7,186,11720412
7,187,11819581
7,188,11690845
7,189,11641246
7,190,11881368
7,191,11817401
7,192,11863582
7,193,11526410
7,194,11474036
7,195,11617470
7,196,11898659
7,197,12093837
7,198,11999691
7,199,11928362
7,200,12078564
7,201,12079048
7,202,12390658
7,203,12517567
7,204,12014143
7,205,11965708
7,206,12214339
7,207,12089095
7,208,11986926
7,209,12166189
7,210,12338212
7,211,12373510
7,212,12021270
7,213,12008632
7,214,12356940
7,215,60915
7,216,12282875
7,217,12186268
7,218,12587137
7,219,12839075
7,220,12713139
7,221,12327053
7,222,12181259
7,223,12369044
7,224,12264907
7,225,12235450
7,226,12558849
7,227,12482747
7,228,12283665
7,229,12268577
7,230,12316774
7,231,12400421
7,232,12282110
7,233,12454663
7,234,12687879
7,235,12621970
7,236,12539110
7,237,12667723
7,238,12365434
7,239,12222594
7,240,12249531
7,241,12523530
7,242,12087129
7,243,11934507
7,244,12362088
7,245,12182578
7,246,12141105
7,247,12282356
7,248,12338464
7,249,11912160
7,250,12005153
7,251,12133898
7,252,12030625
7,253,12101640
7,254,12211054
7,255,12055722
7,256,11863827
7,257,11854720
7,258,11704228
7,259,11795868
7,260,11745473
7,261,12107976
7,262,12235891
7,263,12188540
7,264,11917597
7,265,11884438
7,266,11977432
7,267,12168209
7,268,12156484
7,269,11964513
7,270,11991224
7,271,11843758
7,272,11943952
7,273,11849423
7,274,11878057
7,275,11727126
7,276,11663340
7,277,11882218
7,278,11940840
7,279,11923600
7,280,11862991
7,281,11959158
7,282,11883411
7,283,11930729
7,284,51428
7,285,11898910
7,286,12134760
7,287,12206468
7,288,12213104
7,289,12395917
7,290,12039403
7,291,12049469
7,292,11912831
7,293,11808698
7,294,11860581
7,295,11774352
7,296,11774746
7,297,11795654
7,298,11954498
7,299,11679493
7,300,11571494
7,301,11611107
7,302,11560585
7,303,11614499
7,304,11776430
7,305,11698460
7,306,11585156
7,307,11553829
7,308,11632087
7,309,11681320
7,310,11911369
7,311,11816486
7,312,11752179
7,313,11509333
7,314,11513997
7,315,11615574
7,316,11499003
7,317,11803958
7,318,11970710
7,319,11568587
7,320,11461273
7,321,11406724
7,322,11363834
7,323,11580822
7,324,11944238
7,325,11692840
7,326,11748147
7,327,11605144
7,328,11609606
7,329,11760015
7,330,11822206
7,331,11653673
7,332,12157696
7,333,11792102
7,334,12067862
7,335,11738048
7,336,11627856
7,337,11763601
7,338,11730547
7,339,11761015
7,340,12040029
7,341,12006036
7,342,11828750
7,343,11763923
7,344,11924751
7,345,12500833
7,346,11906471
7,347,11837866
7,348,11740841
7,349,11906580
7,350,12084785
7,351,11845340
7,352,11790797
7,353,64462
7,354,11743541
7,355,11827699
7,356,11752454
7,357,11649773
7,358,11567386
7,359,11898917
7,360,11588274
7,361,11736317
7,362,11894277
7,363,11807765
7,364,11876408
7,365,11835607
7,366,11782155
7,367,12054076
7,368,11992274
7,369,11741021
7,370,11807062
7,371,11763129
7,372,11854249
7,373,11887345
7,374,11685026
7,375,11651423
7,376,11748574
7,377,11683936
7,378,11883626
7,379,11775525
7,380,11742928
7,381,11769241
7,382,11712936
7,383,11753599
7,384,11620257
7,385,11595196
7,386,11701255
7,387,11505593
7,388,11519351
7,389,11532253
7,390,11665339
7,391,11951794
7,392,11574370
7,393,11446296
7,394,11411593
7,395,11422358
7,396,11574958
7,397,11636511
7,398,11682339
7,399,11828981
7,400,11660975
7,401,11474991
7,402,11551175
7,403,11570559
7,404,11531473
7,405,11447099
7,406,11434092
7,407,11328922
7,408,11357887
7,409,11384211
7,410,11381971
7,411,11505101
7,412,11404983
7,413,11461609
7,414,11359961
7,415,11450054
7,416,11626011
7,417,11487260
7,418,11507521
7,419,11658888
7,420,11805500
7,421,11811853
7,422,57737
7,423,11945804
7,424,11853575
7,425,11907603
7,426,11946359
7,427,11792979
7,428,12010445
7,429,11950621
7,430,12148414
7,431,11984297
7,432,12101966
7,433,12290420
7,434,12364344
7,435,12556959
7,436,12612211
7,437,12099549
7,438,11964642
7,439,12058619
7,440,12010669
7,441,11979896
7,442,12069337
7,443,13602680
7,444,12206861
7,445,11836897
7,446,11907187
7,447,12047886
7,448,11907386
7,449,11987923
7,450,12105374
7,451,12414733
7,452,11935491
7,453,11731860
7,454,11654635
7,455,11717653
7,456,11826268
7,457,11685605
7,458,11566432
7,459,11524311
7,460,11510163
7,461,11589458
7,462,11451175
7,463,11618257
7,464,11610683
7,465,11650661
7,466,11554516
7,467,11431583
7,468,11368842
7,469,11426925
7,470,11332499
7,471,11501522
7,472,11566609
7,473,11439461
7,474,11440855
7,475,11451349
7,476,11451401
7,477,11606518
7,478,11640342
7,479,11690968
7,480,11655620
7,481,11559933
7,482,11874726
7,483,11998980
7,484,11887213
7,485,11784536
7,486,11680293
7,487,11588194
7,488,11634428
7,489,11497434
7,490,11446387
7,491,43213
7,492,11464974
7,493,11394115
7,494,11441040
7,495,11494011
7,496,11451144
7,497,11429515
7,498,11458963
7,499,11399707
7,500,11392397
7,501,11523774
7,502,11616525
7,503,11531932
7,504,11589895
7,505,11571333
7,506,11547488
7,507,11599339
7,508,11677602
7,509,11681168
7,510,11565848
7,511,11651438
7,512,11731486
7,513,11573486
7,514,11663648
7,515,11713917
7,516,11673626
7,517,11786814
7,518,11679813
7,519,11846859
7,520,11731382
7,521,11874314
7,522,11799701
7,523,11793379
7,524,11566151
7,525,11608862
7,526,11588774
7,527,11554257
7,528,11598989
7,529,11514147
7,530,11566107
7,531,11682611
7,532,11629734
7,533,11577227
7,534,11663680
7,535,11713571
7,536,11620382
7,537,11650642
7,538,11502894
7,539,11503872
7,540,11907231
7,541,11637923
7,542,11692358
7,543,11709491
7,544,11724645
7,545,11532577
7,546,11457583
7,547,11482954
7,548,11451622
7,549,11387414
7,550,11410562
7,551,11551186
7,552,11453207
7,553,11624919
7,554,11766737
7,555,11663516
7,556,11745944
7,557,11740199
7,558,11640175
7,559,11648788
7,560,46651
7,561,11478027
7,562,11499421
7,563,11447051
7,564,11481590
7,565,11575382
7,566,11474146
7,567,11453088
7,568,11616955
7,569,11433555
7,570,11482280
7,571,11674736
7,572,11636144
7,573,11804106
7,574,11663604
7,575,11595401
7,576,11553851
7,577,11497404
7,578,11699374
7,579,11696517
7,580,11620913
7,581,11606886
7,582,11530617
7,583,11588664
7,584,11512066
7,585,11601386
7,586,11612946
7,587,11473252
7,588,11588529
7,589,11576302
7,590,11599980
7,591,11620071
7,592,11575794
7,593,11518895
7,594,11506997
7,595,11577109
7,596,11634131
7,597,11585014
7,598,11502240
7,599,11639774
7,600,11749397
7,601,11874253
7,602,11900531
7,603,12090518
7,604,11733456
7,605,11718713
7,606,11605608
7,607,11630343
7,608,11695313
7,609,11599048
7,610,11564966
7,611,11659539
7,612,11635004
7,613,11873534
7,614,11623251
7,615,11701594
7,616,11640198
7,617,11610663
7,618,11733378
7,619,11617363
7,620,11652396
7,621,11690673
7,622,11861009
7,623,11682835
7,624,11681593
7,625,12127776
7,626,11809195
7,627,12361248
7,628,12012618
7,629,66053
7,630,11804273
7,631,11658904
7,632,11806305
7,633,11711662
7,634,11767655
7,635,12013502
7,636,11960441
7,637,11731649
7,638,11813507
7,639,11854591
7,640,11785799
7,641,11667735
7,642,11634726
7,643,11881647
7,644,11591111
7,645,11636595
7,646,11805475
7,647,11814798
7,648,11689950
7,649,11671713
7,650,11577592
7,651,11604712
7,652,11884889
7,653,11722823
7,654,11860431
7,655,11978427
7,656,11980198
7,657,12035078
7,658,11922936
7,659,11763893
7,660,11767039
7,661,11787707
7,662,11695713
7,663,11665279
7,664,11714406
7,665,12012970
7,666,11926782
7,667,11980170
7,668,12257480
7,669,12522493
7,670,12169280
7,671,12236406
7,672,12322601
7,673,12403417
7,674,12499739
7,675,12539637
7,676,12591471
7,677,12384483
7,678,12135694
7,679,12113122
7,680,12604482
7,681,12273986
7,682,12257131
7,683,12494997
7,684,12566330
7,685,12142386
7,686,12182013
7,687,12355177
7,688,12420889
7,689,12325144
8,0,12642953
8,1,12589602
8,2,12140002
8,3,12306824
8,4,12668056
8,5,12521061
8,6,12252247
8,7,12276899
8,8,62291
8,9,12414820
8,10,12001929
8,11,12003065
8,12,12115417
8,13,12197829
8,14,12007286
8,15,12264552
8,16,12450369
8,17,12275399
8,18,12284980
8,19,12446587
8,20,12190873
8,21,12092313
8,22,12377883
8,23,12255482
8,24,11921166
8,25,12056846
8,26,12240807
8,27,12172051
8,28,12180877
8,29,12183816
8,30,11898028
8,31,11754853
8,32,11572133
8,33,11628145
8,34,11660730
8,35,11636675
8,36,11608885
8,37,11528674
8,38,11586685
8,39,11746100
8,40,11628166
8,41,11535890
8,42,11521807
8,43,11356584
8,44,11449609
8,45,11452968
8,46,11281912
8,47,11273216
8,48,11653509
8,49,11541478
8,50,11392959
8,51,11504408
8,52,11583025
8,53,11610767
8,54,11653902
8,55,11350513
8,56,11462646
8,57,11528394
8,58,11597028
8,59,11624012
8,60,11626758
8,61,11541161
8,62,11424717
8,63,11420275
8,64,11568107
8,65,11473593
8,66,11373296
8,67,11482418
8,68,11363260
8,69,11574801
8,70,11443880
8,71,11482567
8,72,11446943
8,73,11420849
8,74,11386245
8,75,11585489
8,76,11547482
8,77,38594
8,78,12237604
8,79,11679274
8,80,11537854
8,81,11552816
8,82,11614600
8,83,11687771
8,84,11604865
8,85,11534060
8,86,11522096
8,87,11496911
8,88,11628077
8,89,11718317
8,90,11585502
8,91,11648772
8,92,11611160
8,93,11550589
8,94,11416466
8,95,11408372
8,96,11488105
8,97,11376232
8,98,11392302
8,99,12648668
8,100,11507357
8,101,11340070
8,102,11273845
8,103,11255064
8,104,11273953
8,105,11315758
8,106,11342547
8,107,11414926
8,108,11331231
8,109,11417515
8,110,11295738
8,111,11279906
8,112,11234108
8,113,11330695
8,114,11268830
8,115,11274506
8,116,11344748
8,117,11254211
8,118,11318188
8,119,11355821
8,120,11342419
8,121,11334327
8,122,11377716
8,123,11351352
8,124,11355202
8,125,11232305
8,126,11222889
8,127,11272213
8,128,11356747
8,129,11536623
8,130,11283089
8,131,11387255
8,132,11512559
8,133,11487670
8,134,11732163
8,135,11595697
8,136,11511530
8,137,11594966
8,138,11632521
8,139,11845177
8,140,11906028
8,141,11973749
8,142,12078351
8,143,11669669
8,144,11510424
8,145,11793668
8,146,40122
8,147,11353853
8,148,11606971
8,149,11384085
8,150,11573747
8,151,11651451
8,152,11785358
8,153,11655754
8,154,11934662
8,155,11526333
8,156,11684294
8,157,11590022
8,158,11420344
8,159,11356923
8,160,11400523
8,161,11305973
8,162,11298657
8,163,11457606
8,164,11422537
8,165,11250838
8,166,11239886
8,167,11334691
8,168,11276026
8,169,11374215
8,170,11323014
8,171,11634269
8,172,11786581
8,173,11471722
8,174,11826188
8,175,11594054
8,176,11489826
8,177,11519909
8,178,11460816
8,179,11473730
8,180,11729320
8,181,11780177
8,182,11494729
8,183,11406228
8,184,11578920
8,185,11497342
8,186,11583509
8,187,11406092
8,188,11442822
8,189,11620517
8,190,12063895
8,191,12319046
8,192,12046786
8,193,11783847
8,194,11640534
8,195,11476949
8,196,11487741
8,197,11970853
8,198,11472419
8,199,11383555
8,200,11591546
8,201,11534180
8,202,11562926
8,203,11381933
8,204,11409742
8,205,11328665
8,206,11676320
8,207,11745856
8,208,11568992
8,209,11905737
8,210,11576469
8,211,11940765
8,212,11713746
8,213,12067941
8,214,12274407
8,215,56925
8,216,12075352
8,217,11928247
8,218,12076318
8,219,12011656
8,220,11793093
8,221,11940558
8,222,12170486
8,223,12129954
8,224,11780989
8,225,11827450
8,226,11928674
8,227,11826230
8,228,12119486
8,229,12266635
8,230,12719798
8,231,12103014
8,232,12116074
8,233,12319370
8,234,12561147
8,235,12185604
8,236,12259227
8,237,12526367
8,238,12394817
8,239,12249268
8,240,12306371
8,241,12533007
8,242,12413346
8,243,12609835
8,244,12266090
8,245,12457165
8,246,12147094
8,247,12397053
8,248,12499217
8,249,12620167
8,250,13858185
8,251,12350595
8,252,12174164
8,253,11973523
8,254,12208406
8,255,12257019
8,256,12331441
8,257,12380745
8,258,12476744
8,259,12100070
8,260,12189731
8,261,12286369
8,262,12214129
8,263,12168783
8,264,12096932
8,265,12108235
8,266,11870769
8,267,11767926
8,268,11515797
8,269,11444973
8,270,11430773
8,271,11373914
8,272,11622398
8,273,11601129
8,274,11717478
8,275,11842109
8,276,11726563
8,277,11802028
8,278,12049644
8,279,11866683
8,280,11916220
8,281,12291631
8,282,11978960
8,283,11956612
8,284,54680
8,285,11948080
8,286,12027830
8,287,12377435
8,288,12068983
8,289,11882659
8,290,11748781
8,291,11636447
8,292,12190286
8,293,11672540
8,294,11767269
8,295,11580185
8,296,12237947
8,297,11630881
8,298,11647098
8,299,11557047
8,300,11459027
8,301,11578750
8,302,11524957
8,303,11349169
8,304,11267736
8,305,11348642
8,306,11649131
8,307,11267250
8,308,11314028
8,309,11387216
8,310,11340862
8,311,11366883
8,312,11357246
8,313,11528202
8,314,11354675
8,315,11444523
8,316,11392500
8,317,11361396
8,318,11247893
8,319,11504264
8,320,11424541
8,321,11459718
8,322,11517061
8,323,11368016
8,324,11567304
8,325,11389463
8,326,11309607
8,327,11381620
8,328,11348902
8,329,11384744
8,330,11594597
8,331,11569528
8,332,11608200
8,333,11456295
8,334,11486871
8,335,11467485
8,336,11405860
8,337,11401496
8,338,11529371
8,339,11447407
8,340,11553956
8,341,11421878
8,342,11501532
8,343,11504747
8,344,11536322
8,345,11370265
8,346,11385781
8,347,11464122
8,348,11363580
8,349,11402852
8,350,11438745
8,351,11296654
8,352,11449295
8,353,49325
8,354,11372332
8,355,11591456
8,356,11526186
8,357,11383176
8,358,11522879
8,359,11520360
8,360,11296864
8,361,11337922
8,362,11259459
8,363,11334942
8,364,11391865
8,365,11303992
8,366,11335069
8,367,11358541
8,368,11304402
8,369,11503086
8,370,11722026
8,371,11635116
8,372,11440781
8,373,11435504
8,374,11275996
8,375,11274488
8,376,11324112
8,377,11260180
8,378,11714582
8,379,11496391
8,380,11459872
8,381,11578388
8,382,11549660
8,383,11607817
8,384,12068716
8,385,11928614
8,386,11901435
8,387,11648377
8,388,11926436
8,389,12264787
8,390,12057721
8,391,12051102
8,392,12051007
8,393,11592014
8,394,11624378
8,395,11463925
8,396,11500082
8,397,11437029
8,398,11478535
8,399,11386896
8,400,11758673
8,401,11382889
8,402,11541871
8,403,11454118
8,404,11491706
8,405,11428605
8,406,11382700
8,407,11474917
8,408,11441882
8,409,11442325
8,410,11388582
8,411,11370639
8,412,11309833
8,413,11318983
8,414,11496521
8,415,11410039
8,416,11378363
8,417,11552549
8,418,11574126
8,419,11365919
8,420,11382378
8,421,11289464
8,422,37489
8,423,11295349
8,424,11229542
8,425,11316097
8,426,11233001
8,427,11234977
8,428,11301294
8,429,11427369
8,430,11626721
8,431,11550473
8,432,11507188
8,433,11604535
8,434,11569613
8,435,11578737
8,436,11764139
8,437,11706864
8,438,11768033
8,439,12099700
8,440,12137951
8,441,11809575
8,442,11934442
8,443,12056631
8,444,11948926
8,445,11854441
8,446,11952549
8,447,11986463
8,448,13323940
8,449,12274611
8,450,12054413
8,451,12140943
8,452,12097051
8,453,12186176
8,454,12080490
8,455,12010251
8,456,12105914
8,457,12207398
8,458,11981527
8,459,11683825
8,460,11962310
8,461,12052917
8,462,12004725
8,463,11978802
8,464,12182199
8,465,11899724
8,466,11868065
8,467,11918097
8,468,12057805
8,469,11770730
8,470,12052002
8,471,12213895
8,472,12149624
8,473,12136346
8,474,12134438
8,475,12049362
8,476,12015813
8,477,12241489
8,478,12287760
8,479,12308211
8,480,11980439
8,481,12201786
8,482,12111071
8,483,12227848
8,484,12437081
8,485,12564719
8,486,12478894
8,487,12050695
8,488,12554547
8,489,12469868
8,490,12306457
8,491,62351
8,492,12281003
8,493,12491646
8,494,12171445
8,495,12129354
8,496,12314779
8,497,12299688
8,498,11972884
8,499,11793674
8,500,11962204
8,501,11632992
8,502,11571451
8,503,11468418
8,504,11406336
8,505,11516276
8,506,11614998
8,507,11533944
8,508,12015597
8,509,11563533
8,510,11944425
8,511,11969302
8,512,12212156
8,513,11955385
8,514,12022292
8,515,11793412
8,516,11710240
8,517,11718710
8,518,11817187
8,519,12004272
8,520,12267094
8,521,12213673
8,522,12486703
8,523,12753270
8,524,12363980
8,525,12275165
8,526,12189205
8,527,12356970
8,528,11979538
8,529,12349908
8,530,12230208
8,531,12015393
8,532,12003486
8,533,11895011
8,534,12363533
8,535,12323803
8,536,12059761
8,537,12329364
8,538,12013457
8,539,12148199
8,540,19016273
8,541,12440571
8,542,12259775
8,543,12141426
8,544,11997977
8,545,12422867
8,546,12293421
8,547,11988802
8,548,11948573
8,549,12149089
8,550,11957234
8,551,12084700
8,552,12022247
8,553,11886272
8,554,11794031
8,555,11768941
8,556,11914933
8,557,11871545
8,558,12050174
8,559,11779202
8,560,47070
8,561,11950832
8,562,16724063
8,563,12749821
8,564,12272764
8,565,11622216
8,566,12016614
8,567,11654447
8,568,11936381
8,569,11811825
8,570,11642106
8,571,11884031
8,572,12550229
8,573,11989553
8,574,11838978
8,575,11971129
8,576,12736811
8,577,17511948
8,578,12331429
8,579,12344248
8,580,12175535
8,581,12133640
8,582,11991897
8,583,12209642
8,584,12331769
8,585,12234738
8,586,11949747
8,587,12108161
8,588,12274965
8,589,12221845
8,590,12152762
8,591,11912300
8,592,12122003
8,593,12025067
8,594,12073682
8,595,12351610
8,596,11923969
8,597,12365399
8,598,12106289
8,599,12594058
8,600,12067805
8,601,12282560
8,602,12194939
8,603,12188804
8,604,12021841
8,605,12395348
8,606,11929538
8,607,12140941
8,608,11871314
8,609,12301323
8,610,11957800
8,611,11922842
8,612,11910084
8,613,11872288
8,614,11778180
8,615,11730516
8,616,11989664
8,617,11705286
8,618,11644646
8,619,11821405
8,620,12106805
8,621,12061877
8,622,12114359
8,623,12344919
8,624,12272232
8,625,12285741
8,626,11801788
8,627,12174751
8,628,11952412
8,629,55612
8,630,12370832
8,631,12013295
8,632,12249183
8,633,12117486
8,634,12020793
8,635,12258050
8,636,12326157
8,637,12081572
8,638,12239374
8,639,12117117
8,640,12304773
8,641,12037688
8,642,12199541
8,643,16656395
8,644,13462043
8,645,12007994
8,646,12263222
8,647,12228792
8,648,12043913
8,649,11933845
8,650,12043860
8,651,12589710
8,652,12311860
8,653,12461127
8,654,13479193
8,655,12549803
8,656,12256210
8,657,12253831
8,658,12401953
8,659,17971229
8,660,12111107
8,661,11769695
8,662,12403382
8,663,18749279
8,664,11842574
8,665,12028181
8,666,11879782
8,667,11596314
8,668,11565367
8,669,11710649
8,670,11521878
8,671,11685922
8,672,11599618
8,673,11613976
8,674,11581615
8,675,11764643
8,676,11522209
8,677,11742828
8,678,12087703
8,679,12393294
8,680,12547437
8,681,12669549
8,682,12343248
8,683,12236310
8,684,12395354
8,685,12247056
8,686,12206513
8,687,12111780
8,688,12490567
8,689,12446377
9,0,12163274
9,1,12140101
9,2,12308483
9,3,12204358
9,4,12020054
9,5,12381725
9,6,12644555
9,7,12342961
9,8,73296
9,9,12092845
9,10,11891255
9,11,11967076
9,12,11946364
9,13,11957503
9,14,12152909
9,15,12232917
9,16,12050792
9,17,11752712
9,18,12045840
9,19,11962224
9,20,11974223
9,21,12042401
9,22,12070991
9,23,11739527
9,24,11731036
9,25,11993484
9,26,11974997
9,27,11907281
9,28,12286608
9,29,12277740
9,30,12055417
9,31,11890305
9,32,11967081
9,33,11615325
9,34,11630199
9,35,11579045
9,36,11493911
9,37,11417585
9,38,11544572
9,39,11590629
9,40,11561284
9,41,11642037
9,42,11459888
9,43,11461251
9,44,11399836
9,45,11814138
9,46,11558666
9,47,11433592
9,48,11382596
9,49,11501803
9,50,11368215
9,51,11411211
9,52,11287910
9,53,11345741
9,54,11297942
9,55,11248165
9,56,11349674
9,57,11309607
9,58,11636102
9,59,11515853
9,60,11487513
9,61,11427921
9,62,11443386
9,63,11555887
9,64,11572815
9,65,11459451
9,66,11633149
9,67,11417196
9,68,11313062
9,69,11395745
9,70,11352877
9,71,11332768
9,72,11289488
9,73,11367520
9,74,11240607
9,75,11369487
9,76,11497571
9,77,42890
9,78,11489802
9,79,11540477
9,80,11607204
9,81,11527606
9,82,11617148
9,83,11494810
9,84,11665491
9,85,11632833
9,86,11477844
9,87,11681195
9,88,11528603
9,89,11444547
9,90,11519819
9,91,11828462
9,92,11881787
9,93,12051987
9,94,13178973
9,95,11692003
9,96,11329175
9,97,11736649
9,98,11625710
9,99,11596935
9,100,11397441
9,101,11538558
9,102,11767454
9,103,12027208
9,104,11594383
9,105,11488321
9,106,11541894
9,107,11479812
9,108,11469290
9,109,11694828
9,110,11562577
9,111,11509598
9,112,11527034
9,113,11341121
9,114,11425023
9,115,11587590
9,116,11514684
9,117,11432727
9,118,11406393
9,119,11540797
9,120,11570469
9,121,11395953
9,122,11427179
9,123,11532662
9,124,11378001
9,125,11276968
9,126,11324134
9,127,11355212
9,128,11418079
9,129,11613595
9,130,11913319
9,131,12037623
9,132,11544709
9,133,11777285
9,134,11607149
9,135,11593182
9,136,11540233
9,137,11491322
9,138,11630181
9,139,11451782
9,140,11522278
9,141,11525052
9,142,11450360
9,143,11307193
9,144,11408449
9,145,11422920
9,146,36253
9,147,11456290
9,148,11312128
9,149,11258771
9,150,11340096
9,151,11338088
9,152,11487078
9,153,11281278
9,154,11335324
9,155,11380939
9,156,11469577
9,157,11318687
9,158,11354785
9,159,11241964
9,160,11309326
9,161,11234900
9,162,11347915
9,163,11294441
9,164,11427633
9,165,11339375
9,166,11221174
9,167,11348221
9,168,11243770
9,169,11439855
9,170,11375430
9,171,11488607
9,172,11453955
9,173,11501959
9,174,11540759
9,175,11574014
9,176,11588726
9,177,11439354
9,178,11583322
9,179,11546315
9,180,11704412
9,181,11645808
9,182,11768098
9,183,11688019
9,184,11773741
9,185,11543860
9,186,11552616
9,187,11572186
9,188,11476786
9,189,11518769
9,190,11878155
9,191,12107784
9,192,12027251
9,193,11874735
9,194,11815934
9,195,11814805
9,196,11754576
9,197,11524542
9,198,11525553
9,199,11422103
9,200,11341474
9,201,11532577
9,202,11468842
9,203,11595824
9,204,11482839
9,205,11262974
9,206,11337186
9,207,11425530
9,208,11290527
9,209,11368877
9,210,11330812
9,211,11422761
9,212,11249628
9,213,11585082
9,214,11372170
9,215,43113
9,216,11381473
9,217,11506015
9,218,11421111
9,219,11713440
9,220,11960902
9,221,11927215
9,222,11687748
9,223,11740312
9,224,11689232
9,225,12052452
9,226,12159975
9,227,12188513
9,228,12376054
9,229,11807737
9,230,12075995
9,231,12085043
9,232,12171357
9,233,12342525
9,234,12216224
9,235,12579605
9,236,12426277
9,237,12065823
9,238,12106484
9,239,11898901
9,240,11723818
9,241,11769157
9,242,11670932
9,243,11718839
9,244,11713433
9,245,11471860
9,246,11386191
9,247,11308854
9,248,11393102
9,249,11256179
9,250,11313665
9,251,11458102
9,252,11748050
9,253,11682987
9,254,11633454
9,255,11961039
9,256,11777336
9,257,11763046
9,258,11805106
9,259,11521460
9,260,11611957
9,261,11611980
9,262,11880198
9,263,11839934
9,264,11941799
9,265,11750499
9,266,11700303
9,267,11571062
9,268,11464687
9,269,11485442
9,270,11422951
9,271,11389892
9,272,11447683
9,273,11356509
9,274,11373926
9,275,11382900
9,276,11492339
9,277,11668518
9,278,11550425
9,279,11852087
9,280,11572611
9,281,11542068
9,282,11629464
9,283,11498300
9,284,40203
9,285,11771234
9,286,11593078
9,287,11730642
9,288,11757457
9,289,11829563
9,290,11566340
9,291,11861512
9,292,11801564
9,293,11621147
9,294,11609075
9,295,11550475
9,296,11906049
9,297,11571189
9,298,11578117
9,299,11409628
9,300,11876082
9,301,11471222
9,302,11483940
9,303,11313633
9,304,11608410
9,305,11378617
9,306,11312412
9,307,11635323
9,308,11561313
9,309,11537890
9,310,11651490
9,311,11458753
9,312,11556180
9,313,11573301
9,314,11734366
9,315,11722672
9,316,11707699
9,317,11653051
9,318,11564808
9,319,11394014
9,320,11443587
9,321,11468310
9,322,12033446
9,323,12130013
9,324,12014385
9,325,11831312
9,326,11637210
9,327,11859608
9,328,12210545
9,329,11766640
9,330,11613056
9,331,11515094
9,332,11544274
9,333,11422206
9,334,11506808
9,335,11534413
9,336,11445450
9,337,11503385
9,338,11356836
9,339,11537757
9,340,11627890
9,341,11463812
9,342,11429250
9,343,11502382
9,344,11571050
9,345,11729982
9,346,11735151
9,347,11652935
9,348,11744719
9,349,11587206
9,350,11580442
9,351,11526776
9,352,11562453
9,353,48393
9,354,11469635
9,355,11547130
9,356,11360918
9,357,11532355
9,358,11284583
9,359,11269513
9,360,11259101
9,361,11250405
9,362,11435808
9,363,11275541
9,364,11407461
9,365,11864745
9,366,11602703
9,367,11487264
9,368,11405696
9,369,11457780
9,370,11346230
9,371,11422462
9,372,11370398
9,373,11448445
9,374,11634621
9,375,11736487
9,376,11929871
9,377,11857016
9,378,11848667
9,379,11994650
9,380,11703657
9,381,11656212
9,382,11747197
9,383,11754404
9,384,11782851
9,385,11848477
9,386,11726685
9,387,11703756
9,388,11573270
9,389,11667486
9,390,11781417
9,391,11993749
9,392,12033170
9,393,11981044
9,394,12000995
9,395,12189886
9,396,12396899
9,397,12237563
9,398,12417005
9,399,12393856
9,400,12145972
9,401,12119072
9,402,11997570
9,403,12027471
9,404,11799809
9,405,11867291
9,406,12156005
9,407,11696440
9,408,11646334
9,409,11645697
9,410,11534981
9,411,11575666
9,412,11449777
9,413,11454936
9,414,11430492
9,415,11520152
9,416,11742408
9,417,11511395
9,418,11553478
9,419,11893246
9,420,11493370
9,421,11426501
9,422,44727
9,423,11365965
9,424,11379153
9,425,11376128
9,426,11507397
9,427,11477016
9,428,11494665
9,429,11693738
9,430,11690736
9,431,11671720
9,432,11811147
9,433,12129889
9,434,12239492
9,435,12223270
9,436,12332945
9,437,12076776
9,438,12140891
9,439,12175359
9,440,12138780
9,441,12227308
9,442,12209825
9,443,13450960
9,444,12135285
9,445,12028816
9,446,12038948
9,447,12020632
9,448,12210329
9,449,11836737
9,450,12067830
9,451,12115020
9,452,11758225
9,453,11810144
9,454,12059191
9,455,12010058
9,456,11783256
9,457,11871154
9,458,12112964
9,459,12195032
9,460,12382085
9,461,12551861
9,462,12068902
9,463,11957181
9,464,12198580
9,465,12339365
9,466,12232325
9,467,12561564
9,468,12595354
9,469,12530438
9,470,12254787
9,471,12220602
9,472,12413325
9,473,12281618
9,474,12490556
9,475,12381677
9,476,12603896
9,477,12593075
9,478,12280400
9,479,12380156
9,480,12498059
9,481,12397451
9,482,12603448
9,483,12511135
9,484,12647218
9,485,12308159
9,486,12356552
9,487,12369301
9,488,12608459
9,489,12406592
9,490,12568483
9,491,65223
9,492,12466530
9,493,12212732
9,494,12205934
9,495,12570890
9,496,12406696
9,497,12480207
9,498,12651079
9,499,12466672
9,500,12184184
9,501,12211869
9,502,12390671
9,503,12236047
9,504,12207446
9,505,12342568
9,506,12278924
9,507,11991547
9,508,12068804
9,509,12381382
9,510,13071720
9,511,12113500
9,512,12199079
9,513,12026420
9,514,11959970
9,515,12052711
9,516,12126912
9,517,12121281
9,518,11993557
9,519,12080748
9,520,12193348
9,521,11770347
9,522,11841066
9,523,11845163
9,524,11998234
9,525,11988860
9,526,11873176
9,527,11830605
9,528,11800024
9,529,11774080
9,530,11823599
9,531,11921075
9,532,11900368
9,533,13335002
9,534,12342879
9,535,12072003
9,536,12124268
9,537,12063379
9,538,12028566
9,539,11892131
9,540,11838818
9,541,11645013
9,542,11555627
9,543,11554728
9,544,11444601
9,545,11466721
9,546,11432640
9,547,11423431
9,548,11377920
9,549,11588818
9,550,11700386
9,551,11684337
9,552,11689432
9,553,11583291
9,554,11586022
9,555,11517825
9,556,11636981
9,557,11818272
9,558,11645438
9,559,11563625
9,560,51262
9,561,11518312
9,562,11461479
9,563,11608306
9,564,11530814
9,565,11473768
9,566,11536342
9,567,11572372
9,568,11600218
9,569,11647261
9,570,11698041
9,571,11688536
9,572,11671353
9,573,11681194
9,574,11646395
9,575,11516502
9,576,11544421
9,577,11583498
9,578,11722452
9,579,11600162
9,580,11753066
9,581,11669669
9,582,11732893
9,583,11557585
9,584,11669439
9,585,11673936
9,586,11682377
9,587,11618767
9,588,11543582
9,589,11599226
9,590,11531903
9,591,11530838
9,592,11690207
9,593,11583053
9,594,11419411
9,595,11477499
9,596,11534699
9,597,11583817
9,598,11467515
9,599,11644801
9,600,12076000
9,601,12432959
9,602,12506632
9,603,12490146
9,604,12134048
9,605,12566330
9,606,12484110
9,607,12581424
9,608,12417145
9,609,12247698
9,610,12308544
9,611,12365379
9,612,12044552
9,613,12074118
9,614,12076213
9,615,12022533
9,616,12017769
9,617,11800904
9,618,11836859
9,619,12144309
9,620,11953434
9,621,11997541
9,622,12033794
9,623,12171406
9,624,11987346
9,625,12030410
9,626,12149461
9,627,12323572
9,628,12325345
9,629,61696
9,630,12327423
9,631,12448104
9,632,12306395
9,633,12239480
9,634,12439998
9,635,12189634
9,636,12117233
9,637,12320978
9,638,12110357
9,639,12000127
9,640,12084355
9,641,12045911
9,642,12086449
9,643,12236755
9,644,11987499
9,645,11982371
9,646,12028256
9,647,12265274
9,648,12361107
9,649,12187576
9,650,12153447
9,651,11871311
9,652,12169153
9,653,12051882
9,654,12109074
9,655,12182264
9,656,12200506
9,657,11905788
9,658,11932220
9,659,11745457
9,660,12034757
9,661,12174963
9,662,11992739
9,663,12226219
9,664,12174241
9,665,12175895
9,666,12174175
9,667,12011788
9,668,12224597
9,669,12348026
9,670,12281647
9,671,12617127
9,672,12282968
9,673,12282220
9,674,12173193
9,675,12345406
9,676,12320976
9,677,12261661
9,678,12106759
9,679,12237857
9,680,12277232
9,681,12324243
9,682,12351937
9,683,12451616
9,684,12335733
9,685,12218053
9,686,12214789
9,687,12202173
9,688,12165082
9,689,12151097
