round,item,latency_ns
0,0,13655515
0,1,12209749
0,2,13195235
0,3,12848354
0,4,11921924
0,5,11864174
0,6,12546384
0,7,12446270
0,8,57463
0,9,11758168
0,10,12521387
0,11,12269968
0,12,12443145
0,13,11954292
0,14,12531227
0,15,12331317
0,16,12137816
0,17,12219914
0,18,12787500
0,19,12295246
0,20,11778491
0,21,11631950
0,22,12438544
0,23,12389280
0,24,11664124
0,25,11983195
0,26,12623745
0,27,12593451
0,28,12633685
0,29,11720786
0,30,12617482
0,31,12392797
0,32,11584176
0,33,11797835
0,34,12720424
0,35,12313624
0,36,11584052
0,37,11735462
0,38,18861488
0,39,12511221
0,40,12081735
0,41,11890315
0,42,13156789
0,43,12353616
0,44,12113010
0,45,11820911
0,46,13083149
0,47,12401034
0,48,12326600
0,49,11873135
0,50,19071264
0,51,12722108
0,52,11845711
0,53,11823587
0,54,12571744
0,55,12436965
0,56,12110496
0,57,11618294
0,58,12697022
0,59,12803316
0,60,11601375
0,61,12074910
0,62,13150092
0,63,12668614
0,64,11752180
0,65,11795326
0,66,13610219
0,67,12429803
0,68,12196740
0,69,12615207
0,70,12764322
0,71,12503034
0,72,12132158
0,73,12364943
0,74,12672319
0,75,12722823
0,76,11792965
0,77,61371
0,78,13751438
0,79,12751058
0,80,12176374
0,81,11719616
0,82,19044032
0,83,12684316
0,84,12072275
0,85,11902387
0,86,25100028
0,87,12563500
0,88,12304860
0,89,11589763
0,90,15972086
0,91,12465774
0,92,12075752
0,93,12009266
0,94,13087702
0,95,12687485
0,96,11538292
0,97,11762938
0,98,12844881
0,99,12559247
0,100,12237987
0,101,11834135
0,102,13109576
0,103,12401929
0,104,11902988
0,105,11836694
0,106,13081434
0,107,12256769
0,108,20924220
0,109,11739992
0,110,12950089
0,111,12534561
0,112,25780861
0,113,12123283
0,114,13232636
0,115,13184559
0,116,26481708
0,117,11911803
0,118,13592415
0,119,12811631
0,120,16957515
0,121,12505312
0,122,12967378
0,123,13113613
0,124,12465592
0,125,11586461
0,126,12932340
0,127,12898819
0,128,13364038
0,129,12573576
0,130,12574657
0,131,12386194
0,132,11709708
0,133,12008998
0,134,12775668
0,135,12548969
0,136,11501902
0,137,12392943
0,138,12611188
0,139,12605073
0,140,12115389
0,141,12378868
0,142,12832893
0,143,12391510
0,144,11693700
0,145,12398597
0,146,56272
0,147,12734400
0,148,12186384
0,149,11764130
0,150,12704575
0,151,12360837
0,152,11863346
0,153,11662256
0,154,12672748
0,155,12187526
0,156,11950793
0,157,11748867
0,158,12502744
0,159,11998299
0,160,11936084
0,161,12192602
0,162,12561299
0,163,12881417
0,164,11497153
0,165,11791055
0,166,12559374
0,167,12450124
0,168,12111655
0,169,12005159
0,170,12644027
0,171,12035263
0,172,12042171
0,173,12559815
0,174,13939544
0,175,12475116
0,176,12053693
0,177,12636322
0,178,12942226
0,179,12886234
0,180,11663451
0,181,11769972
0,182,12894258
0,183,12759008
0,184,11794316
0,185,11689537
0,186,12676526
0,187,12545493
0,188,11843737
0,189,12181987
0,190,12800653
0,191,12280708
0,192,11924123
0,193,13068503
0,194,12566142
0,195,12303802
0,196,11499448
0,197,12153029
0,198,12550717
0,199,12816993
0,200,12121750
0,201,12263056
0,202,12863197
0,203,12262144
0,204,11657142
0,205,12943684
0,206,12392631
0,207,12359421
0,208,11882787
0,209,12135899
0,210,12797240
0,211,12499224
0,212,11859354
0,213,11728623
0,214,12690717
0,215,51212
0,216,11516920
0,217,11744989
0,218,12554032
0,219,12357918
0,220,11415984
0,221,13418624
0,222,12529742
0,223,12739174
0,224,12123009
0,225,12084158
0,226,12546232
0,227,12602081
0,228,11521789
0,229,11720311
0,230,12608383
0,231,12152427
0,232,11609568
0,233,11796480
0,234,12859971
0,235,12626081
0,236,12066959
0,237,12948342
0,238,13390104
0,239,12399900
0,240,11763800
0,241,11858615
0,242,12738841
0,243,12292042
0,244,11608401
0,245,11734905
0,246,12622507
0,247,12615600
0,248,11606660
0,249,11791427
0,250,12658808
0,251,12253018
0,252,11772481
0,253,12654898
0,254,12750853
0,255,12557072
0,256,12071939
0,257,11804568
0,258,12931423
0,259,13107047
0,260,12277917
0,261,11686643
0,262,12799528
0,263,12377386
0,264,11658950
0,265,11878664
0,266,12951704
0,267,12421937
0,268,12461426
0,269,12532499
0,270,12727131
0,271,12352925
0,272,11926786
0,273,12732478
0,274,13788874
0,275,12832107
0,276,11933514
0,277,11717885
0,278,12846259
0,279,13250954
0,280,12100444
0,281,11834628
0,282,13828706
0,283,12631501
0,284,83536
0,285,12529316
0,286,13066704
0,287,12271603
0,288,11764382
0,289,12057582
0,290,13181808
0,291,12371047
0,292,11905059
0,293,12093328
0,294,12922670
0,295,12470286
0,296,12048321
0,297,11926178
0,298,12733123
0,299,12294078
0,300,15050956
0,301,12682901
0,302,14430108
0,303,12025766
0,304,16907959
0,305,12073522
0,306,13027116
0,307,12677621
0,308,11668569
0,309,11961144
0,310,13108694
0,311,12916369
0,312,11683963
0,313,12051818
0,314,12942363
0,315,12301173
0,316,11601271
0,317,12859956
0,318,13630262
0,319,13846710
0,320,13090376
0,321,13006790
0,322,12534264
0,323,13182819
0,324,12037014
0,325,11739580
0,326,12544065
0,327,12512603
0,328,11920443
0,329,12545569
0,330,13394145
0,331,12295651
0,332,11657869
0,333,13926046
0,334,13176675
0,335,12229529
0,336,11582963
0,337,12221604
0,338,13119035
0,339,12514142
0,340,11699065
0,341,11765687
0,342,12744587
0,343,12642759
0,344,11651221
0,345,11670472
0,346,12784066
0,347,12546007
0,348,11841663
0,349,12871676
0,350,12816679
0,351,12577553
0,352,12597358
0,353,60607
0,354,14003467
0,355,12527319
0,356,11454268
0,357,11958266
0,358,13995608
0,359,12904612
0,360,11741980
0,361,11914894
0,362,18646570
0,363,12664672
0,364,11657589
0,365,11933402
0,366,25209075
0,367,12454244
0,368,11638415
0,369,13054272
0,370,23450877
0,371,12411348
0,372,11821151
0,373,13087699
0,374,28896370
0,375,13109425
0,376,12768787
0,377,11771584
0,378,26528904
0,379,12773806
0,380,16433726
0,381,11848502
0,382,13203635
0,383,12934581
0,384,20625274
0,385,12445418
0,386,13156184
0,387,13064125
0,388,15766610
0,389,12139435
0,390,13029676
0,391,13364745
0,392,20876862
0,393,11915486
0,394,13219819
0,395,16213010
0,396,14022538
0,397,11843531
0,398,13701289
0,399,13720408
0,400,26117729
0,401,12962414
0,402,13148022
0,403,13779432
0,404,22253790
0,405,14101344
0,406,17759055
0,407,15584406
0,408,21961669
0,409,13716553
0,410,13265881
0,411,14979575
0,412,27771248
0,413,13603613
0,414,12961166
0,415,28668211
0,416,21866160
0,417,13424907
0,418,12988552
0,419,17857703
0,420,12222337
0,421,15353150
0,422,52956
0,423,13018626
0,424,13875300
0,425,14240100
0,426,12905613
0,427,13278419
0,428,22401123
0,429,14245224
0,430,12687399
0,431,12640836
0,432,16993986
0,433,13164287
0,434,12779493
0,435,15122918
0,436,12500610
0,437,13251720
0,438,12716121
0,439,12131198
0,440,11930672
0,441,12470193
0,442,12849593
0,443,12314580
0,444,11997524
0,445,13610293
0,446,17930395
0,447,14703087
0,448,11884688
0,449,12463621
0,450,12568629
0,451,15698490
0,452,11831800
0,453,12696798
0,454,15148895
0,455,13797220
0,456,12282900
0,457,13320000
0,458,16235643
0,459,13450624
0,460,13187483
0,461,12351163
0,462,16508486
0,463,12489407
0,464,22894988
0,465,13207246
0,466,13028194
0,467,12545433
0,468,12897663
0,469,12284116
0,470,16684926
0,471,12132719
0,472,12047981
0,473,12843100
0,474,13052417
0,475,13882285
0,476,17721134
0,477,12829707
0,478,13072295
0,479,14004096
0,480,20424433
0,481,12755459
0,482,12867729
0,483,15514496
0,484,11925065
0,485,12581967
0,486,12750212
0,487,16680316
0,488,12283678
0,489,12456275
0,490,13232935
0,491,55644
0,492,11716460
0,493,12463282
0,494,12508223
0,495,12879714
0,496,11821720
0,497,12320594
0,498,12721348
0,499,12974721
0,500,11787453
0,501,12219440
0,502,13122786
0,503,13740392
0,504,11800723
0,505,12353858
0,506,12736058
0,507,13295023
0,508,11827827
0,509,14869295
0,510,12869930
0,511,13037666
0,512,12065867
0,513,14068073
0,514,12824196
0,515,12810682
0,516,11821813
0,517,12766098
0,518,13671435
0,519,13165100
0,520,11622623
0,521,11789629
0,522,13594265
0,523,13615014
0,524,11684497
0,525,11829817
0,526,13179933
0,527,13402933
0,528,13060429
0,529,12028759
0,530,13601878
0,531,13334801
0,532,13434850
0,533,12021953
0,534,13232748
0,535,13041487
0,536,12768488
0,537,11860178
0,538,12868931
0,539,12722938
0,540,12030689
0,541,12154350
0,542,12986036
0,543,13229563
0,544,12071525
0,545,12083931
0,546,16705608
0,547,12721030
0,548,12700068
0,549,11867081
0,550,13251941
0,551,13794175
0,552,13095703
0,553,11898958
0,554,13164701
0,555,13197501
0,556,11961738
0,557,11911093
0,558,13934649
0,559,13434180
0,560,45159
0,561,12159149
0,562,13460247
0,563,14010864
0,564,12287843
0,565,12452084
0,566,13415821
0,567,12790879
0,568,12238271
0,569,12127333
0,570,14157173
0,571,13095931
0,572,11946415
0,573,12162363
0,574,13448940
0,575,13709022
0,576,12612905
0,577,12290453
0,578,13982787
0,579,13460960
0,580,12374595
0,581,12734701
0,582,13298224
0,583,13021294
0,584,12476531
0,585,12035264
0,586,13382054
0,587,13010430
0,588,11948862
0,589,12388302
0,590,13520269
0,591,14920270
0,592,11882856
0,593,12856898
0,594,12908318
0,595,13352109
0,596,12346498
0,597,12287997
0,598,13564210
0,599,13781299
0,600,12283985
0,601,11883172
0,602,12724655
0,603,12580775
0,604,11874315
0,605,12655867
0,606,12987433
0,607,12791637
0,608,12233710
0,609,12392615
0,610,14172695
0,611,13326774
0,612,12477599
0,613,13048319
0,614,13355285
0,615,13793348
0,616,12316280
0,617,12392690
0,618,13541687
0,619,13666360
0,620,11922257
0,621,12177277
0,622,12787854
0,623,12926078
0,624,11819963
0,625,12503230
0,626,12707576
0,627,12936687
0,628,12275078
0,629,51286
0,630,13004551
0,631,12744639
0,632,16130949
0,633,12106275
0,634,12387224
0,635,12582704
0,636,12104711
0,637,11771042
0,638,12569497
0,639,13064076
0,640,12164982
0,641,12355691
0,642,12529984
0,643,12973983
0,644,12491102
0,645,12063113
0,646,12318918
0,647,13253936
0,648,11882388
0,649,12190582
0,650,12476817
0,651,12653813
0,652,12053711
0,653,12009522
0,654,12641715
0,655,11812356
0,656,11417726
0,657,12410307
0,658,12883275
0,659,11862479
0,660,11756455
0,661,12588944
0,662,13102710
0,663,11995861
0,664,11388110
0,665,12905688
0,666,13107211
0,667,11607348
0,668,11465670
0,669,12011115
0,670,12764688
0,671,11653240
0,672,11509177
0,673,12205793
0,674,12835800
0,675,11667646
0,676,11409451
0,677,12175233
0,678,12865877
0,679,11548428
0,680,11447536
0,681,12196174
0,682,12828197
0,683,11473168
0,684,11759298
0,685,12523867
0,686,13330595
0,687,11593768
0,688,11750740
0,689,11835794
1,0,12539499
1,1,12535330
1,2,12431107
1,3,13699265
1,4,12673376
1,5,12235808
1,6,12403489
1,7,13410210
1,8,71526
1,9,11820739
1,10,11972472
1,11,13357803
1,12,12305023
1,13,11878479
1,14,12251091
1,15,13482157
1,16,12314532
1,17,11756717
1,18,11715239
1,19,13111407
1,20,11836216
1,21,11832636
1,22,11607374
1,23,13262724
1,24,11786621
1,25,11949476
1,26,12325121
1,27,13080345
1,28,12601542
1,29,11795566
1,30,11743089
1,31,13158273
1,32,11739967
1,33,11948194
1,34,11751099
1,35,13682486
1,36,12237509
1,37,11837809
1,38,12344992
1,39,13502102
1,40,12483511
1,41,11678600
1,42,11713877
1,43,13179401
1,44,11736559
1,45,11498666
1,46,12159372
1,47,13344270
1,48,12389865
1,49,11975376
1,50,12188050
1,51,13591677
1,52,12470576
1,53,12110604
1,54,11994604
1,55,13454066
1,56,12004776
1,57,12145195
1,58,11888005
1,59,13451340
1,60,12237429
1,61,11848401
1,62,12303681
1,63,14067485
1,64,11924884
1,65,11710771
1,66,12250872
1,67,13657360
1,68,11887435
1,69,12104251
1,70,12337495
1,71,13575840
1,72,12273152
1,73,11903106
1,74,11800286
1,75,13553688
1,76,11686302
1,77,47848
1,78,11480092
1,79,13432462
1,80,12101588
1,81,11625563
1,82,12408818
1,83,13336674
1,84,12211975
1,85,11797120
1,86,11998870
1,87,12930293
1,88,11932822
1,89,12013978
1,90,11868724
1,91,13389221
1,92,11837577
1,93,11949839
1,94,12290773
1,95,13029861
1,96,11922626
1,97,11694519
1,98,12142644
1,99,13065701
1,100,11826075
1,101,11904440
1,102,11608103
1,103,13533993
1,104,11602904
1,105,11845712
1,106,12131122
1,107,13276928
1,108,11931459
1,109,11793404
1,110,11763538
1,111,13290988
1,112,12202728
1,113,11747782
1,114,11849342
1,115,13197379
1,116,11690907
1,117,11701142
1,118,11941161
1,119,12950778
1,120,11855810
1,121,12216970
1,122,11937368
1,123,13176173
1,124,11723167
1,125,11953637
1,126,11901065
1,127,13113560
1,128,12063866
1,129,12214536
1,130,11589695
1,131,13425602
1,132,11586600
1,133,11666435
1,134,11836615
1,135,14013050
1,136,11774581
1,137,11829916
1,138,11730825
1,139,14079421
1,140,11988959
1,141,12749469
1,142,11759301
1,143,13160695
1,144,11802789
1,145,11868475
1,146,43226
1,147,13385316
1,148,12195489
1,149,11822337
1,150,11875999
1,151,13281381
1,152,11999662
1,153,12523168
1,154,12693545
1,155,14287602
1,156,11867338
1,157,12152385
1,158,11875103
1,159,14646578
1,160,12130859
1,161,11922778
1,162,12040305
1,163,13930993
1,164,11880580
1,165,12436142
1,166,11636335
1,167,13257235
1,168,11993643
1,169,12046286
1,170,11549402
1,171,13443388
1,172,12454693
1,173,12409383
1,174,22543962
1,175,13469291
1,176,12161683
1,177,12513589
1,178,12069695
1,179,13218338
1,180,12190468
1,181,12189660
1,182,12230149
1,183,13273059
1,184,12323970
1,185,12676945
1,186,11600864
1,187,13412661
1,188,11769448
1,189,12335816
1,190,11750437
1,191,13983167
1,192,11934139
1,193,11904513
1,194,12318049
1,195,13085670
1,196,12166062
1,197,12503783
1,198,12732570
1,199,13057182
1,200,11969887
1,201,12007591
1,202,11720901
1,203,13515663
1,204,12010790
1,205,12225795
1,206,11723919
1,207,13363993
1,208,12093568
1,209,11906548
1,210,12057775
1,211,13208157
1,212,12297884
1,213,12007843
1,214,12411415
1,215,51266
1,216,12463553
1,217,12243758
1,218,11872897
1,219,13215479
1,220,11925443
1,221,12194760
1,222,12188704
1,223,13519530
1,224,11656483
1,225,11782052
1,226,12357592
1,227,13286785
1,228,12526961
1,229,12705010
1,230,11944204
1,231,13726449
1,232,12046521
1,233,11831618
1,234,11847013
1,235,13397023
1,236,11564656
1,237,12160125
1,238,11806109
1,239,13027994
1,240,13098295
1,241,11883542
1,242,11906803
1,243,13033481
1,244,12155911
1,245,11762464
1,246,12016820
1,247,13228032
1,248,13709782
1,249,12259186
1,250,12418289
1,251,12866242
1,252,12256711
1,253,12350842
1,254,11921094
1,255,13318525
1,256,11838280
1,257,12296571
1,258,11892514
1,259,13638440
1,260,12921559
1,261,11972006
1,262,11749188
1,263,13416760
1,264,11717772
1,265,11681031
1,266,11809058
1,267,13215403
1,268,11606324
1,269,12177407
1,270,11608152
1,271,13127951
1,272,12465186
1,273,11867103
1,274,11661777
1,275,13481161
1,276,12141612
1,277,11790733
1,278,11722247
1,279,13225312
1,280,12627529
1,281,11489416
1,282,14980955
1,283,17668668
1,284,53413
1,285,11824481
1,286,11836048
1,287,13725664
1,288,11851759
1,289,12040433
1,290,13234898
1,291,13932441
1,292,11919725
1,293,11892485
1,294,12352175
1,295,12880703
1,296,13193331
1,297,12261397
1,298,12193636
1,299,12965509
1,300,12556310
1,301,12219665
1,302,11635803
1,303,13120382
1,304,11818381
1,305,11972292
1,306,11917478
1,307,13574146
1,308,11850012
1,309,11836752
1,310,12689866
1,311,13142993
1,312,12177681
1,313,11789425
1,314,12161177
1,315,13292917
1,316,12506083
1,317,12062297
1,318,12190468
1,319,13223120
1,320,12069244
1,321,11979779
1,322,11959267
1,323,13210189
1,324,12238535
1,325,11907422
1,326,11843103
1,327,13062457
1,328,12053675
1,329,12055690
1,330,11808574
1,331,13010979
1,332,11772425
1,333,12322981
1,334,11691196
1,335,13182935
1,336,12017727
1,337,11824251
1,338,11928161
1,339,12818910
1,340,12096236
1,341,12141257
1,342,12131362
1,343,13249852
1,344,12141003
1,345,12234975
1,346,11774656
1,347,13652072
1,348,12057456
1,349,11957725
1,350,12471346
1,351,13147751
1,352,11983519
1,353,46280
1,354,12618688
1,355,13527187
1,356,11925296
1,357,11884017
1,358,11658622
1,359,13389852
1,360,11748647
1,361,12183519
1,362,11817367
1,363,14206287
1,364,11615481
1,365,11722209
1,366,11877743
1,367,13133468
1,368,12356125
1,369,11699343
1,370,11927035
1,371,13598067
1,372,11782379
1,373,11694904
1,374,12093357
1,375,13608685
1,376,11826032
1,377,11740175
1,378,12099849
1,379,13536334
1,380,12472583
1,381,11894010
1,382,12011577
1,383,13481439
1,384,12287007
1,385,11711387
1,386,11994841
1,387,13482033
1,388,12185896
1,389,12096760
1,390,11956272
1,391,13317245
1,392,11734108
1,393,11765670
1,394,11490940
1,395,13224559
1,396,11928176
1,397,11614239
1,398,12560160
1,399,13929563
1,400,12478285
1,401,11928575
1,402,11857315
1,403,13383039
1,404,12135620
1,405,12383484
1,406,12091584
1,407,13587811
1,408,11962824
1,409,13269618
1,410,12042587
1,411,13645185
1,412,11982681
1,413,11918179
1,414,11830371
1,415,13771434
1,416,12162683
1,417,11626145
1,418,12107267
1,419,13445883
1,420,11677793
1,421,11512952
1,422,45096
1,423,13521619
1,424,12515989
1,425,11507494
1,426,11923659
1,427,13447753
1,428,11929308
1,429,12070206
1,430,12119614
1,431,13602431
1,432,12672003
1,433,11964685
1,434,12158843
1,435,12989608
1,436,12180479
1,437,11815032
1,438,11923035
1,439,13154900
1,440,11928946
1,441,11675299
1,442,11675806
1,443,13030605
1,444,12304922
1,445,11668382
1,446,12054108
1,447,13038466
1,448,11816968
1,449,11915520
1,450,15755923
1,451,13092854
1,452,11873077
1,453,11920252
1,454,12332987
1,455,12863234
1,456,12465553
1,457,12176199
1,458,11890077
1,459,13255871
1,460,11952262
1,461,12202777
1,462,12340200
1,463,12982805
1,464,12135203
1,465,12203584
1,466,12303673
1,467,13032248
1,468,11927369
1,469,11915540
1,470,11922774
1,471,13118610
1,472,11723636
1,473,12482372
1,474,11792362
1,475,13585476
1,476,11764442
1,477,11864402
1,478,12315976
1,479,13158440
1,480,11316871
1,481,12424297
1,482,11659255
1,483,13041354
1,484,11946917
1,485,11754593
1,486,11533932
1,487,13212821
1,488,11655465
1,489,11875000
1,490,11772422
1,491,49465
1,492,11533121
1,493,12496310
1,494,11814472
1,495,13154663
1,496,11506181
1,497,11821309
1,498,11820473
1,499,13432544
1,500,11925615
1,501,11732106
1,502,12185491
1,503,13161562
1,504,11775101
1,505,12247389
1,506,11750044
1,507,12969348
1,508,11641260
1,509,11889198
1,510,11889302
1,511,12997025
1,512,11781569
1,513,11722233
1,514,11634936
1,515,13074332
1,516,11909469
1,517,12227986
1,518,11539489
1,519,13510652
1,520,11511311
1,521,11581679
1,522,11769116
1,523,13048205
1,524,11615864
1,525,12052464
1,526,32366565
1,527,13924454
1,528,11863908
1,529,11933050
1,530,40744293
1,531,13943825
1,532,11821401
1,533,11940309
1,534,11561640
1,535,13566916
1,536,12022214
1,537,12404090
1,538,11835517
1,539,13092657
1,540,11614976
1,541,11970237
1,542,11647874
1,543,13427543
1,544,12205222
1,545,11724614
1,546,11792629
1,547,13528782
1,548,18154995
1,549,12299174
1,550,11673456
1,551,13702452
1,552,12331687
1,553,11925945
1,554,11661288
1,555,13636404
1,556,11698468
1,557,12292521
1,558,11732007
1,559,13478125
1,560,47974
1,561,12883525
1,562,11743219
1,563,13436607
1,564,11733241
1,565,11779085
1,566,12791591
1,567,13242109
1,568,11727725
1,569,12666032
1,570,11796611
1,571,13276663
1,572,11651875
1,573,11654905
1,574,11830609
1,575,13273109
1,576,11461578
1,577,12133170
1,578,11515309
1,579,12998528
1,580,11982308
1,581,13015338
1,582,11800261
1,583,13100885
1,584,11963123
1,585,12272323
1,586,11947465
1,587,13813168
1,588,12400767
1,589,11885165
1,590,11789842
1,591,13762180
1,592,11814169
1,593,12384618
1,594,11684244
1,595,13449184
1,596,11837022
1,597,12278703
1,598,12042183
1,599,13688958
1,600,12490804
1,601,12456213
1,602,11942387
1,603,15369531
1,604,11588720
1,605,12071626
1,606,12031763
1,607,14099752
1,608,11920744
1,609,12308105
1,610,11674918
1,611,13632884
1,612,11946006
1,613,12037384
1,614,11413702
1,615,13650720
1,616,11919165
1,617,11885552
1,618,11672172
1,619,13074086
1,620,12356193
1,621,11873117
1,622,11698224
1,623,12951777
1,624,12490796
1,625,11981784
1,626,11789753
1,627,12750930
1,628,11654538
1,629,42676
1,630,11697836
1,631,12923393
1,632,11620335
1,633,11771131
1,634,11901508
1,635,12756890
1,636,12253481
1,637,11732633
1,638,11802472
1,639,12488052
1,640,11558548
1,641,11766043
1,642,12257820
1,643,12447720
1,644,11569442
1,645,11799206
1,646,12068708
1,647,12082907
1,648,12171833
1,649,11735328
1,650,12409762
1,651,12365471
1,652,12412806
1,653,12467814
1,654,12170745
1,655,12721547
1,656,11575339
1,657,11897835
1,658,12160295
1,659,12701449
1,660,12708355
1,661,12545279
1,662,12400323
1,663,12581668
1,664,12631174
1,665,12325206
1,666,12165169
1,667,12824531
1,668,12832996
1,669,12350811
1,670,12022578
1,671,12686353
1,672,12006975
1,673,12447164
1,674,12423155
1,675,12962342
1,676,12419889
1,677,12325739
1,678,11940944
1,679,13114104
1,680,12459677
1,681,12283777
1,682,12143336
1,683,12943314
1,684,12260094
1,685,12779522
1,686,11866310
1,687,12709943
1,688,11958143
1,689,12105699
2,0,13914772
2,1,15914880
2,2,14968317
2,3,14794427
2,4,12694239
2,5,13111484
2,6,12817037
2,7,11868222
2,8,87599
2,9,12471611
2,10,19829719
2,11,11888237
2,12,12355853
2,13,13098746
2,14,12818326
2,15,12030732
2,16,12944800
2,17,12720373
2,18,13260167
2,19,11954617
2,20,12794822
2,21,13310706
2,22,13350793
2,23,12392859
2,24,12230123
2,25,13178993
2,26,12872711
2,27,12042632
2,28,12661966
2,29,12284778
2,30,12379709
2,31,11802660
2,32,11970199
2,33,12738490
2,34,12551352
2,35,11763934
2,36,11799644
2,37,12539130
2,38,12389521
2,39,11837703
2,40,12317924
2,41,12410703
2,42,12421735
2,43,11699054
2,44,11742224
2,45,12522346
2,46,12719800
2,47,11811569
2,48,12835195
2,49,12605391
2,50,12933207
2,51,11759201
2,52,11906122
2,53,12842559
2,54,13353416
2,55,12603826
2,56,11776996
2,57,12703346
2,58,12775425
2,59,12520553
2,60,11921696
2,61,11978625
2,62,13299792
2,63,11811927
2,64,11999571
2,65,12195853
2,66,12496697
2,67,11900652
2,68,12113877
2,69,12053709
2,70,13109232
2,71,12046045
2,72,12042885
2,73,13104519
2,74,12896634
2,75,11802209
2,76,11883710
2,77,52481
2,78,12706354
2,79,11637649
2,80,12049513
2,81,13083944
2,82,12603811
2,83,12167350
2,84,12502006
2,85,12517082
2,86,12616034
2,87,11832317
2,88,12106926
2,89,12431304
2,90,12741170
2,91,12248189
2,92,12252101
2,93,14036893
2,94,12826996
2,95,12475521
2,96,12064914
2,97,13610893
2,98,12663219
2,99,11902083
2,100,12064181
2,101,12374415
2,102,12483406
2,103,12278711
2,104,12601310
2,105,12434616
2,106,12439813
2,107,12067663
2,108,11910061
2,109,12254174
2,110,12418268
2,111,11752990
2,112,11721676
2,113,12351089
2,114,12531932
2,115,11966780
2,116,12328280
2,117,12445465
2,118,13349972
2,119,11771461
2,120,11733106
2,121,12390833
2,122,13141519
2,123,11881916
2,124,11716668
2,125,13671860
2,126,12908803
2,127,12161463
2,128,12373906
2,129,12502619
2,130,12736553
2,131,12985076
2,132,13121546
2,133,13043207
2,134,12608771
2,135,11834635
2,136,12438992
2,137,12367266
2,138,12726063
2,139,12158662
2,140,11889476
2,141,13130840
2,142,12777804
2,143,11802610
2,144,11992975
2,145,12859390
2,146,56776
2,147,12611038
2,148,12782015
2,149,12907783
2,150,16404971
2,151,11735827
2,152,12086362
2,153,12922213
2,154,12771524
2,155,12418731
2,156,12126565
2,157,12592616
2,158,16498664
2,159,12196355
2,160,12861902
2,161,12584270
2,162,12630567
2,163,12155653
2,164,12104920
2,165,12559465
2,166,12529362
2,167,11968233
2,168,12641083
2,169,12257301
2,170,14182000
2,171,12277066
2,172,11959296
2,173,12581608
2,174,14678848
2,175,11753533
2,176,11903279
2,177,12330320
2,178,12693987
2,179,11899686
2,180,12821787
2,181,12460580
2,182,12603527
2,183,12024464
2,184,11995909
2,185,12258039
2,186,12474766
2,187,11792262
2,188,11657153
2,189,12550135
2,190,12528657
2,191,12215435
2,192,12301901
2,193,12408493
2,194,12609756
2,195,12127019
2,196,12067181
2,197,12380047
2,198,15619458
2,199,11853997
2,200,11846965
2,201,12412632
2,202,16178150
2,203,12105448
2,204,12263923
2,205,12515566
2,206,12578094
2,207,11794740
2,208,12226495
2,209,12645871
2,210,12563417
2,211,11928249
2,212,12681899
2,213,12723607
2,214,12547771
2,215,82824
2,216,12184641
2,217,12567403
2,218,12869931
2,219,12521722
2,220,11951290
2,221,12300305
2,222,12787636
2,223,12052408
2,224,12205805
2,225,12663152
2,226,12984486
2,227,12169285
2,228,12277400
2,229,12849703
2,230,12881440
2,231,12744292
2,232,12463020
2,233,12899870
2,234,12796244
2,235,11768921
2,236,12308136
2,237,13038742
2,238,12783115
2,239,13038074
2,240,12346520
2,241,12971744
2,242,12317950
2,243,12164584
2,244,12644771
2,245,12678325
2,246,12988164
2,247,12347429
2,248,11985077
2,249,12919088
2,250,13100748
2,251,13245447
2,252,12041935
2,253,12369009
2,254,12301986
2,255,12022248
2,256,12195383
2,257,12857545
2,258,12581298
2,259,12179433
2,260,11872981
2,261,12794376
2,262,12380163
2,263,12541321
2,264,12172662
2,265,12482442
2,266,14452731
2,267,11910408
2,268,12158353
2,269,12374125
2,270,13246288
2,271,13276612
2,272,11862323
2,273,12481707
2,274,12981516
2,275,11854680
2,276,11751276
2,277,13066361
2,278,13026244
2,279,11571364
2,280,11948649
2,281,12665350
2,282,13148779
2,283,12642842
2,284,43668
2,285,13151365
2,286,12649704
2,287,11614526
2,288,11409089
2,289,14148719
2,290,12889242
2,291,11984442
2,292,12022922
2,293,12702173
2,294,12860372
2,295,12412019
2,296,12117997
2,297,12656664
2,298,13002460
2,299,12602573
2,300,12248364
2,301,13157719
2,302,12809557
2,303,12552562
2,304,12038283
2,305,12954552
2,306,12740989
2,307,12044110
2,308,11867353
2,309,13155040
2,310,12556497
2,311,11952729
2,312,12025769
2,313,12620048
2,314,14759095
2,315,12165212
2,316,11942746
2,317,12783325
2,318,19403113
2,319,11862218
2,320,12008652
2,321,13241968
2,322,12560644
2,323,12555407
2,324,12021473
2,325,12289523
2,326,12402926
2,327,12565544
2,328,12099431
2,329,12999509
2,330,12695835
2,331,11867840
2,332,11950136
2,333,12337410
2,334,12676056
2,335,11711172
2,336,11977684
2,337,12311368
2,338,12800089
2,339,11955027
2,340,11623405
2,341,12897835
2,342,12629411
2,343,12131729
2,344,11752002
2,345,12414723
2,346,12670202
2,347,12337379
2,348,12015869
2,349,13152647
2,350,12455678
2,351,11866987
2,352,11500762
2,353,77188
2,354,12411752
2,355,11579821
2,356,11491744
2,357,12430111
2,358,12706321
2,359,12330834
2,360,12112621
2,361,12310635
2,362,12894123
2,363,11871306
2,364,12025002
2,365,12707876
2,366,12804376
2,367,11913077
2,368,12193674
2,369,12105580
2,370,23429624
2,371,12053874
2,372,11872271
2,373,12498986
2,374,28034519
2,375,11624959
2,376,11670761
2,377,12444584
2,378,25176518
2,379,11585211
2,380,11613374
2,381,12848252
2,382,23765979
2,383,11699515
2,384,11752621
2,385,12759729
2,386,12966717
2,387,11465528
2,388,11653862
2,389,12830636
2,390,12547470
2,391,12370422
2,392,12726883
2,393,12486807
2,394,12650720
2,395,11892295
2,396,12090552
2,397,12181584
2,398,12632936
2,399,12367910
2,400,12097063
2,401,12533435
2,402,12734094
2,403,12355765
2,404,12685729
2,405,12706121
2,406,12777581
2,407,11979807
2,408,11903697
2,409,12597123
2,410,12853387
2,411,11706577
2,412,11742194
2,413,12554838
2,414,12763167
2,415,11876261
2,416,12330678
2,417,12571518
2,418,12533010
2,419,11799287
2,420,11926853
2,421,12531221
2,422,39623
2,423,11874875
2,424,11603749
2,425,12628138
2,426,12572609
2,427,12282791
2,428,12482587
2,429,12664672
2,430,13816390
2,431,12234939
2,432,11934621
2,433,12668242
2,434,13235237
2,435,12162630
2,436,12799229
2,437,13070487
2,438,12896396
2,439,11855396
2,440,11838430
2,441,12740046
2,442,12735569
2,443,11894101
2,444,12106020
2,445,12566121
2,446,13076811
2,447,12391205
2,448,12855850
2,449,12474104
2,450,12669941
2,451,12408245
2,452,12045482
2,453,12362938
2,454,12747929
2,455,12311151
2,456,12214326
2,457,12538321
2,458,12634988
2,459,12791827
2,460,12511397
2,461,16006162
2,462,12892721
2,463,12058333
2,464,11984796
2,465,20342628
2,466,12823558
2,467,11869298
2,468,12526843
2,469,27982973
2,470,12733933
2,471,12314687
2,472,11692325
2,473,25980448
2,474,12814979
2,475,11557417
2,476,11716262
2,477,26483356
2,478,13383968
2,479,11991107
2,480,11807096
2,481,21399115
2,482,12857922
2,483,11927580
2,484,12043700
2,485,12354533
2,486,13411638
2,487,11890054
2,488,11662239
2,489,12445468
2,490,12815182
2,491,73625
2,492,12039020
2,493,12485729
2,494,12734443
2,495,12794325
2,496,12126470
2,497,11729039
2,498,22257528
2,499,11972690
2,500,12211636
2,501,12472708
2,502,22411642
2,503,12578425
2,504,12213472
2,505,12126908
2,506,19725126
2,507,12713020
2,508,11918623
2,509,12526096
2,510,15679394
2,511,11928399
2,512,22950423
2,513,12600257
2,514,25545839
2,515,12765861
2,516,22333639
2,517,12357070
2,518,25470763
2,519,12141689
2,520,15874660
2,521,12197955
2,522,25523798
2,523,12161013
2,524,12682563
2,525,12429390
2,526,28636972
2,527,13163444
2,528,12522207
2,529,11920453
2,530,13179726
2,531,11929165
2,532,12376416
2,533,12572968
2,534,12786167
2,535,12344738
2,536,12784989
2,537,12677936
2,538,12792266
2,539,12920320
2,540,12688383
2,541,12191040
2,542,12693289
2,543,11907000
2,544,13018305
2,545,11925144
2,546,12791166
2,547,11882602
2,548,12720417
2,549,11998253
2,550,12745035
2,551,13260463
2,552,12893293
2,553,12507102
2,554,12808967
2,555,12172765
2,556,12956741
2,557,12770075
2,558,12869415
2,559,13312255
2,560,110326
2,561,12137193
2,562,12777548
2,563,12775676
2,564,12986760
2,565,15312163
2,566,12630702
2,567,12283825
2,568,13074347
2,569,27234684
2,570,12643905
2,571,13143373
2,572,13228353
2,573,20716542
2,574,12683180
2,575,12206401
2,576,13042678
2,577,12637776
2,578,12854200
2,579,13340031
2,580,12744320
2,581,12187585
2,582,12650354
2,583,12609200
2,584,12752208
2,585,11784629
2,586,12765806
2,587,11972184
2,588,12409117
2,589,12734007
2,590,12774028
2,591,13061888
2,592,12821274
2,593,12154313
2,594,12482885
2,595,12032088
2,596,12502089
2,597,11852856
2,598,12768065
2,599,12345944
2,600,12779254
2,601,11776329
2,602,12543412
2,603,13020345
2,604,12797979
2,605,11902890
2,606,12290931
2,607,11793816
2,608,12501784
2,609,12004505
2,610,12481971
2,611,13268495
2,612,12633297
2,613,11884622
2,614,12449457
2,615,12250538
2,616,12565537
2,617,12060384
2,618,12133806
2,619,11642771
2,620,12846588
2,621,11884677
2,622,12278266
2,623,13277369
2,624,12741239
2,625,11919194
2,626,12111895
2,627,12179482
2,628,12699203
2,629,62668
2,630,12072593
2,631,12211697
2,632,12399642
2,633,12137339
2,634,12101323
2,635,12875164
2,636,13244378
2,637,11751436
2,638,12030973
2,639,12265343
2,640,12684686
2,641,12085280
2,642,12239594
2,643,12816963
2,644,12904506
2,645,11868058
2,646,12266141
2,647,12276203
2,648,12620333
2,649,11907133
2,650,12613958
2,651,11719506
2,652,12771505
2,653,11829508
2,654,12080815
2,655,12584024
2,656,12965296
2,657,11785872
2,658,12129875
2,659,11940259
2,660,13119311
2,661,11600891
2,662,12052465
2,663,11775794
2,664,12984697
2,665,11512180
2,666,12083986
2,667,12298944
2,668,12401454
2,669,11305277
2,670,11990078
2,671,11878958
2,672,13078382
2,673,11227715
2,674,12240134
2,675,12680755
2,676,13171371
2,677,11316662
2,678,12134576
2,679,11781674
2,680,11916396
2,681,11340963
2,682,12342369
2,683,11994315
2,684,11883171
2,685,11616000
2,686,12164220
2,687,12308372
2,688,11820121
2,689,11416199
3,0,25571433
3,1,13628846
3,2,13008185
3,3,21471350
3,4,23611481
3,5,12287043
3,6,12680245
3,7,26644043
3,8,68231
3,9,12784350
3,10,12696592
3,11,22747276
3,12,24022697
3,13,12374885
3,14,12565314
3,15,12060184
3,16,12229394
3,17,12392746
3,18,12585925
3,19,12925170
3,20,12037496
3,21,13574739
3,22,12802271
3,23,12639662
3,24,12202656
3,25,12570139
3,26,12648776
3,27,12664388
3,28,12140323
3,29,12434097
3,30,13305675
3,31,12373622
3,32,12149930
3,33,13381249
3,34,12896684
3,35,12315382
3,36,12437512
3,37,12484865
3,38,12825902
3,39,12784939
3,40,12273719
3,41,13721274
3,42,12984458
3,43,12488249
3,44,12343452
3,45,12756665
3,46,13081231
3,47,12624972
3,48,12439577
3,49,12684502
3,50,12961343
3,51,12429420
3,52,12029595
3,53,13912617
3,54,13128407
3,55,12587758
3,56,12099614
3,57,12825956
3,58,12966864
3,59,12647608
3,60,12486117
3,61,13610155
3,62,13053798
3,63,12588789
3,64,12815061
3,65,12692314
3,66,13042068
3,67,12451913
3,68,13091565
3,69,13355719
3,70,13082742
3,71,12674182
3,72,12833816
3,73,12869987
3,74,13042552
3,75,12669644
3,76,13099495
3,77,33385
3,78,12967229
3,79,12525150
3,80,13014557
3,81,12476172
3,82,13066396
3,83,12266392
3,84,12334617
3,85,13292373
3,86,13093586
3,87,12589284
3,88,12796780
3,89,12686111
3,90,12847269
3,91,12374028
3,92,12617599
3,93,12387532
3,94,12749111
3,95,12402377
3,96,12578154
3,97,12603107
3,98,12888552
3,99,12617527
3,100,13076311
3,101,12569768
3,102,12940718
3,103,13051921
3,104,13071148
3,105,12863068
3,106,12862326
3,107,12783611
3,108,13448362
3,109,12772020
3,110,13180617
3,111,12603159
3,112,12743110
3,113,12790304
3,114,13107358
3,115,12299928
3,116,12203193
3,117,13209912
3,118,12887264
3,119,13127169
3,120,12909369
3,121,13145899
3,122,12810220
3,123,12476958
3,124,12509914
3,125,12359760
3,126,13310037
3,127,13159864
3,128,12336906
3,129,12874673
3,130,12827161
3,131,12800362
3,132,12593640
3,133,12807075
3,134,12640436
3,135,12644604
3,136,12640242
3,137,13154180
3,138,12828292
3,139,12735927
3,140,12710744
3,141,12792441
3,142,12878142
3,143,12296367
3,144,12432595
3,145,12834517
3,146,39517
3,147,12480469
3,148,12287574
3,149,13520850
3,150,12834683
3,151,13055468
3,152,12442623
3,153,12415004
3,154,12876933
3,155,12766321
3,156,12402448
3,157,13088474
3,158,12804899
3,159,13401221
3,160,12427974
3,161,12733913
3,162,13023626
3,163,12959686
3,164,12745384
3,165,13310008
3,166,13011469
3,167,13029427
3,168,12415952
3,169,12995656
3,170,13020435
3,171,13336422
3,172,12257861
3,173,12761579
3,174,13009872
3,175,12458442
3,176,12005604
3,177,13256453
3,178,12977800
3,179,13491152
3,180,12308224
3,181,12624308
3,182,12767154
3,183,12590937
3,184,12521135
3,185,12329089
3,186,12707997
3,187,11967343
3,188,12537509
3,189,12401891
3,190,12908254
3,191,13112036
3,192,12547438
3,193,12234528
3,194,12596866
3,195,12871318
3,196,13182370
3,197,12458456
3,198,13162635
3,199,13005749
3,200,12697355
3,201,12520419
3,202,13139104
3,203,12463927
3,204,12710228
3,205,12469793
3,206,13154614
3,207,12285934
3,208,12482754
3,209,12250059
3,210,13120097
3,211,13064650
3,212,12737786
3,213,13166544
3,214,13181743
3,215,37877
3,216,12612638
3,217,12328329
3,218,12875829
3,219,12515121
3,220,12864719
3,221,12509655
3,222,12910507
3,223,12275516
3,224,12577852
3,225,12380287
3,226,12981397
3,227,13208134
3,228,12770513
3,229,12290640
3,230,13062343
3,231,12487846
3,232,12639151
3,233,12751345
3,234,12984530
3,235,13523250
3,236,12813288
3,237,12262537
3,238,12927906
3,239,12825673
3,240,12644379
3,241,12506011
3,242,13027917
3,243,12587044
3,244,12529748
3,245,12370308
3,246,12887096
3,247,13279514
3,248,15238039
3,249,12356200
3,250,12940648
3,251,12700708
3,252,15330556
3,253,12361893
3,254,13103993
3,255,12904042
3,256,12711857
3,257,19866739
3,258,14479723
3,259,11943400
3,260,12545012
3,261,12189578
3,262,13126141
3,263,11811614
3,264,12688466
3,265,11636382
3,266,12939417
3,267,12685986
3,268,12496259
3,269,12177162
3,270,12606963
3,271,12226972
3,272,12074476
3,273,12190144
3,274,12832112
3,275,11821448
3,276,12484547
3,277,11799912
3,278,12696778
3,279,12635566
3,280,12239114
3,281,12201163
3,282,12873624
3,283,12148134
3,284,48348
3,285,12009259
3,286,13133402
3,287,12534401
3,288,12093057
3,289,11655148
3,290,12376924
3,291,12101105
3,292,12458902
3,293,11819794
3,294,12465590
3,295,11858985
3,296,12127008
3,297,11715267
3,298,12332785
3,299,12302634
3,300,12674362
3,301,12203570
3,302,12413347
3,303,12029741
3,304,12272063
3,305,11661789
3,306,12545807
3,307,11921609
3,308,12659920
3,309,12008720
3,310,12379420
3,311,12943252
3,312,12618497
3,313,11680787
3,314,12795929
3,315,12480705
3,316,12562806
3,317,11615657
3,318,12781350
3,319,12336688
3,320,11959762
3,321,11888814
3,322,13623339
3,323,12238503
3,324,12543877
3,325,11753908
3,326,12880763
3,327,12034812
3,328,12324102
3,329,12011157
3,330,12553323
3,331,12460675
3,332,12311610
3,333,12140387
3,334,13023817
3,335,12088626
3,336,12446515
3,337,11625116
3,338,12329933
3,339,11801409
3,340,12135566
3,341,11843210
3,342,12347026
3,343,11787112
3,344,12790951
3,345,11716586
3,346,12319479
3,347,11800787
3,348,12073334
3,349,11581773
3,350,12394837
3,351,11824368
3,352,12034788
3,353,27288
3,354,12401803
3,355,12203914
3,356,13374176
3,357,11470288
3,358,12515194
3,359,12005903
3,360,12017524
3,361,11718886
3,362,12827087
3,363,12222146
3,364,13053991
3,365,11846657
3,366,12544078
3,367,12107693
3,368,12186840
3,369,11866953
3,370,12508794
3,371,12209783
3,372,12489104
3,373,12364466
3,374,12521000
3,375,12435535
3,376,12994545
3,377,12271746
3,378,12576799
3,379,11985591
3,380,12185749
3,381,11913541
3,382,12513255
3,383,11619518
3,384,12083263
3,385,11853332
3,386,16313164
3,387,11977936
3,388,13100575
3,389,11645694
3,390,12537852
3,391,12081060
3,392,12117526
3,393,11766859
3,394,12448049
3,395,11907890
3,396,13037228
3,397,11606548
3,398,12574920
3,399,12516580
3,400,12325609
3,401,12147365
3,402,12362844
3,403,11915541
3,404,12668389
3,405,12044958
3,406,12546608
3,407,12364691
3,408,13152150
3,409,11797049
3,410,12600458
3,411,12263842
3,412,12536311
3,413,11801177
3,414,12901617
3,415,12169344
3,416,13037286
3,417,11845189
3,418,12829631
3,419,12472033
3,420,12093533
3,421,11657407
3,422,38025
3,423,12290327
3,424,12881799
3,425,12003814
3,426,12756902
3,427,12005411
3,428,13007456
3,429,11917854
3,430,12695824
3,431,12190370
3,432,12092203
3,433,12005714
3,434,12449911
3,435,11891490
3,436,11804872
3,437,11913157
3,438,12549003
3,439,11800226
3,440,12859237
3,441,12271493
3,442,12634120
3,443,12443533
3,444,12351467
3,445,11780386
3,446,12652440
3,447,12217603
3,448,12070412
3,449,11714084
3,450,12651114
3,451,12579553
3,452,12720424
3,453,11773478
3,454,12429501
3,455,12204707
3,456,12030569
3,457,11844305
3,458,12151138
3,459,12018435
3,460,12645560
3,461,12009173
3,462,12553817
3,463,12748107
3,464,12416401
3,465,11662565
3,466,12939901
3,467,12082799
3,468,12368661
3,469,11733180
3,470,12691289
3,471,12433591
3,472,12267798
3,473,12348420
3,474,12481012
3,475,12744188
3,476,12581414
3,477,11601356
3,478,12635840
3,479,12759098
3,480,12136023
3,481,14919652
3,482,12504396
3,483,12127312
3,484,12219190
3,485,11843714
3,486,12209717
3,487,12435567
3,488,12148920
3,489,11793939
3,490,12426205
3,491,28067
3,492,12860913
3,493,12061306
3,494,13207422
3,495,12190790
3,496,12632241
3,497,11626244
3,498,12688400
3,499,13909627
3,500,12666162
3,501,11970140
3,502,12496765
3,503,12674450
3,504,12235648
3,505,11687544
3,506,12638359
3,507,12428036
3,508,12668180
3,509,15365345
3,510,12963084
3,511,12996314
3,512,12550439
3,513,11532304
3,514,12679835
3,515,12208256
3,516,12343826
3,517,11703826
3,518,12792729
3,519,12556001
3,520,12834386
3,521,11925091
3,522,13081114
3,523,12655769
3,524,12289552
3,525,12198453
3,526,12705525
3,527,13432386
3,528,12380612
3,529,11984273
3,530,12523081
3,531,12092618
3,532,12537773
3,533,12250240
3,534,12592090
3,535,12090574
3,536,12564605
3,537,11720817
3,538,12490104
3,539,12281455
3,540,12254273
3,541,12062848
3,542,12576620
3,543,12737520
3,544,11962289
3,545,11970493
3,546,12486933
3,547,12229117
3,548,13090942
3,549,11846961
3,550,16557492
3,551,12270942
3,552,12348163
3,553,11938459
3,554,12600944
3,555,12935595
3,556,12006427
3,557,11855387
3,558,12596997
3,559,12608477
3,560,31352
3,561,11794263
3,562,12488270
3,563,11767360
3,564,12483424
3,565,12005994
3,566,12626261
3,567,12177163
3,568,12127442
3,569,11711062
3,570,12557791
3,571,12198324
3,572,12730519
3,573,12384661
3,574,12556828
3,575,12789391
3,576,12405349
3,577,11673544
3,578,12686036
3,579,12311551
3,580,12256627
3,581,11835239
3,582,12674273
3,583,12302343
3,584,12229145
3,585,11646240
3,586,12641591
3,587,12850519
3,588,12511539
3,589,11885938
3,590,12392812
3,591,12667684
3,592,12108855
3,593,12148350
3,594,12526772
3,595,12035941
3,596,12067382
3,597,11894020
3,598,12616194
3,599,12215060
3,600,12979173
3,601,11815945
3,602,12522980
3,603,12735771
3,604,12477181
3,605,12052968
3,606,12203009
3,607,12456592
3,608,12622326
3,609,12065748
3,610,12762094
3,611,12343581
3,612,12234632
3,613,11763945
3,614,12450515
3,615,12274375
3,616,12249583
3,617,11851485
3,618,35276312
3,619,12488526
3,620,12196950
3,621,12071375
3,622,24269574
3,623,12231442
3,624,15774912
3,625,11731715
3,626,12913807
3,627,12098017
3,628,26871589
3,629,28409
3,630,12631556
3,631,12499467
3,632,17821948
3,633,11933012
3,634,12798617
3,635,12839326
3,636,12130898
3,637,12271451
3,638,12653400
3,639,12602644
3,640,12843813
3,641,11673214
3,642,14268616
3,643,12163427
3,644,13103765
3,645,12005562
3,646,13030237
3,647,12100517
3,648,12347892
3,649,12038008
3,650,12868239
3,651,12996457
3,652,14183720
3,653,12195166
3,654,12650125
3,655,12208940
3,656,12813727
3,657,11912198
3,658,12552683
3,659,12759883
3,660,12220696
3,661,11851835
3,662,12704757
3,663,13926840
3,664,12133264
3,665,12092629
3,666,13128311
3,667,12526444
3,668,11874680
3,669,11929223
3,670,12669466
3,671,12692733
3,672,11913864
3,673,12097767
3,674,12302893
3,675,13041033
3,676,12068597
3,677,12270914
3,678,12200892
3,679,12135979
3,680,11755307
3,681,12634338
3,682,12143940
3,683,12257064
3,684,11828464
3,685,13447694
3,686,12036304
3,687,12324380
3,688,11617236
3,689,12246969
4,0,18374218
4,1,12276047
4,2,12857489
4,3,18121890
4,4,12714462
4,5,11954757
4,6,12351143
4,7,12182925
4,8,31608
4,9,11738046
4,10,12603640
4,11,12131606
4,12,12541387
4,13,11830292
4,14,12769254
4,15,12066879
4,16,12691980
4,17,12148666
4,18,12415746
4,19,12018609
4,20,12629097
4,21,11730104
4,22,12537178
4,23,12150993
4,24,12485459
4,25,11873679
4,26,12305062
4,27,11934126
4,28,12619224
4,29,12110031
4,30,12181139
4,31,12128539
4,32,12431784
4,33,11629493
4,34,12002502
4,35,11877814
4,36,12415632
4,37,11587533
4,38,12118277
4,39,11878405
4,40,12376307
4,41,11585522
4,42,12255809
4,43,12652468
4,44,12504658
4,45,11980932
4,46,12977013
4,47,12379693
4,48,12778971
4,49,12447828
4,50,12777262
4,51,12204420
4,52,12654820
4,53,11889547
4,54,12602389
4,55,12153480
4,56,12612005
4,57,11729164
4,58,12367177
4,59,12107315
4,60,12800306
4,61,11787928
4,62,12877401
4,63,12515333
4,64,12661333
4,65,12363124
4,66,12238662
4,67,12183737
4,68,12626997
4,69,11553771
4,70,12287777
4,71,11854689
4,72,12374067
4,73,11541213
4,74,11770213
4,75,12035157
4,76,12424830
4,77,40008
4,78,12455656
4,79,12030852
4,80,12424461
4,81,11428698
4,82,11928204
4,83,11941286
4,84,12372430
4,85,12032448
4,86,12083982
4,87,11945643
4,88,12438721
4,89,11546826
4,90,12187520
4,91,12481754
4,92,12511161
4,93,11555987
4,94,12309437
4,95,12279050
4,96,12295498
4,97,11885659
4,98,12342048
4,99,11971190
4,100,12271924
4,101,12199696
4,102,12381401
4,103,11856714
4,104,12402175
4,105,11916236
4,106,12020187
4,107,12024674
4,108,12720837
4,109,11479166
4,110,12692878
4,111,12182603
4,112,12408049
4,113,11529051
4,114,12188737
4,115,11939428
4,116,12406737
4,117,12112744
4,118,12038226
4,119,11975227
4,120,12467323
4,121,11452688
4,122,12176690
4,123,11865351
4,124,12439369
4,125,11610895
4,126,12051846
4,127,12799756
4,128,12576543
4,129,11675419
4,130,12028060
4,131,12392082
4,132,12699659
4,133,12392195
4,134,12245725
4,135,11926363
4,136,12391528
4,137,11556324
4,138,11956783
4,139,12074611
4,140,12600915
4,141,11349674
4,142,13262982
4,143,12652292
4,144,12584296
4,145,11502088
4,146,35894
4,147,12119606
4,148,12618306
4,149,12014037
4,150,12373118
4,151,12115487
4,152,12696558
4,153,11795270
4,154,12351460
4,155,12187289
4,156,12320788
4,157,11561080
4,158,12218425
4,159,12105469
4,160,12394489
4,161,11977631
4,162,12543088
4,163,12272593
4,164,12521794
4,165,12431583
4,166,12526433
4,167,12007129
4,168,12257345
4,169,11604173
4,170,11849090
4,171,11983879
4,172,12452408
4,173,11763997
4,174,11996380
4,175,12144175
4,176,12317413
4,177,11626499
4,178,12142913
4,179,11916327
4,180,12350139
4,181,11866077
4,182,12258219
4,183,11844221
4,184,18369212
4,185,11652256
4,186,12358463
4,187,12057855
4,188,18574449
4,189,11765031
4,190,12388320
4,191,13140859
4,192,13639347
4,193,11527270
4,194,12445757
4,195,12139551
4,196,12906679
4,197,11567693
4,198,12225583
4,199,12228134
4,200,15577213
4,201,11596127
4,202,12496510
4,203,12354487
4,204,15486829
4,205,11676619
4,206,12788330
4,207,13200904
4,208,12859690
4,209,11659907
4,210,12348018
4,211,12639549
4,212,12615125
4,213,11731219
4,214,12918320
4,215,60581
4,216,12793374
4,217,11787217
4,218,23860935
4,219,24521062
4,220,13483714
4,221,12077471
4,222,25708587
4,223,27563919
4,224,13061668
4,225,11890792
4,226,17629907
4,227,18213376
4,228,13118020
4,229,11897205
4,230,12917146
4,231,12741646
4,232,13101082
4,233,12012321
4,234,12841759
4,235,13839398
4,236,13147230
4,237,12014203
4,238,12803393
4,239,13856423
4,240,13203128
4,241,12261074
4,242,12760140
4,243,13108226
4,244,13050901
4,245,11960613
4,246,12650393
4,247,12657958
4,248,13127373
4,249,12114721
4,250,12662827
4,251,12891339
4,252,12947207
4,253,12121695
4,254,12610573
4,255,13737250
4,256,12930401
4,257,12142697
4,258,12800005
4,259,12833155
4,260,12859068
4,261,12156786
4,262,12714363
4,263,12860069
4,264,12901159
4,265,12100469
4,266,12733221
4,267,13665078
4,268,13016458
4,269,12093294
4,270,12511128
4,271,13316888
4,272,12908360
4,273,12219523
4,274,12622060
4,275,12748308
4,276,13068372
4,277,12013718
4,278,12634720
4,279,13689417
4,280,13492060
4,281,12129696
4,282,12621131
4,283,12504100
4,284,48564
4,285,12195873
4,286,12757417
4,287,12549739
4,288,13443065
4,289,12331327
4,290,12552981
4,291,12654386
4,292,13619649
4,293,12777330
4,294,12741392
4,295,13278475
4,296,12916639
4,297,12236238
4,298,12535340
4,299,13483160
4,300,13162104
4,301,12247576
4,302,12590200
4,303,12856034
4,304,13295012
4,305,12164840
4,306,12537188
4,307,12621763
4,308,13157821
4,309,12543545
4,310,12572805
4,311,13035242
4,312,13014219
4,313,12021747
4,314,12804473
4,315,13026544
4,316,13008281
4,317,12505793
4,318,12588645
4,319,12756845
4,320,13154707
4,321,12584056
4,322,12755147
4,323,13192271
4,324,13132304
4,325,12155328
4,326,13076888
4,327,14038389
4,328,12930899
4,329,11979304
4,330,12784547
4,331,12768992
4,332,13003485
4,333,12070476
4,334,12789259
4,335,12718495
4,336,12008232
4,337,12725030
4,338,15527443
4,339,12553619
4,340,12027253
4,341,12275713
4,342,26667846
4,343,13223190
4,344,12145233
4,345,12115058
4,346,26350092
4,347,12771602
4,348,12382112
4,349,12191887
4,350,13608966
4,351,12681887
4,352,12098391
4,353,51366
4,354,12836135
4,355,12618054
4,356,12032956
4,357,12364067
4,358,12357770
4,359,13189368
4,360,11940208
4,361,11725643
4,362,12646344
4,363,12874714
4,364,12027451
4,365,12014968
4,366,12553724
4,367,13052739
4,368,12083025
4,369,12214042
4,370,12871359
4,371,13695958
4,372,12005004
4,373,13208078
4,374,12456647
4,375,13287125
4,376,12029396
4,377,12322575
4,378,12758426
4,379,12780434
4,380,12428543
4,381,12258967
4,382,12857094
4,383,12548111
4,384,12327808
4,385,12173292
4,386,12737225
4,387,12958153
4,388,11928351
4,389,12660819
4,390,12722922
4,391,13875366
4,392,11764705
4,393,12068010
4,394,12533669
4,395,12986965
4,396,11963967
4,397,12304486
4,398,12565399
4,399,12755734
4,400,11874653
4,401,12468689
4,402,12374692
4,403,13550071
4,404,12006474
4,405,12703425
4,406,12325301
4,407,12802548
4,408,12283140
4,409,11784101
4,410,12589286
4,411,12573430
4,412,12227077
4,413,11965414
4,414,12450515
4,415,13010356
4,416,11848669
4,417,12120881
4,418,12684427
4,419,14044227
4,420,12424172
4,421,12788279
4,422,52137
4,423,13367628
4,424,12323882
4,425,12110471
4,426,12537554
4,427,12949520
4,428,12103515
4,429,12244685
4,430,12334581
4,431,12877309
4,432,12236616
4,433,12511409
4,434,12226648
4,435,12604663
4,436,12004962
4,437,13011255
4,438,12396489
4,439,12316753
4,440,11862212
4,441,11829692
4,442,12145642
4,443,12419818
4,444,11808513
4,445,12113540
4,446,12185545
4,447,12324853
4,448,11874336
4,449,12735438
4,450,12070390
4,451,12781060
4,452,11625165
4,453,12352997
4,454,12102933
4,455,12175618
4,456,11541407
4,457,11946154
4,458,11954940
4,459,12337012
4,460,11663791
4,461,12326263
4,462,12007626
4,463,12104289
4,464,11520975
4,465,12763248
4,466,12004291
4,467,12918624
4,468,11344974
4,469,11949979
4,470,11957619
4,471,12380373
4,472,11654216
4,473,11746171
4,474,13313855
4,475,12164415
4,476,11512895
4,477,11735758
4,478,14122220
4,479,12227390
4,480,11455941
4,481,12275304
4,482,14045085
4,483,12469823
4,484,11506438
4,485,11667168
4,486,13181682
4,487,12447839
4,488,11662079
4,489,11662295
4,490,12254792
4,491,37457
4,492,11628727
4,493,11692793
4,494,12282501
4,495,12488496
4,496,11689613
4,497,12675171
4,498,12250272
4,499,12093868
4,500,11530807
4,501,11636303
4,502,12404476
4,503,12522315
4,504,11630434
4,505,11901499
4,506,12249239
4,507,12125706
4,508,11526333
4,509,11554183
4,510,12093219
4,511,12229093
4,512,11526065
4,513,12289098
4,514,12196091
4,515,11925391
4,516,11628812
4,517,11612119
4,518,12026844
4,519,13193386
4,520,11414642
4,521,11678052
4,522,12428872
4,523,12518551
4,524,11537696
4,525,11781981
4,526,12160491
4,527,12504990
4,528,11660846
4,529,12194700
4,530,12202138
4,531,12080240
4,532,11783242
4,533,11758696
4,534,12986015
4,535,11882458
4,536,11324657
4,537,11464034
4,538,12633603
4,539,12341873
4,540,11482502
4,541,11645590
4,542,12822427
4,543,12547659
4,544,11621216
4,545,11998801
4,546,12206064
4,547,12058421
4,548,11548564
4,549,11505672
4,550,12316972
4,551,12426154
4,552,11367065
4,553,11757613
4,554,12694644
4,555,13069928
4,556,11351451
4,557,11903974
4,558,12588349
4,559,18277888
4,560,31794
4,561,12249857
4,562,13223265
4,563,17881781
4,564,11451966
4,565,11598516
4,566,12703883
4,567,13604093
4,568,11700785
4,569,11614838
4,570,12973160
4,571,12785587
4,572,15076180
4,573,11724953
4,574,12635442
4,575,12295540
4,576,11671594
4,577,12438471
4,578,12446288
4,579,11891721
4,580,12694244
4,581,12117261
4,582,12277766
4,583,12905469
4,584,12386625
4,585,11775742
4,586,12229777
4,587,12105026
4,588,12007684
4,589,11815979
4,590,12025861
4,591,12204412
4,592,11751210
4,593,12923472
4,594,11962321
4,595,12224129
4,596,11684034
4,597,11848713
4,598,12484264
4,599,12202424
4,600,12250391
4,601,12141517
4,602,12159742
4,603,12234114
4,604,12476300
4,605,12298468
4,606,12397192
4,607,11822740
4,608,11589948
4,609,12355596
4,610,12322523
4,611,12094897
4,612,11703355
4,613,11896787
4,614,12203526
4,615,13526100
4,616,11565936
4,617,11600085
4,618,12095697
4,619,12234307
4,620,11790136
4,621,12117263
4,622,12297466
4,623,12271402
4,624,11779073
4,625,12557814
4,626,12136798
4,627,12187587
4,628,11688082
4,629,28529
4,630,12192109
4,631,12626422
4,632,11891885
4,633,11527933
4,634,12344744
4,635,12181511
4,636,11817515
4,637,11587011
4,638,12402269
4,639,12073589
4,640,11533158
4,641,11549260
4,642,12147454
4,643,12206699
4,644,11814199
4,645,12264532
4,646,12361694
4,647,12835808
4,648,11831986
4,649,11607875
4,650,12062197
4,651,12186171
4,652,11740204
4,653,11767072
4,654,12447128
4,655,12390572
4,656,11545298
4,657,12024517
4,658,11989541
4,659,12040986
4,660,11672802
4,661,12003398
4,662,12393812
4,663,12029845
4,664,11618772
4,665,11828968
4,666,12071914
4,667,12480939
4,668,11428883
4,669,11485522
4,670,11987535
4,671,11739563
4,672,11463910
4,673,11816295
4,674,11465165
4,675,11669179
4,676,11428725
4,677,12218764
4,678,11325310
4,679,11755751
4,680,11422875
4,681,11604423
4,682,11277048
4,683,12059469
4,684,11396082
4,685,11411745
4,686,11312981
4,687,11793434
4,688,11441479
4,689,11651813
5,0,12678938
5,1,12206504
5,2,12055680
5,3,12457583
5,4,12557876
5,5,12207071
5,6,11830075
5,7,11965290
5,8,29477
5,9,12127876
5,10,11545061
5,11,11622217
5,12,12152809
5,13,13011340
5,14,11948809
5,15,11869127
5,16,12501850
5,17,12693764
5,18,11369911
5,19,11786350
5,20,12651106
5,21,13073512
5,22,11602333
5,23,11814949
5,24,12957175
5,25,13569363
5,26,12158328
5,27,11995833
5,28,12260379
5,29,12338809
5,30,11481257
5,31,11643228
5,32,12384322
5,33,11671692
5,34,11626346
5,35,11779894
5,36,12263994
5,37,11915873
5,38,11337700
5,39,11565576
5,40,12122559
5,41,12227753
5,42,11668323
5,43,11949349
5,44,12644356
5,45,12102198
5,46,11845201
5,47,11793462
5,48,12414252
5,49,11956178
5,50,11568619
5,51,11806026
5,52,11994352
5,53,12137794
5,54,12290098
5,55,11694684
5,56,12355524
5,57,12561294
5,58,11545799
5,59,11637172
5,60,12429936
5,61,12316222
5,62,11668567
5,63,11887975
5,64,12164853
5,65,12400517
5,66,11800005
5,67,11852043
5,68,12651116
5,69,12192005
5,70,11802875
5,71,12081450
5,72,12264396
5,73,12765189
5,74,12730667
5,75,12421677
5,76,12783887
5,77,57742
5,78,12298524
5,79,12142608
5,80,12659724
5,81,12734657
5,82,12347746
5,83,11996102
5,84,12209788
5,85,12371877
5,86,11860366
5,87,12183809
5,88,12604771
5,89,12241623
5,90,12395617
5,91,12073425
5,92,12760247
5,93,13825904
5,94,12558195
5,95,12227976
5,96,12789955
5,97,12649837
5,98,12267216
5,99,12397750
5,100,12759903
5,101,12640069
5,102,12203785
5,103,12383372
5,104,12527159
5,105,12225378
5,106,12351305
5,107,12415175
5,108,12568506
5,109,12533034
5,110,12021814
5,111,12046413
5,112,12166783
5,113,11992397
5,114,11879324
5,115,11945353
5,116,12352489
5,117,12202239
5,118,11780833
5,119,11977118
5,120,12421624
5,121,12399534
5,122,11880576
5,123,11850269
5,124,12867791
5,125,13783199
5,126,12798981
5,127,11890081
5,128,12538036
5,129,12649956
5,130,11723407
5,131,11871341
5,132,12877290
5,133,12559979
5,134,12083464
5,135,12340526
5,136,13042491
5,137,13125904
5,138,12423760
5,139,12436263
5,140,12933322
5,141,12644116
5,142,12125806
5,143,12543296
5,144,12675030
5,145,12382605
5,146,47543
5,147,12385930
5,148,12649746
5,149,12098216
5,150,11834296
5,151,12139391
5,152,12522438
5,153,13037453
5,154,11793294
5,155,12025891
5,156,12739648
5,157,12786735
5,158,11664976
5,159,12104200
5,160,12135184
5,161,12420920
5,162,12078241
5,163,12031187
5,164,19075935
5,165,12407856
5,166,11703815
5,167,11940082
5,168,13331530
5,169,12610590
5,170,11659878
5,171,11956013
5,172,12520402
5,173,12560215
5,174,11615100
5,175,12204170
5,176,12789258
5,177,12053191
5,178,12786676
5,179,12188982
5,180,12763604
5,181,12425841
5,182,11722600
5,183,12093352
5,184,14187158
5,185,12892039
5,186,11762016
5,187,12126926
5,188,17823707
5,189,12859724
5,190,11829354
5,191,12171956
5,192,13101623
5,193,12775182
5,194,11965729
5,195,11996698
5,196,12671169
5,197,12953742
5,198,11500195
5,199,11928436
5,200,12501961
5,201,12318333
5,202,11788162
5,203,12115153
5,204,12619786
5,205,12059029
5,206,11755905
5,207,11922583
5,208,12770425
5,209,12210867
5,210,12114449
5,211,12076468
5,212,12608142
5,213,12965672
5,214,11793528
5,215,40324
5,216,12362378
5,217,12973247
5,218,11699854
5,219,12099763
5,220,13285424
5,221,12335871
5,222,11753081
5,223,12031689
5,224,12674697
5,225,12461020
5,226,11920255
5,227,11923223
5,228,12579996
5,229,12595147
5,230,12422470
5,231,12503440
5,232,12889528
5,233,12306251
5,234,11462701
5,235,12112989
5,236,12966413
5,237,12288559
5,238,11787434
5,239,12252367
5,240,12570476
5,241,12249471
5,242,11933124
5,243,12378332
5,244,12283443
5,245,12972895
5,246,11990709
5,247,12441680
5,248,12454868
5,249,12591569
5,250,11786469
5,251,12057290
5,252,12821280
5,253,12299496
5,254,11756563
5,255,12335023
5,256,12583131
5,257,12335080
5,258,11942103
5,259,11887956
5,260,12675093
5,261,12528990
5,262,11599180
5,263,11681402
5,264,12506679
5,265,12474340
5,266,11719851
5,267,11858902
5,268,12564308
5,269,12456150
5,270,11678218
5,271,12219220
5,272,12388436
5,273,11842709
5,274,12076494
5,275,12163943
5,276,12133912
5,277,12362183
5,278,12083477
5,279,12457733
5,280,12342505
5,281,11865349
5,282,12473646
5,283,12030426
5,284,28806
5,285,12911445
5,286,11920210
5,287,11881735
5,288,12679887
5,289,12436747
5,290,12157061
5,291,12058314
5,292,12295188
5,293,11874402
5,294,12009639
5,295,12180959
5,296,11909310
5,297,11835088
5,298,12002992
5,299,11818565
5,300,12119877
5,301,12090797
5,302,11961069
5,303,11953334
5,304,12351248
5,305,12522056
5,306,12178857
5,307,11757056
5,308,12374717
5,309,12240120
5,310,11981966
5,311,12334834
5,312,12157213
5,313,12003018
5,314,11967274
5,315,11983203
5,316,12309593
5,317,12367364
5,318,12093291
5,319,12318722
5,320,12056531
5,321,12316557
5,322,12069839
5,323,12007243
5,324,12201802
5,325,11881357
5,326,12041524
5,327,12391181
5,328,12341951
5,329,12009355
5,330,12560138
5,331,11929284
5,332,12008747
5,333,11910216
5,334,11753692
5,335,12144826
5,336,12307095
5,337,12478006
5,338,12221195
5,339,12183857
5,340,12034949
5,341,11967787
5,342,12165546
5,343,12127787
5,344,11969005
5,345,11999164
5,346,11989686
5,347,12164530
5,348,11930364
5,349,12244444
5,350,11933299
5,351,12144313
5,352,12532113
5,353,40852
5,354,12123776
5,355,11880437
5,356,12469230
5,357,12808115
5,358,11962941
5,359,12249622
5,360,12448688
5,361,12131218
5,362,12133641
5,363,12005569
5,364,12217790
5,365,11916900
5,366,11891782
5,367,12048187
5,368,12413912
5,369,12290024
5,370,12355616
5,371,12136072
5,372,12148276
5,373,12457882
5,374,12065355
5,375,12020470
5,376,12258038
5,377,11988284
5,378,11976649
5,379,12491310
5,380,12494520
5,381,11927940
5,382,12552971
5,383,12058078
5,384,12230848
5,385,12163267
5,386,12280270
5,387,11937219
5,388,12412818
5,389,12358334
5,390,12090442
5,391,12240210
5,392,12284618
5,393,11966196
5,394,11890597
5,395,11742051
5,396,12870418
5,397,11857671
5,398,11916293
5,399,11890785
5,400,20723028
5,401,12120216
5,402,12779634
5,403,11740875
5,404,17288104
5,405,12314844
5,406,12398418
5,407,12055114
5,408,12262412
5,409,12469406
5,410,12297386
5,411,12369849
5,412,12496043
5,413,14512177
5,414,12556694
5,415,12059419
5,416,18466708
5,417,12544027
5,418,12328774
5,419,17432331
5,420,13005482
5,421,12290458
5,422,37926
5,423,13021211
5,424,12516662
5,425,11977378
5,426,13963553
5,427,12921747
5,428,12699755
5,429,12343563
5,430,12881671
5,431,12921637
5,432,12841207
5,433,12149857
5,434,13249102
5,435,12923198
5,436,12888990
5,437,12013379
5,438,12784451
5,439,12869013
5,440,12926283
5,441,12284025
5,442,12420073
5,443,12399099
5,444,12652742
5,445,12219122
5,446,12342541
5,447,12844461
5,448,12348173
5,449,12784171
5,450,12406001
5,451,13283648
5,452,12864390
5,453,13380432
5,454,12477414
5,455,14353702
5,456,12695204
5,457,12282025
5,458,12655866
5,459,12675688
5,460,12965616
5,461,12331604
5,462,12908927
5,463,12521012
5,464,12520770
5,465,12098030
5,466,12497889
5,467,12645848
5,468,13194355
5,469,12846316
5,470,12523224
5,471,12201848
5,472,13047661
5,473,12284213
5,474,12805978
5,475,13079422
5,476,12499455
5,477,12520602
5,478,12161978
5,479,12000074
5,480,12337047
5,481,13217621
5,482,13467938
5,483,12231511
5,484,12593949
5,485,13447842
5,486,12290604
5,487,12542266
5,488,12516810
5,489,14318716
5,490,12208934
5,491,39980
5,492,12814380
5,493,12408097
5,494,12352493
5,495,12387685
5,496,12609117
5,497,12090299
5,498,12741363
5,499,12015304
5,500,13093037
5,501,12707652
5,502,12453350
5,503,12253283
5,504,12949308
5,505,12051743
5,506,12627530
5,507,12180809
5,508,13012914
5,509,12050007
5,510,12323318
5,511,12919795
5,512,12398461
5,513,12723089
5,514,12648504
5,515,12470883
5,516,12727082
5,517,12478629
5,518,12375836
5,519,12113008
5,520,12879350
5,521,12782720
5,522,12899432
5,523,12881022
5,524,13601416
5,525,12449392
5,526,12819194
5,527,12522828
5,528,12830547
5,529,13396903
5,530,13049756
5,531,12369861
5,532,14343457
5,533,12921062
5,534,12575802
5,535,12853098
5,536,12843976
5,537,16315465
5,538,12488604
5,539,12457969
5,540,12512306
5,541,12522846
5,542,12480284
5,543,13029310
5,544,12412917
5,545,14765235
5,546,12705421
5,547,12694763
5,548,12642368
5,549,12557929
5,550,12652397
5,551,12450311
5,552,12768412
5,553,12307526
5,554,12630151
5,555,12884597
5,556,12664713
5,557,12213615
5,558,13029222
5,559,14211934
5,560,43690
5,561,12829955
5,562,14337189
5,563,12960993
5,564,12377595
5,565,13757238
5,566,12738545
5,567,12314208
5,568,12758074
5,569,12712722
5,570,12420550
5,571,12364996
5,572,12591908
5,573,12510339
5,574,12416460
5,575,12852334
5,576,12757024
5,577,13160998
5,578,13065171
5,579,12587742
5,580,12518356
5,581,12470759
5,582,19150301
5,583,12714608
5,584,12524897
5,585,12694583
5,586,22737518
5,587,13281178
5,588,13446258
5,589,12281359
5,590,12739633
5,591,12597445
5,592,12394520
5,593,13183518
5,594,13445329
5,595,13393210
5,596,12565760
5,597,13790868
5,598,12787202
5,599,12404058
5,600,13025145
5,601,13450143
5,602,12542119
5,603,12573378
5,604,12743858
5,605,13479058
5,606,12520321
5,607,13289631
5,608,12985722
5,609,11760500
5,610,12617452
5,611,12805489
5,612,12964484
5,613,12288915
5,614,12710929
5,615,12688656
5,616,12400879
5,617,12434196
5,618,12912164
5,619,12084397
5,620,12614028
5,621,14864942
5,622,12322556
5,623,12462333
5,624,12621430
5,625,12470987
5,626,14021298
5,627,12969572
5,628,12414583
5,629,41048
5,630,12641395
5,631,13991831
5,632,12757764
5,633,12253970
5,634,12718772
5,635,12293417
5,636,13127754
5,637,12465546
5,638,12520929
5,639,12901528
5,640,12667004
5,641,13266467
5,642,12410467
5,643,12449484
5,644,12809074
5,645,13422915
5,646,12738706
5,647,12749743
5,648,12693649
5,649,12639568
5,650,12646451
5,651,12406745
5,652,17723070
5,653,12292471
5,654,12426610
5,655,12745977
5,656,12821684
5,657,12391745
5,658,12684398
5,659,13102289
5,660,12359871
5,661,12807086
5,662,12559308
5,663,12259875
5,664,12186053
5,665,12729060
5,666,13084104
5,667,12564457
5,668,11814172
5,669,12787631
5,670,12176822
5,671,12253014
5,672,12650708
5,673,12457050
5,674,12137549
5,675,12481884
5,676,12059383
5,677,12088761
5,678,12431991
5,679,12410761
5,680,11998206
5,681,12420590
5,682,12536004
5,683,12109274
5,684,11767478
5,685,12251551
5,686,12182922
5,687,12061407
5,688,11674052
5,689,12831069
6,0,17891019
6,1,15969202
6,2,15021759
6,3,12917949
6,4,12370616
6,5,11683064
6,6,14087658
6,7,12316741
6,8,31545
6,9,12059126
6,10,13074394
6,11,12248885
6,12,11904185
6,13,12186467
6,14,12714460
6,15,12117203
6,16,12296985
6,17,12451661
6,18,13602756
6,19,12088213
6,20,12234490
6,21,12064136
6,22,13302864
6,23,12732522
6,24,13691273
6,25,12550390
6,26,12761640
6,27,12375535
6,28,12281684
6,29,12475566
6,30,12787668
6,31,11838879
6,32,12399622
6,33,12031074
6,34,12780768
6,35,11990439
6,36,12875918
6,37,12207374
6,38,12496928
6,39,12054760
6,40,17813843
6,41,12690353
6,42,12676324
6,43,12152504
6,44,11895087
6,45,12065200
6,46,12459901
6,47,12254937
6,48,12275796
6,49,12732092
6,50,12055351
6,51,11512483
6,52,12102750
6,53,11533295
6,54,12471310
6,55,11566655
6,56,11891600
6,57,11712219
6,58,12102584
6,59,11831329
6,60,11697490
6,61,12503489
6,62,12384705
6,63,11800630
6,64,11656921
6,65,11934814
6,66,12639984
6,67,11761647
6,68,11828461
6,69,11658476
6,70,12323745
6,71,12196022
6,72,11501222
6,73,12769467
6,74,12690270
6,75,11656228
6,76,11347091
6,77,30986
6,78,12175734
6,79,11998081
6,80,11940821
6,81,11939964
6,82,12182908
6,83,12092744
6,84,11521258
6,85,12142374
6,86,12567424
6,87,11893494
6,88,11887476
6,89,11939537
6,90,12139456
6,91,11945971
6,92,11715667
6,93,11731219
6,94,12708116
6,95,12020561
6,96,11434875
6,97,12619556
6,98,11854809
6,99,12037592
6,100,11663781
6,101,11528674
6,102,12289051
6,103,12010568
6,104,11997924
6,105,12051665
6,106,12630320
6,107,12005979
6,108,11923751
6,109,12434218
6,110,12703668
6,111,11999159
6,112,11772561
6,113,11852806
6,114,12419492
6,115,12134468
6,116,12046964
6,117,11635903
6,118,12032472
6,119,11929056
6,120,12151130
6,121,12526755
6,122,12565120
6,123,12180875
6,124,11741344
6,125,11762386
6,126,13606203
6,127,12112206
6,128,11804011
6,129,12648363
6,130,13796267
6,131,12266489
6,132,11876600
6,133,12182315
6,134,12245722
6,135,12432293
6,136,11978078
6,137,12093848
6,138,12138877
6,139,12245868
6,140,11814495
6,141,12752838
6,142,12003366
6,143,12042162
6,144,11606008
6,145,12133596
6,146,29121
6,147,11906161
6,148,11912489
6,149,11397488
6,150,12004769
6,151,11501054
6,152,12515591
6,153,12890473
6,154,11971055
6,155,11694301
6,156,11607716
6,157,11740693
6,158,12614402
6,159,12349683
6,160,11901408
6,161,11993502
6,162,12343171
6,163,11978846
6,164,12239552
6,165,12470453
6,166,12056036
6,167,11853081
6,168,11549571
6,169,11651758
6,170,11971159
6,171,11901104
6,172,11899547
6,173,11506570
6,174,12073603
6,175,11727966
6,176,11482213
6,177,12203238
6,178,12019026
6,179,11716059
6,180,11399355
6,181,11541832
6,182,12170126
6,183,12005926
6,184,11415749
6,185,12086702
6,186,12354423
6,187,11734726
6,188,11595706
6,189,11955036
6,190,12168078
6,191,11712309
6,192,11412551
6,193,11437511
6,194,12097398
6,195,12186058
6,196,11717190
6,197,12513314
6,198,12493201
6,199,11990413
6,200,11642845
6,201,11675742
6,202,12304846
6,203,12380564
6,204,11912721
6,205,12421130
6,206,12328178
6,207,12021653
6,208,11910598
6,209,12621175
6,210,12234974
6,211,11892289
6,212,11573885
6,213,11836746
6,214,12235478
6,215,47641
6,216,11642244
6,217,11992398
6,218,12584351
6,219,11802235
6,220,11757245
6,221,12050171
6,222,12958671
6,223,12525873
6,224,11660367
6,225,11734150
6,226,12681547
6,227,12134064
6,228,11755987
6,229,12065754
6,230,12430086
6,231,12356589
6,232,12350202
6,233,11874112
6,234,12722441
6,235,12066043
6,236,11907518
6,237,11816946
6,238,12077463
6,239,12166598
6,240,12177923
6,241,12019666
6,242,12033846
6,243,12175726
6,244,11713778
6,245,11666822
6,246,13745578
6,247,11811044
6,248,11455149
6,249,11601161
6,250,12059369
6,251,11977984
6,252,11520359
6,253,11853562
6,254,12002277
6,255,12099733
6,256,12351938
6,257,12104977
6,258,12110832
6,259,12247427
6,260,12147125
6,261,11640354
6,262,12071886
6,263,12202132
6,264,11784966
6,265,12259290
6,266,12110151
6,267,12388546
6,268,12205120
6,269,11779517
6,270,12405718
6,271,12754758
6,272,12199834
6,273,11726273
6,274,11917985
6,275,12187927
6,276,11855304
6,277,11894381
6,278,11800239
6,279,12804615
6,280,11753547
6,281,11913984
6,282,11603213
6,283,12282946
6,284,31035
6,285,11735245
6,286,11919283
6,287,12676510
6,288,11986049
6,289,11503068
6,290,11825406
6,291,12025866
6,292,11635873
6,293,11763731
6,294,11944299
6,295,11995217
6,296,11855922
6,297,11853380
6,298,12011849
6,299,12591919
6,300,11648910
6,301,11542837
6,302,11643426
6,303,12508576
6,304,11842686
6,305,11551759
6,306,11654088
6,307,12003449
6,308,12094687
6,309,12133835
6,310,11843454
6,311,12429731
6,312,11817212
6,313,11558610
6,314,11846288
6,315,12107459
6,316,11464102
6,317,11462356
6,318,12308442
6,319,12022588
6,320,11462664
6,321,11760744
6,322,12445507
6,323,12661449
6,324,12287304
6,325,11706410
6,326,12247144
6,327,12361619
6,328,11651763
6,329,11701845
6,330,12101400
6,331,12570328
6,332,11773904
6,333,11953721
6,334,12415962
6,335,12752372
6,336,12260752
6,337,11985471
6,338,12356672
6,339,12165780
6,340,11546112
6,341,12049806
6,342,12084480
6,343,12658743
6,344,11902136
6,345,11755641
6,346,11724186
6,347,12183371
6,348,12710848
6,349,11705624
6,350,11943987
6,351,12310668
6,352,12149922
6,353,29880
6,354,12469644
6,355,12750847
6,356,11779006
6,357,11546814
6,358,11835313
6,359,12150938
6,360,12038797
6,361,12541582
6,362,11933329
6,363,12087766
6,364,11614206
6,365,11699873
6,366,12425323
6,367,12045254
6,368,12046939
6,369,11887751
6,370,11996792
6,371,12508982
6,372,11932840
6,373,11538417
6,374,11869187
6,375,12206239
6,376,12053501
6,377,11646382
6,378,12377989
6,379,13267358
6,380,11707379
6,381,11797001
6,382,11769035
6,383,12271850
6,384,11233601
6,385,11885486
6,386,11831670
6,387,12264749
6,388,11763938
6,389,11313655
6,390,12255966
6,391,12054890
6,392,11910627
6,393,11563437
6,394,11770519
6,395,12207851
6,396,11433561
6,397,11398407
6,398,12363007
6,399,12070283
6,400,11640716
6,401,11670647
6,402,12030959
6,403,12399074
6,404,11669394
6,405,11985188
6,406,12024472
6,407,12073409
6,408,11602400
6,409,11565972
6,410,12495797
6,411,12039098
6,412,11603569
6,413,11911137
6,414,11612913
6,415,12227977
6,416,11741262
6,417,11731179
6,418,11546411
6,419,11976923
6,420,12371107
6,421,11531489
6,422,28324
6,423,12159006
6,424,11800865
6,425,11682488
6,426,11476134
6,427,12098179
6,428,11987234
6,429,11433408
6,430,11382615
6,431,12088705
6,432,11654733
6,433,11531096
6,434,11802781
6,435,12793915
6,436,12080321
6,437,12105002
6,438,11872993
6,439,12261195
6,440,11477511
6,441,11506450
6,442,12256951
6,443,12505531
6,444,11851062
6,445,11337359
6,446,11879280
6,447,12485171
6,448,12663347
6,449,12439063
6,450,11716782
6,451,12192692
6,452,11586708
6,453,11826734
6,454,11857081
6,455,12415000
6,456,12145240
6,457,11628720
6,458,11758634
6,459,12179307
6,460,11932949
6,461,12803448
6,462,11820741
6,463,12445343
6,464,11972197
6,465,12317575
6,466,11717597
6,467,12571896
6,468,12038225
6,469,11812348
6,470,12544502
6,471,12564121
6,472,11833153
6,473,12503657
6,474,11848425
6,475,12291623
6,476,11604267
6,477,11619651
6,478,11769257
6,479,12621161
6,480,12366554
6,481,12157508
6,482,12517956
6,483,12329855
6,484,11771391
6,485,11959980
6,486,11799560
6,487,12420562
6,488,12108401
6,489,11904759
6,490,11775798
6,491,29247
6,492,11942040
6,493,11742366
6,494,12294213
6,495,12695260
6,496,11389261
6,497,11783206
6,498,11842275
6,499,13244944
6,500,11871681
6,501,11835240
6,502,12671037
6,503,12903079
6,504,12394786
6,505,12006943
6,506,11914603
6,507,12312624
6,508,11806095
6,509,11700292
6,510,11722306
6,511,12129314
6,512,11904709
6,513,11684289
6,514,12192146
6,515,12125476
6,516,12185556
6,517,12270314
6,518,11605026
6,519,12301053
6,520,11754596
6,521,11902733
6,522,11873417
6,523,12440545
6,524,11541532
6,525,11427239
6,526,12382332
6,527,11957694
6,528,11517220
6,529,11749781
6,530,11700291
6,531,12031205
6,532,11793524
6,533,11833665
6,534,11857023
6,535,12546737
6,536,11885926
6,537,11830374
6,538,12161020
6,539,12242194
6,540,11678792
6,541,11480354
6,542,11621643
6,543,12107061
6,544,12272405
6,545,11553951
6,546,11459662
6,547,12102390
6,548,11709754
6,549,11798530
6,550,12002197
6,551,12069764
6,552,11606592
6,553,11683662
6,554,11615119
6,555,12205066
6,556,11828135
6,557,11616716
6,558,11974845
6,559,12341274
6,560,26720
6,561,11598812
6,562,11811970
6,563,12040067
6,564,11625952
6,565,11403225
6,566,11572273
6,567,12301478
6,568,12358362
6,569,11954837
6,570,12140205
6,571,11984264
6,572,11920966
6,573,11718848
6,574,12165185
6,575,11811417
6,576,11822207
6,577,11418071
6,578,11806206
6,579,12227893
6,580,11879075
6,581,11393117
6,582,12306079
6,583,11891823
6,584,11504249
6,585,11544966
6,586,11669608
6,587,12090987
6,588,11498307
6,589,12117889
6,590,11729806
6,591,12097314
6,592,11906354
6,593,11496076
6,594,12229132
6,595,12121024
6,596,11605254
6,597,11612172
6,598,11763205
6,599,12178495
6,600,11412044
6,601,11635726
6,602,11875136
6,603,12603145
6,604,11546699
6,605,11426520
6,606,12638585
6,607,12924478
6,608,12125824
6,609,12015758
6,610,12156483
6,611,12750126
6,612,12203849
6,613,11719627
6,614,12773910
6,615,12417625
6,616,11640731
6,617,11546033
6,618,12085035
6,619,12437698
6,620,12264338
6,621,13020398
6,622,12035476
6,623,12177430
6,624,13028925
6,625,12000944
6,626,12587929
6,627,12385252
6,628,12396812
6,629,29645
6,630,11992185
6,631,12085723
6,632,12603899
6,633,12191286
6,634,11765902
6,635,12775542
6,636,11874101
6,637,12099253
6,638,12111447
6,639,12469134
6,640,12039760
6,641,12101127
6,642,11998409
6,643,12334387
6,644,12140280
6,645,12137828
6,646,12512801
6,647,12816083
6,648,11808068
6,649,12081214
6,650,12425921
6,651,13010962
6,652,11827855
6,653,12093106
6,654,12420380
6,655,12808852
6,656,12229424
6,657,12024691
6,658,12675816
6,659,12469516
6,660,11830551
6,661,12243286
6,662,11917327
6,663,12777212
6,664,12917219
6,665,12046832
6,666,12004481
6,667,12864235
6,668,12205253
6,669,12228599
6,670,12840786
6,671,12619456
6,672,12661184
6,673,12839778
6,674,11696382
6,675,12549518
6,676,12203355
6,677,11924012
6,678,11605956
6,679,12979806
6,680,11853270
6,681,11364350
6,682,13202432
6,683,12421007
6,684,12622623
6,685,11777510
6,686,12401625
6,687,12435344
6,688,11928100
6,689,12108638
7,0,12342225
7,1,12342469
7,2,13297354
7,3,14839995
7,4,11783170
7,5,11830056
7,6,11917796
7,7,12824416
7,8,41634
7,9,13110415
7,10,12024752
7,11,12207662
7,12,12059031
7,13,11910834
7,14,11882317
7,15,12747283
7,16,12235527
7,17,11852057
7,18,12294205
7,19,12287894
7,20,13308897
7,21,12704190
7,22,12162524
7,23,12255115
7,24,12203069
7,25,11811985
7,26,11976219
7,27,13866322
7,28,11857330
7,29,12142473
7,30,12197232
7,31,12610020
7,32,11691493
7,33,12622521
7,34,12237265
7,35,12538061
7,36,12326046
7,37,12007378
7,38,12177832
7,39,12580521
7,40,12362182
7,41,12611899
7,42,12322073
7,43,12583686
7,44,12205928
7,45,12508194
7,46,12350143
7,47,12986287
7,48,12144505
7,49,12660364
7,50,12742843
7,51,12782001
7,52,12236695
7,53,12671029
7,54,12298434
7,55,12633958
7,56,12526679
7,57,11860333
7,58,12115621
7,59,12830836
7,60,11946559
7,61,12173470
7,62,12138931
7,63,12704875
7,64,12374254
7,65,12749047
7,66,12878352
7,67,12884993
7,68,11742883
7,69,12637388
7,70,12292606
7,71,12615431
7,72,12628385
7,73,12248035
7,74,12256712
7,75,12797313
7,76,12400141
7,77,36322
7,78,12434496
7,79,12591857
7,80,12372419
7,81,12734310
7,82,12468141
7,83,12541358
7,84,12312450
7,85,12693446
7,86,12493041
7,87,12567664
7,88,12045779
7,89,12734038
7,90,12383532
7,91,12750343
7,92,12162869
7,93,12351271
7,94,12626109
7,95,14399881
7,96,11781837
7,97,12249852
7,98,13348997
7,99,13645579
7,100,12388665
7,101,12326408
7,102,12631578
7,103,13471910
7,104,13397583
7,105,12705218
7,106,12925176
7,107,13383751
7,108,12359388
7,109,12599420
7,110,13468076
7,111,12829097
7,112,12589659
7,113,12784487
7,114,12168730
7,115,12726106
7,116,12178722
7,117,12128987
7,118,12267230
7,119,12761313
7,120,11857786
7,121,12612182
7,122,12330795
7,123,12737773
7,124,12022954
7,125,12701516
7,126,12322806
7,127,13574383
7,128,12367497
7,129,12363252
7,130,12363439
7,131,13026545
7,132,12347475
7,133,12429978
7,134,12255800
7,135,13635436
7,136,12217303
7,137,12580245
7,138,12971519
7,139,12990033
7,140,12486677
7,141,12603183
7,142,12066931
7,143,12444137
7,144,12250888
7,145,12285683
7,146,46639
7,147,14322353
7,148,12121166
7,149,11950701
7,150,12077891
7,151,12704534
7,152,12040765
7,153,12292341
7,154,12223269
7,155,14395734
7,156,12682413
7,157,12040915
7,158,12289407
7,159,12388838
7,160,12544809
7,161,12345232
7,162,12697822
7,163,12904089
7,164,12878764
7,165,12311987
7,166,12202448
7,167,13023942
7,168,12471297
7,169,11902840
7,170,12003957
7,171,12376522
7,172,11693256
7,173,12525018
7,174,12063394
7,175,12550706
7,176,12277639
7,177,12159170
7,178,11723596
7,179,12162397
7,180,11671144
7,181,11878081
7,182,11971192
7,183,12792699
7,184,11559080
7,185,11933640
7,186,11878937
7,187,12485199
7,188,12140573
7,189,12093874
7,190,11705493
7,191,12107855
7,192,11610912
7,193,11715454
7,194,11808336
7,195,12470546
7,196,11759102
7,197,12278204
7,198,11987365
7,199,12627094
7,200,12281179
7,201,11599247
7,202,11848178
7,203,13530261
7,204,11983293
7,205,11954847
7,206,11741166
7,207,12296421
7,208,12076953
7,209,12261908
7,210,12033764
7,211,12227669
7,212,12020713
7,213,11780431
7,214,11978582
7,215,56687
7,216,11731388
7,217,12349321
7,218,11973219
7,219,12087816
7,220,12697049
7,221,11959079
7,222,11814216
7,223,12783060
7,224,11769341
7,225,12096878
7,226,12098502
7,227,12276082
7,228,12049828
7,229,12520468
7,230,12177508
7,231,12161989
7,232,12302323
7,233,12133085
7,234,11526606
7,235,11896303
7,236,12246496
7,237,11745509
7,238,11872582
7,239,12273146
7,240,11686876
7,241,12530946
7,242,11819532
7,243,12122845
7,244,12334181
7,245,12084232
7,246,12341441
7,247,12278975
7,248,12773946
7,249,12235616
7,250,12358152
7,251,11699644
7,252,12726510
7,253,12174133
7,254,11851926
7,255,12298773
7,256,12076817
7,257,11801642
7,258,11973914
7,259,11937515
7,260,11990074
7,261,12473490
7,262,11758058
7,263,12374514
7,264,12260230
7,265,11928846
7,266,12208758
7,267,12507737
7,268,12104419
7,269,12182069
7,270,11911113
7,271,12008773
7,272,11714541
7,273,12045436
7,274,11762265
7,275,12043747
7,276,12410423
7,277,11720807
7,278,11732248
7,279,12138099
7,280,11894039
7,281,12245477
7,282,11613536
7,283,11984915
7,284,39317
7,285,12272022
7,286,11941537
7,287,12529729
7,288,11498402
7,289,12777801
7,290,11929754
7,291,12446609
7,292,13832298
7,293,12207082
7,294,11837376
7,295,12237865
7,296,12287431
7,297,11887740
7,298,11542789
7,299,12496896
7,300,11517324
7,301,12159077
7,302,11847212
7,303,12438188
7,304,11682365
7,305,12183099
7,306,11908688
7,307,11755379
7,308,11689171
7,309,11722475
7,310,11987322
7,311,12248352
7,312,11817053
7,313,12083444
7,314,11866514
7,315,11946058
7,316,11735582
7,317,12124530
7,318,11742065
7,319,12040533
7,320,11633570
7,321,12482450
7,322,12666504
7,323,12261731
7,324,12184043
7,325,11777064
7,326,12027225
7,327,11951193
7,328,11878195
7,329,12029695
7,330,11818662
7,331,12274285
7,332,11803576
7,333,12208749
7,334,12350891
7,335,12161136
7,336,11733444
7,337,12011869
7,338,11765918
7,339,12239823
7,340,11910874
7,341,13072917
7,342,12236207
7,343,12212302
7,344,11831832
7,345,12589272
7,346,12236844
7,347,12137027
7,348,11983502
7,349,11856233
7,350,12280531
7,351,12008500
7,352,11791165
7,353,32304
7,354,11832737
7,355,12778018
7,356,11815024
7,357,12383245
7,358,12090173
7,359,12135890
7,360,12522425
7,361,12026441
7,362,11857108
7,363,12269997
7,364,11766453
7,365,12222628
7,366,11958351
7,367,12149259
7,368,11943311
7,369,12226247
7,370,12186311
7,371,13233396
7,372,12193804
7,373,12136902
7,374,11963807
7,375,19786235
7,376,11745138
7,377,13111562
7,378,13184681
7,379,17613373
7,380,22135311
7,381,12231221
7,382,12832933
7,383,24729122
7,384,12509943
7,385,13432849
7,386,20547014
7,387,14022642
7,388,12017937
7,389,13248846
7,390,30266109
7,391,18339215
7,392,14265464
7,393,13092749
7,394,35329172
7,395,21298109
7,396,12290702
7,397,17002562
7,398,26507930
7,399,13521541
7,400,12246812
7,401,17893666
7,402,19170809
7,403,14805558
7,404,12220511
7,405,19751783
7,406,15778453
7,407,15675743
7,408,12216228
7,409,14821537
7,410,29746075
7,411,13097085
7,412,17741540
7,413,14388400
7,414,12287653
7,415,12468089
7,416,21547574
7,417,12735430
7,418,12466958
7,419,12709913
7,420,26275171
7,421,13433649
7,422,49828
7,423,13091081
7,424,18919247
7,425,13669047
7,426,12370088
7,427,12521201
7,428,12301701
7,429,12868062
7,430,12550306
7,431,13150954
7,432,12081659
7,433,12598753
7,434,12214274
7,435,12905551
7,436,12138124
7,437,12130742
7,438,12294996
7,439,12169601
7,440,12582662
7,441,12384031
7,442,12205998
7,443,14162664
7,444,12064071
7,445,11924123
7,446,13880043
7,447,12200711
7,448,11915914
7,449,12155187
7,450,12391027
7,451,12384120
7,452,12114025
7,453,12109656
7,454,12512143
7,455,12163733
7,456,12082182
7,457,12123090
7,458,12404437
7,459,12204093
7,460,14066177
7,461,12200112
7,462,12029636
7,463,12738027
7,464,14478547
7,465,13708777
7,466,12092667
7,467,12117448
7,468,12597288
7,469,11905329
7,470,12457644
7,471,13547834
7,472,12288587
7,473,11983634
7,474,15049787
7,475,12407073
7,476,11960568
7,477,12048686
7,478,17063225
7,479,12136247
7,480,11774832
7,481,11832616
7,482,21624392
7,483,14050537
7,484,19274247
7,485,11846347
7,486,15586716
7,487,12310340
7,488,14562741
7,489,13913967
7,490,12125240
7,491,37809
7,492,12402921
7,493,14168660
7,494,11819252
7,495,12117752
7,496,13084120
7,497,17974156
7,498,11769045
7,499,13056117
7,500,13607314
7,501,22257400
7,502,11768776
7,503,12262711
7,504,12049839
7,505,12035783
7,506,12280314
7,507,11970713
7,508,11830900
7,509,11741092
7,510,12134814
7,511,13046213
7,512,12013732
7,513,11963271
7,514,12447591
7,515,12377093
7,516,11866904
7,517,11748229
7,518,13516274
7,519,13165371
7,520,11826280
7,521,11712775
7,522,12468706
7,523,12231694
7,524,11888917
7,525,12173922
7,526,12357352
7,527,12375619
7,528,12025435
7,529,12017671
7,530,11978908
7,531,12892402
7,532,11808237
7,533,12009944
7,534,11981998
7,535,13020476
7,536,12034494
7,537,12099197
7,538,13815142
7,539,12315518
7,540,11913109
7,541,11946101
7,542,15220350
7,543,12014429
7,544,11856100
7,545,11876973
7,546,12050476
7,547,12517223
7,548,11854840
7,549,11988408
7,550,11654305
7,551,12488610
7,552,12289380
7,553,11930924
7,554,13040464
7,555,12507973
7,556,11938946
7,557,12190244
7,558,12357023
7,559,12005733
7,560,28910
7,561,12075047
7,562,12101447
7,563,13242697
7,564,12493768
7,565,12591934
7,566,12304715
7,567,12310689
7,568,12384448
7,569,12166614
7,570,12339741
7,571,12013102
7,572,12082652
7,573,12165626
7,574,11742438
7,575,12912103
7,576,11824289
7,577,12285828
7,578,12031101
7,579,12155853
7,580,12059215
7,581,12018554
7,582,12056467
7,583,13074008
7,584,11828192
7,585,11828223
7,586,12315249
7,587,12216463
7,588,11907463
7,589,12254249
7,590,12414218
7,591,12192293
7,592,11798870
7,593,12187810
7,594,12175946
7,595,12261057
7,596,11862693
7,597,12057310
7,598,12104463
7,599,12225793
7,600,11500862
7,601,12145939
7,602,12918724
7,603,12147749
7,604,12396861
7,605,11884804
7,606,12401320
7,607,12145695
7,608,11878301
7,609,12386115
7,610,12768007
7,611,12428213
7,612,12723766
7,613,12110532
7,614,12457428
7,615,12475361
7,616,12130460
7,617,12180519
7,618,12677818
7,619,13410597
7,620,12003961
7,621,12459171
7,622,12854877
7,623,12287511
7,624,11977620
7,625,12387744
7,626,13037614
7,627,12510169
7,628,16095993
7,629,50026
7,630,12726090
7,631,12141162
7,632,12266328
7,633,12280940
7,634,12354442
7,635,12012185
7,636,16640224
7,637,12263299
7,638,12224032
7,639,11660371
7,640,12118329
7,641,12719281
7,642,12988790
7,643,12921004
7,644,12309111
7,645,11972580
7,646,11920663
7,647,12325985
7,648,11825651
7,649,11963379
7,650,11974035
7,651,12067022
7,652,12035519
7,653,11956791
7,654,13103054
7,655,11901843
7,656,12089549
7,657,11772728
7,658,12219668
7,659,11911656
7,660,11584139
7,661,12384503
7,662,11921968
7,663,12164107
7,664,11745838
7,665,12158390
7,666,12537053
7,667,11982253
7,668,11977436
7,669,12489355
7,670,12092892
7,671,12253313
7,672,11929423
7,673,11981534
7,674,11846210
7,675,11334583
7,676,12062574
7,677,11910422
7,678,11533872
7,679,11484800
7,680,12441303
7,681,11782256
7,682,11653858
7,683,11295717
7,684,11953265
7,685,12040411
7,686,12063178
7,687,11275348
7,688,11897807
7,689,12058695
8,0,12648216
8,1,19445989
8,2,12768166
8,3,18628627
8,4,12253541
8,5,12630984
8,6,12350197
8,7,12086673
8,8,40295
8,9,12529506
8,10,13066024
8,11,11904234
8,12,12186786
8,13,12122281
8,14,12086996
8,15,11674515
8,16,11942945
8,17,12264687
8,18,12552080
8,19,11861844
8,20,11851825
8,21,12179751
8,22,12078969
8,23,11735133
8,24,12164983
8,25,12377445
8,26,12211070
8,27,11931606
8,28,11869652
8,29,12209829
8,30,12550335
8,31,11738654
8,32,12042359
8,33,13974381
8,34,12018045
8,35,12299344
8,36,11684871
8,37,14036092
8,38,12248236
8,39,12212319
8,40,11942816
8,41,20868853
8,42,15044784
8,43,12126471
8,44,13090113
8,45,20950780
8,46,12333832
8,47,12025585
8,48,12019515
8,49,20460197
8,50,12659248
8,51,11847966
8,52,11990878
8,53,20279541
8,54,17270841
8,55,12364977
8,56,12445290
8,57,18155892
8,58,13042076
8,59,12030157
8,60,14097388
8,61,12662962
8,62,12335117
8,63,11942300
8,64,12229688
8,65,12884757
8,66,12650621
8,67,11969550
8,68,11662775
8,69,12387182
8,70,13258945
8,71,11944491
8,72,11705637
8,73,12145590
8,74,12904757
8,75,12398697
8,76,12680504
8,77,31287
8,78,11988126
8,79,12150889
8,80,12608415
8,81,12551088
8,82,13238537
8,83,12323815
8,84,12279733
8,85,12472159
8,86,12120104
8,87,12647753
8,88,12364971
8,89,12355825
8,90,12993431
8,91,11861890
8,92,12054382
8,93,12644177
8,94,12392395
8,95,12308460
8,96,12301543
8,97,12353700
8,98,12270794
8,99,12078322
8,100,12258545
8,101,12415539
8,102,12885591
8,103,12126835
8,104,12125581
8,105,12279517
8,106,12344473
8,107,12081892
8,108,12128522
8,109,12419523
8,110,11935615
8,111,12305797
8,112,12068626
8,113,12497209
8,114,12809018
8,115,11935931
8,116,12103075
8,117,12203732
8,118,12375556
8,119,11831674
8,120,12078247
8,121,12573424
8,122,13323115
8,123,11888087
8,124,11913660
8,125,13003934
8,126,11985528
8,127,12328544
8,128,13284048
8,129,12344887
8,130,12138769
8,131,11839642
8,132,11988265
8,133,12454828
8,134,12279632
8,135,11877321
8,136,11703332
8,137,12417894
8,138,12648342
8,139,12070082
8,140,11992493
8,141,12449072
8,142,11783303
8,143,11890259
8,144,11921504
8,145,12363921
8,146,32865
8,147,12273719
8,148,11835525
8,149,12153865
8,150,12066854
8,151,12360663
8,152,11947186
8,153,12122861
8,154,12057216
8,155,12040693
8,156,12020076
8,157,12031251
8,158,12085350
8,159,12127140
8,160,11883880
8,161,12491539
8,162,12010640
8,163,12137771
8,164,12828487
8,165,12456568
8,166,11868505
8,167,12116635
8,168,11679823
8,169,12348958
8,170,12021818
8,171,12377358
8,172,12397391
8,173,11930535
8,174,12409988
8,175,11857450
8,176,11994490
8,177,12196102
8,178,12286362
8,179,12445469
8,180,12204698
8,181,12232705
8,182,12288137
8,183,13361912
8,184,12483453
8,185,12346856
8,186,12320330
8,187,12382705
8,188,11762504
8,189,12375766
8,190,12123049
8,191,12794626
8,192,11988133
8,193,12175911
8,194,12259419
8,195,12386055
8,196,11970146
8,197,12119400
8,198,12074801
8,199,11948184
8,200,12120127
8,201,16415261
8,202,13064123
8,203,12688767
8,204,11892709
8,205,12179728
8,206,12725778
8,207,12424681
8,208,12722817
8,209,12367781
8,210,12333193
8,211,12307438
8,212,12036475
8,213,12176562
8,214,12700241
8,215,42866
8,216,12083586
8,217,12183371
8,218,12391693
8,219,12045544
8,220,12430213
8,221,12343195
8,222,12412699
8,223,12091758
8,224,11738204
8,225,12092148
8,226,11915397
8,227,11890847
8,228,11930482
8,229,12208039
8,230,12053561
8,231,12466816
8,232,11994871
8,233,12236739
8,234,12204537
8,235,11714097
8,236,11912540
8,237,12328768
8,238,12393976
8,239,12966005
8,240,11930318
8,241,12239807
8,242,11919746
8,243,11883212
8,244,11996361
8,245,12889133
8,246,12035194
8,247,11681098
8,248,11699849
8,249,12382522
8,250,12571905
8,251,12602746
8,252,11998861
8,253,12284251
8,254,11836801
8,255,12795044
8,256,12290637
8,257,12678297
8,258,12324555
8,259,12088704
8,260,12145321
8,261,12308167
8,262,12331339
8,263,12654322
8,264,11841965
8,265,12600374
8,266,12275891
8,267,12888070
8,268,12456426
8,269,12635509
8,270,12313745
8,271,12015219
8,272,11942837
8,273,12569064
8,274,12433261
8,275,12431073
8,276,12254369
8,277,12588419
8,278,12157593
8,279,11948467
8,280,11765532
8,281,12327873
8,282,12608743
8,283,12124674
8,284,29610
8,285,12498645
8,286,12406699
8,287,13271371
8,288,11791561
8,289,12869359
8,290,12102575
8,291,12127838
8,292,12152825
8,293,12007517
8,294,12992693
8,295,12036611
8,296,12033896
8,297,11941617
8,298,11979968
8,299,12319224
8,300,12003268
8,301,12923020
8,302,12247591
8,303,11835382
8,304,12163182
8,305,12098160
8,306,12421701
8,307,11920625
8,308,11822315
8,309,12768162
8,310,12039000
8,311,12163025
8,312,12141423
8,313,12152058
8,314,12315671
8,315,11827063
8,316,12103970
8,317,12175662
8,318,11965953
8,319,11901407
8,320,11993339
8,321,12831519
8,322,12043397
8,323,11803062
8,324,11522762
8,325,12304866
8,326,11933003
8,327,11695569
8,328,11542713
8,329,12166086
8,330,11822383
8,331,12072003
8,332,11709190
8,333,12427566
8,334,12000194
8,335,11786362
8,336,11978107
8,337,12373652
8,338,12365448
8,339,12302787
8,340,11658881
8,341,12440008
8,342,11970392
8,343,11899594
8,344,11866941
8,345,12334413
8,346,12132853
8,347,12138467
8,348,12039000
8,349,12250268
8,350,12112303
8,351,11836016
8,352,11777089
8,353,31880
8,354,11952160
8,355,12383698
8,356,12102616
8,357,12428595
8,358,11953533
8,359,11987542
8,360,12054907
8,361,12253019
8,362,12201613
8,363,11836907
8,364,11977392
8,365,12082375
8,366,12386548
8,367,12671263
8,368,11825212
8,369,12280084
8,370,12546311
8,371,12195315
8,372,12145128
8,373,12468378
8,374,12043443
8,375,12650993
8,376,12067877
8,377,12308485
8,378,11994886
8,379,11869715
8,380,11960309
8,381,12713832
8,382,12362628
8,383,11879504
8,384,12044606
8,385,12326468
8,386,12685351
8,387,13136808
8,388,11990514
8,389,12356003
8,390,12186759
8,391,11753351
8,392,12021184
8,393,12282256
8,394,12053324
8,395,11873772
8,396,11951004
8,397,12188623
8,398,12359913
8,399,12906628
8,400,11911035
8,401,12791108
8,402,12060207
8,403,11714715
8,404,12579442
8,405,12441508
8,406,12541916
8,407,12550425
8,408,11935919
8,409,12739901
8,410,12104917
8,411,11905470
8,412,11978494
8,413,12577925
8,414,12575766
8,415,12024889
8,416,11984080
8,417,12617194
8,418,12731455
8,419,12769108
8,420,11934046
8,421,12476000
8,422,47235
8,423,12172543
8,424,11929309
8,425,12240132
8,426,12970642
8,427,12235006
8,428,12197574
8,429,12388327
8,430,12583590
8,431,12963088
8,432,12141530
8,433,12549332
8,434,12705037
8,435,12398391
8,436,12293966
8,437,12557776
8,438,13303651
8,439,13422672
8,440,12116738
8,441,12376552
8,442,12472654
8,443,12166575
8,444,12120828
8,445,12866757
8,446,12259986
8,447,12268492
8,448,11977210
8,449,12320654
8,450,12493822
8,451,13123908
8,452,12066290
8,453,12647458
8,454,12399780
8,455,12840510
8,456,12259097
8,457,12281144
8,458,12791294
8,459,12435456
8,460,12441004
8,461,12395520
8,462,12586517
8,463,12734023
8,464,12245596
8,465,12697639
8,466,12391668
8,467,12693506
8,468,12491801
8,469,12633416
8,470,13410323
8,471,12406755
8,472,12302037
8,473,12611317
8,474,12274337
8,475,11888008
8,476,12422275
8,477,12234829
8,478,12264501
8,479,12072348
8,480,12617991
8,481,12438265
8,482,12845532
8,483,12040945
8,484,12164458
8,485,12594325
8,486,12395486
8,487,12542713
8,488,11969917
8,489,12478790
8,490,12819363
8,491,48283
8,492,12400013
8,493,12141409
8,494,12068030
8,495,12120457
8,496,12356907
8,497,12469142
8,498,12029061
8,499,12288629
8,500,12258038
8,501,12227589
8,502,12195069
8,503,12064298
8,504,12372047
8,505,12203872
8,506,12675885
8,507,12197662
8,508,12187044
8,509,12310617
8,510,12174002
8,511,12951656
8,512,12384238
8,513,12237785
8,514,12059442
8,515,12078059
8,516,12235091
8,517,12334161
8,518,12109192
8,519,12658483
8,520,12045029
8,521,12131840
8,522,12182355
8,523,11833065
8,524,12058342
8,525,12126271
8,526,12837091
8,527,11948787
8,528,11753218
8,529,12361495
8,530,12302004
8,531,12308181
8,532,11862550
8,533,12144867
8,534,12668348
8,535,12359657
8,536,12027966
8,537,12298459
8,538,12653109
8,539,12621360
8,540,11870986
8,541,11993094
8,542,12023038
8,543,11990594
8,544,11876776
8,545,12171181
8,546,12125096
8,547,11802450
8,548,11873639
8,549,18824987
8,550,12010700
8,551,12668079
8,552,11800667
8,553,15675592
8,554,12037231
8,555,11803055
8,556,12697505
8,557,12406415
8,558,11912638
8,559,11847993
8,560,35634
8,561,12511117
8,562,12409686
8,563,12693432
8,564,11736141
8,565,12540889
8,566,18686029
8,567,11935840
8,568,11709341
8,569,12339221
8,570,13611087
8,571,15448132
8,572,11711086
8,573,12096766
8,574,14561815
8,575,13633826
8,576,12034900
8,577,12013293
8,578,12734512
8,579,11712753
8,580,14140858
8,581,12310507
8,582,12392805
8,583,12485658
8,584,14585867
8,585,12320825
8,586,12159935
8,587,12677898
8,588,16378787
8,589,12179988
8,590,12045692
8,591,11849813
8,592,12157072
8,593,12145030
8,594,11850707
8,595,12814723
8,596,11801466
8,597,12144928
8,598,12519307
8,599,11724477
8,600,12086817
8,601,12332157
8,602,12321550
8,603,12050374
8,604,12157981
8,605,12243838
8,606,12157207
8,607,12728899
8,608,11945590
8,609,12042488
8,610,12061361
8,611,12087444
8,612,11791584
8,613,12416636
8,614,12112327
8,615,11968885
8,616,11970526
8,617,12161416
8,618,12155414
8,619,12784434
8,620,11891836
8,621,12174229
8,622,12323713
8,623,11827378
8,624,11699149
8,625,12047411
8,626,12167894
8,627,12868416
8,628,11946999
8,629,47469
8,630,12496297
8,631,11954467
8,632,11839063
8,633,12196047
8,634,12090570
8,635,12485821
8,636,12183292
8,637,12279512
8,638,12464503
8,639,12834836
8,640,11941370
8,641,12095325
8,642,12700946
8,643,12062358
8,644,12287429
8,645,12097871
8,646,12158804
8,647,11990213
8,648,12169214
8,649,12325854
8,650,12881713
8,651,12002192
8,652,11630452
8,653,12192532
8,654,11891340
8,655,11770176
8,656,11695849
8,657,12146318
8,658,12001348
8,659,11952773
8,660,12293027
8,661,11695939
8,662,12067688
8,663,12116114
8,664,11907901
8,665,11966495
8,666,12279461
8,667,11861889
8,668,11863622
8,669,11657594
8,670,11890183
8,671,12645022
8,672,12249258
8,673,11933154
8,674,11612070
8,675,11900331
8,676,12080602
8,677,11553867
8,678,12075624
8,679,11806593
8,680,12005788
8,681,11599515
8,682,11912767
8,683,12961639
8,684,11907961
8,685,11818917
8,686,11862895
8,687,12385803
8,688,11757412
8,689,11596241
9,0,18325622
9,1,12873697
9,2,13260782
9,3,16167462
9,4,12489046
9,5,12386207
9,6,12106155
9,7,12992556
9,8,45846
9,9,14686650
9,10,12127283
9,11,14048254
9,12,12144815
9,13,12246311
9,14,12545346
9,15,12201029
9,16,12787240
9,17,12071476
9,18,11756736
9,19,12085560
9,20,12125414
9,21,12215838
9,22,12174283
9,23,12440728
9,24,13339267
9,25,12640879
9,26,12116585
9,27,12308675
9,28,12247943
9,29,12162940
9,30,11923449
9,31,12031869
9,32,11989789
9,33,12072832
9,34,11657682
9,35,12281487
9,36,12738462
9,37,12081424
9,38,11765197
9,39,12244295
9,40,12011989
9,41,12066681
9,42,11951153
9,43,12485313
9,44,12064685
9,45,12889599
9,46,12511444
9,47,11925835
9,48,12462517
9,49,12268093
9,50,12077750
9,51,11937484
9,52,12153273
9,53,12267840
9,54,11753873
9,55,12308139
9,56,12094877
9,57,12466155
9,58,13109642
9,59,11718738
9,60,11933911
9,61,12713449
9,62,11647207
9,63,11812048
9,64,11783507
9,65,12327998
9,66,11971491
9,67,12570817
9,68,12078165
9,69,12218009
9,70,12424740
9,71,12716728
9,72,12161410
9,73,12133085
9,74,12157153
9,75,12045761
9,76,12347878
9,77,39083
9,78,11902886
9,79,12478598
9,80,12222363
9,81,12392257
9,82,12508933
9,83,12256222
9,84,12170101
9,85,12228776
9,86,11668496
9,87,12765594
9,88,12192138
9,89,12190515
9,90,11829044
9,91,12336562
9,92,15026225
9,93,13337443
9,94,17419777
9,95,12407049
9,96,12261714
9,97,12271352
9,98,11923214
9,99,12869134
9,100,12338434
9,101,12704480
9,102,12111788
9,103,12541101
9,104,12420576
9,105,12806753
9,106,12488491
9,107,12548154
9,108,12719970
9,109,12968441
9,110,12195626
9,111,13050145
9,112,12690887
9,113,12733817
9,114,12123218
9,115,12783380
9,116,12617055
9,117,12609162
9,118,12220163
9,119,13538524
9,120,12474048
9,121,12635596
9,122,12286453
9,123,12366648
9,124,12554341
9,125,12977527
9,126,14266214
9,127,12295328
9,128,12202244
9,129,12960042
9,130,11998142
9,131,13212091
9,132,12463327
9,133,12326667
9,134,11836920
9,135,11960752
9,136,12030251
9,137,11949859
9,138,11886601
9,139,12178010
9,140,11987712
9,141,12082728
9,142,11892027
9,143,12847831
9,144,12488664
9,145,12407564
9,146,31757
9,147,12390354
9,148,12129538
9,149,12084978
9,150,11890074
9,151,12962273
9,152,12635605
9,153,12103643
9,154,11921816
9,155,12079676
9,156,12153015
9,157,12390359
9,158,11796032
9,159,11963368
9,160,12210109
9,161,12068378
9,162,11704678
9,163,13031721
9,164,12089772
9,165,12048865
9,166,11682524
9,167,12715593
9,168,12359367
9,169,11847222
9,170,11722648
9,171,12158989
9,172,12123792
9,173,12566341
9,174,12246644
9,175,12544795
9,176,12116523
9,177,12111373
9,178,12364223
9,179,11937017
9,180,12002249
9,181,12350649
9,182,11826953
9,183,13042715
9,184,12093594
9,185,12041026
9,186,11568437
9,187,12038674
9,188,12429750
9,189,12439486
9,190,11673972
9,191,11898536
9,192,11858242
9,193,12053068
9,194,11826672
9,195,12467781
9,196,12146308
9,197,12054571
9,198,11942544
9,199,12150001
9,200,12754925
9,201,12083366
9,202,11841273
9,203,12414817
9,204,12031021
9,205,11877135
9,206,11789433
9,207,12349623
9,208,12713743
9,209,12323146
9,210,12064697
9,211,11836581
9,212,12438772
9,213,11937437
9,214,12077079
9,215,39648
9,216,12137799
9,217,11908122
9,218,11851619
9,219,13120529
9,220,12703604
9,221,12291836
9,222,11753256
9,223,12063610
9,224,12042877
9,225,12562124
9,226,12216478
9,227,11921553
9,228,11835582
9,229,11986489
9,230,11814483
9,231,12164800
9,232,12660966
9,233,12031067
9,234,11694829
9,235,12179434
9,236,12163534
9,237,12023056
9,238,11678871
9,239,12064970
9,240,12613115
9,241,11913935
9,242,12100138
9,243,12258841
9,244,11940132
9,245,12005770
9,246,11745083
9,247,12169937
9,248,12182533
9,249,12064986
9,250,11573479
9,251,12023747
9,252,13290399
9,253,12039621
9,254,11664968
9,255,12655377
9,256,12549476
9,257,12942925
9,258,11941921
9,259,12520765
9,260,12300682
9,261,12293753
9,262,11738294
9,263,12681273
9,264,12611893
9,265,12438213
9,266,12461857
9,267,12530943
9,268,12528895
9,269,12522504
9,270,12527810
9,271,12694262
9,272,12313470
9,273,12194471
9,274,12251250
9,275,12835261
9,276,12361320
9,277,12079896
9,278,12295989
9,279,12165614
9,280,12178934
9,281,12112289
9,282,12240900
9,283,12584901
9,284,38247
9,285,12345480
9,286,11830833
9,287,12558696
9,288,12263052
9,289,12682790
9,290,11929552
9,291,12115220
9,292,12266562
9,293,12306762
9,294,12591563
9,295,12320111
9,296,12158369
9,297,12101815
9,298,11936346
9,299,12507202
9,300,12704484
9,301,12232805
9,302,11803343
9,303,12107607
9,304,12346566
9,305,12489919
9,306,12872342
9,307,12724611
9,308,12357990
9,309,12177838
9,310,11986684
9,311,12299417
9,312,12389054
9,313,13116005
9,314,12572076
9,315,12608505
9,316,12949562
9,317,22740398
9,318,11850028
9,319,13444439
9,320,12561952
9,321,12657435
9,322,12126263
9,323,12590733
9,324,12894732
9,325,12371128
9,326,12320484
9,327,13134803
9,328,12488416
9,329,12212486
9,330,12033955
9,331,12243836
9,332,12239067
9,333,12352340
9,334,12179572
9,335,12707959
9,336,12032027
9,337,12243122
9,338,12093732
9,339,13466775
9,340,12261071
9,341,12173912
9,342,12501799
9,343,12068774
9,344,12390787
9,345,12096426
9,346,12168613
9,347,14837241
9,348,12018493
9,349,13761021
9,350,11781090
9,351,12363780
9,352,13178341
9,353,42999
9,354,11661655
9,355,12094624
9,356,12271263
9,357,11934274
9,358,13424187
9,359,12779765
9,360,12045370
9,361,12132148
9,362,11967327
9,363,12288124
9,364,12297166
9,365,12220876
9,366,11883630
9,367,12708597
9,368,12099510
9,369,12175460
9,370,11708632
9,371,13107582
9,372,12145945
9,373,12128731
9,374,11807461
9,375,12403378
9,376,12485311
9,377,12242509
9,378,11938687
9,379,12909029
9,380,12300628
9,381,12099950
9,382,11956947
9,383,12319345
9,384,12200120
9,385,12188874
9,386,11733408
9,387,12127612
9,388,12038264
9,389,12335541
9,390,11801626
9,391,12971298
9,392,12244934
9,393,12078270
9,394,11746427
9,395,12506372
9,396,12626900
9,397,12009260
9,398,11706205
9,399,12401154
9,400,12307536
9,401,12036381
9,402,11720090
9,403,12313868
9,404,12102836
9,405,12166165
9,406,11920369
9,407,12340600
9,408,12855044
9,409,12158881
9,410,11855849
9,411,12169376
9,412,12138719
9,413,11953308
9,414,11896217
9,415,12904222
9,416,11939363
9,417,12129895
9,418,12034361
9,419,12130412
9,420,12984817
9,421,12268123
9,422,27138
9,423,12426280
9,424,12359920
9,425,12668015
9,426,11661405
9,427,12287467
9,428,12994139
9,429,12070208
9,430,12011565
9,431,12192247
9,432,12581247
9,433,12439465
9,434,12221246
9,435,12592068
9,436,12358846
9,437,12194942
9,438,12036715
9,439,12166088
9,440,13176475
9,441,12308511
9,442,11797984
9,443,12827279
9,444,12424325
9,445,12923746
9,446,12134857
9,447,12941491
9,448,12836211
9,449,12525456
9,450,12003821
9,451,12590426
9,452,12880192
9,453,12925138
9,454,11900373
9,455,12812258
9,456,13319380
9,457,12573395
9,458,12165605
9,459,12457974
9,460,13380633
9,461,12646991
9,462,12948881
9,463,13113979
9,464,12876762
9,465,12368016
9,466,12635111
9,467,12517822
9,468,12901985
9,469,12397145
9,470,12496889
9,471,12653453
9,472,12615007
9,473,12690292
9,474,13032970
9,475,12544561
9,476,12717266
9,477,12613549
9,478,12271107
9,479,12248980
9,480,13031958
9,481,12608231
9,482,12379733
9,483,12476108
9,484,12480742
9,485,12851142
9,486,13015217
9,487,12567135
9,488,12331481
9,489,12501204
9,490,12377292
9,491,74666
9,492,12596637
9,493,12533500
9,494,13345096
9,495,12525103
9,496,12523435
9,497,12593345
9,498,12354614
9,499,12656326
9,500,13216088
9,501,12671641
9,502,12406920
9,503,18337943
9,504,14533595
9,505,18659574
9,506,12700570
9,507,12415806
9,508,12482799
9,509,12611346
9,510,12224224
9,511,12746858
9,512,12561767
9,513,13152710
9,514,13058678
9,515,12369507
9,516,12729966
9,517,12453081
9,518,13061167
9,519,12679769
9,520,12553169
9,521,12850889
9,522,12158173
9,523,12151196
9,524,13350767
9,525,12509054
9,526,12958197
9,527,13213065
9,528,12392562
9,529,13908612
9,530,12512504
9,531,16086549
9,532,13343082
9,533,12366139
9,534,12304064
9,535,12275526
9,536,12639575
9,537,12407482
9,538,12095180
9,539,12386267
9,540,12478471
9,541,12509623
9,542,11995673
9,543,12857687
9,544,13222640
9,545,12756715
9,546,12223029
9,547,12761198
9,548,12742223
9,549,12790869
9,550,12080959
9,551,12355231
9,552,12639580
9,553,12842354
9,554,11950322
9,555,12106430
9,556,12038085
9,557,12672800
9,558,12283912
9,559,12282807
9,560,39983
9,561,12924695
9,562,12148807
9,563,12464951
9,564,12157640
9,565,13012206
9,566,12313514
9,567,12535805
9,568,13075445
9,569,12461184
9,570,12363412
9,571,12433420
9,572,12227345
9,573,12742421
9,574,12432882
9,575,12986769
9,576,12216329
9,577,12784529
9,578,12856229
9,579,12350834
9,580,12841065
9,581,12447655
9,582,12505978
9,583,12341193
9,584,12272133
9,585,12348625
9,586,12474680
9,587,12097584
9,588,12462503
9,589,12569878
9,590,12724527
9,591,12315525
9,592,11995161
9,593,12587595
9,594,12695476
9,595,12587261
9,596,12015278
9,597,12785836
9,598,12561125
9,599,12270539
9,600,12984235
9,601,12419821
9,602,12146461
9,603,12825833
9,604,12142506
9,605,12795391
9,606,12485370
9,607,13139119
9,608,12145859
9,609,12761531
9,610,12490446
9,611,12398399
9,612,12696276
9,613,12335175
9,614,12484742
9,615,12560009
9,616,12001475
9,617,12350609
9,618,12578352
9,619,12796877
9,620,12029999
9,621,12442953
9,622,12848438
9,623,12483553
9,624,12854554
9,625,13448104
9,626,12808800
9,627,13030032
9,628,15969285
9,629,44203
9,630,12385407
9,631,12766902
9,632,13319894
9,633,12549522
9,634,12499308
9,635,12876046
9,636,12415613
9,637,12878214
9,638,12549494
9,639,12713584
9,640,12256858
9,641,12466444
9,642,12550683
9,643,12548866
9,644,12310369
9,645,12413709
9,646,12655262
9,647,12883525
9,648,12630305
9,649,12710046
9,650,12727515
9,651,12822177
9,652,14209529
9,653,12651486
9,654,13342680
9,655,12759083
9,656,12620017
9,657,12909487
9,658,12750497
9,659,12427205
9,660,12251242
9,661,13059734
9,662,12704240
9,663,12202361
9,664,12439406
9,665,12645097
9,666,13254708
9,667,12089040
9,668,12388431
9,669,12518003
9,670,12634823
9,671,12435881
9,672,11880507
9,673,12863879
9,674,12739189
9,675,12125947
9,676,11949754
9,677,12271111
9,678,13274365
9,679,11981041
9,680,11846711
9,681,11941605
9,682,12352907
9,683,11966478
9,684,11635776
9,685,12171748
9,686,13014543
9,687,11742428
9,688,11791183
9,689,12313899
